Order_ID,Order_Date,Ship_Date,Customer_ID,Customer_Name,Segment,Region,City,Category,Sub_Category,Product_Name,Quantity,Base_Price,Discount,Sales,Profit,Profit_Margin_Pct,Ship_Mode,Payment_Mode,Rating
ORD-20241722,2024-01-01,2024-01-04,CUST-1139,Alex Wilson,Consumer,Central,Nashville,Technology,Phones,Google Pixel 8,2,699,0.1,1258.2,236.08,18.76,Standard Class,Debit Card,5
ORD-20241319,2024-01-02,2024-01-07,CUST-1104,Rohan Davis,Consumer,Central,Indianapolis,Office Supplies,Binders & Organizers,Cable Management Tray Kit,1,25,0.0,25.0,8.05,32.2,First Class,UPI / Instant Transfer,5
ORD-20241630,2024-01-02,2024-01-04,CUST-1219,Priya Mehta,Corporate,West,San Francisco,Furniture,Desks,Motorized Standing Desk 60x30,1,549,0.05,521.55,41.2,7.9,Standard Class,Debit Card,5
ORD-20240034,2024-01-02,2024-01-05,CUST-1139,Alex Wilson,Consumer,West,Denver,Technology,Laptops,Lenovo ThinkPad X1,2,1299,0.05,2468.1,607.14,24.6,Second Class,Credit Card,5
ORD-20240642,2024-01-02,2024-01-06,CUST-1247,Olivia Smith,Consumer,Central,St. Louis,Office Supplies,Stationery,Parker Fountain Pen Set,1,65,0.2,52.0,12.7,24.42,Second Class,Debit Card,5
ORD-20241448,2024-01-03,2024-01-05,CUST-1045,Arjun Patel,Consumer,West,Los Angeles,Technology,Phones,Google Pixel 8,1,699,0.2,559.2,55.73,9.97,Standard Class,Credit Card,5
ORD-20241664,2024-01-03,2024-01-06,CUST-1111,Rahul Singh,Consumer,North,Minneapolis,Office Supplies,Stationery,Parker Fountain Pen Set,1,65,0.0,65.0,25.37,39.03,Standard Class,Credit Card,5
ORD-20241370,2024-01-04,2024-01-08,CUST-1175,Priya Singh,Corporate,South,Houston,Furniture,Storage,3-Drawer Mobile Filing Cabinet,4,149,0.1,536.4,32.46,6.05,Standard Class,Debit Card,3
ORD-20240144,2024-01-04,2024-01-07,CUST-1149,Priya Taylor,Consumer,North,New York,Furniture,Storage,Steel Storage Credenza,1,279,0.3,195.3,-46.93,-24.03,First Class,Debit Card,5
ORD-20240712,2024-01-05,2024-01-06,CUST-1129,Emily Miller,Consumer,East,Pittsburgh,Furniture,Lighting,Ambient Floor Standing Lamp,8,119,0.0,952.0,201.71,21.19,First Class,Net Banking,4
ORD-20240275,2024-01-05,2024-01-08,CUST-1054,Alex Williams,Home Office,South,Austin,Technology,Smart Watches,Apple Watch Series 9,1,399,0.05,379.05,94.0,24.8,Standard Class,UPI / Instant Transfer,5
ORD-20240646,2024-01-05,2024-01-09,CUST-1173,Kavita Singh,Consumer,South,Houston,Office Supplies,Packaging Supplies,Heavy Duty Packing Tape 6-Pack,2,21,0.15,35.7,7.15,20.03,Standard Class,Debit Card,5
ORD-20240904,2024-01-06,2024-01-09,CUST-1105,Pooja Mehta,Home Office,Central,Nashville,Technology,Accessories,Logitech MX Master 3S Mouse,2,99,0.25,148.5,-1.83,-1.23,Second Class,UPI / Instant Transfer,5
ORD-20240094,2024-01-06,2024-01-10,CUST-1005,Rohan Taylor,Consumer,East,Washington D.C.,Technology,Smart Watches,Apple Watch Series 9,3,399,0.0,1197.0,397.07,33.17,Second Class,Credit Card,5
ORD-20241555,2024-01-06,2024-01-07,CUST-1125,Priya Verma,Consumer,Central,Nashville,Technology,Laptops,Lenovo ThinkPad X1,3,1299,0.0,3897.0,1284.31,32.96,Standard Class,Debit Card,5
ORD-20240069,2024-01-07,2024-01-09,CUST-1037,Olivia Deshmukh,Consumer,Central,Columbus,Technology,Laptops,MacBook Air M2,1,1199,0.05,1139.05,292.04,25.64,First Class,Credit Card,5
ORD-20241697,2024-01-09,2024-01-11,CUST-1150,Pooja Taylor,Consumer,North,Minneapolis,Furniture,Storage,Steel Storage Credenza,2,279,0.0,558.0,68.08,12.2,First Class,UPI / Instant Transfer,4
ORD-20240880,2024-01-09,2024-01-12,CUST-1176,Sophia Gupta,Consumer,South,Houston,Office Supplies,Stationery,Sharpie Highlighters Box,5,16,0.1,72.0,17.37,24.13,Second Class,Credit Card,5
ORD-20241152,2024-01-09,2024-01-13,CUST-1223,Jessica Johnson,Consumer,North,Boston,Technology,Accessories,Keychron K2 Mechanical Keyboard,1,89,0.0,89.0,28.31,31.81,Standard Class,Debit Card,4
ORD-20240191,2024-01-10,2024-01-13,CUST-1050,Arjun Gupta,Consumer,West,Phoenix,Office Supplies,Packaging Supplies,Heavy Duty Packing Tape 6-Pack,2,21,0.05,39.9,9.74,24.41,Standard Class,Debit Card,5
ORD-20240735,2024-01-10,2024-01-13,CUST-1118,Pooja Chopra,Consumer,East,Washington D.C.,Furniture,Desks,L-Shaped Corner Workstation,2,329,0.0,658.0,163.83,24.9,Second Class,Cash on Delivery,4
ORD-20241047,2024-01-10,2024-01-13,CUST-1221,Arjun Verma,Corporate,North,Detroit,Office Supplies,Stationery,Sharpie Highlighters Box,10,16,0.3,112.0,15.94,14.23,Standard Class,Credit Card,5
ORD-20240784,2024-01-10,2024-01-14,CUST-1203,Jessica Sharma,Consumer,Central,Columbus,Office Supplies,Binders & Organizers,Desktop Acrylic Organizer,4,34,0.0,136.0,53.9,39.63,Same Day,Credit Card,5
ORD-20240019,2024-01-11,2024-01-14,CUST-1049,James Gupta,Corporate,North,Chicago,Office Supplies,Packaging Supplies,Heavy Duty Packing Tape 6-Pack,2,21,0.05,39.9,10.82,27.12,Standard Class,UPI / Instant Transfer,5
ORD-20241161,2024-01-11,2024-01-14,CUST-1005,Rohan Taylor,Consumer,East,Pittsburgh,Technology,Smart Watches,Samsung Galaxy Watch 6,1,299,0.1,269.1,62.63,23.27,First Class,Credit Card,5
ORD-20241582,2024-01-12,2024-01-13,CUST-1055,Sarah Reddy,Corporate,West,Seattle,Furniture,Desks,L-Shaped Corner Workstation,1,329,0.05,312.55,71.37,22.83,Standard Class,Credit Card,5
ORD-20240716,2024-01-13,2024-01-15,CUST-1024,Priya Williams,Consumer,West,Denver,Office Supplies,Paper & Notebooks,Spiral Dot Grid Notebook Pack,4,19,0.2,60.8,16.48,27.11,Second Class,Credit Card,5
ORD-20241369,2024-01-14,2024-01-16,CUST-1097,Michael Sharma,Corporate,East,Pittsburgh,Office Supplies,Packaging Supplies,Heavy Duty Packing Tape 6-Pack,12,21,0.0,252.0,76.87,30.5,Same Day,Credit Card,5
ORD-20240544,2024-01-14,2024-01-19,CUST-1126,Sophia Sharma,Consumer,North,Detroit,Furniture,Chairs,Ergonomic Mesh Office Chair,1,249,0.05,236.55,35.78,15.13,Second Class,Credit Card,5
ORD-20241423,2024-01-17,2024-01-20,CUST-1194,Jessica Gupta,Corporate,West,Seattle,Furniture,Desks,Motorized Standing Desk 60x30,4,549,0.2,1756.8,-133.73,-7.61,First Class,Credit Card,4
ORD-20240097,2024-01-17,2024-01-20,CUST-1018,Michael Singh,Corporate,East,Washington D.C.,Office Supplies,Paper & Notebooks,Spiral Dot Grid Notebook Pack,3,19,0.0,57.0,19.43,34.09,Same Day,Credit Card,4
ORD-20240202,2024-01-17,2024-01-19,CUST-1220,Ananya Taylor,Home Office,South,Houston,Furniture,Chairs,Gaming Bucket Chair,1,199,0.1,179.1,35.07,19.58,Standard Class,UPI / Instant Transfer,4
ORD-20241175,2024-01-17,2024-01-20,CUST-1039,Ananya Jones,Corporate,East,Baltimore,Technology,Phones,OnePlus 12,1,649,0.25,486.75,11.42,2.35,Standard Class,Credit Card,5
ORD-20240020,2024-01-18,2024-01-19,CUST-1057,Emily Patel,Consumer,West,San Francisco,Furniture,Storage,Modular Wooden Bookshelf,2,189,0.0,378.0,45.59,12.06,Standard Class,Credit Card,5
ORD-20241142,2024-01-18,2024-01-21,CUST-1044,Michael Williams,Home Office,East,Baltimore,Technology,Laptops,MacBook Air M2,2,1199,0.0,2398.0,838.07,34.95,First Class,Credit Card,5
ORD-20240162,2024-01-18,2024-01-21,CUST-1071,Daniel Deshmukh,Corporate,Central,St. Louis,Technology,Smart Watches,Apple Watch Series 9,1,399,0.0,399.0,128.16,32.12,Second Class,Credit Card,5
ORD-20240635,2024-01-20,2024-01-22,CUST-1053,Alex Brown,Home Office,South,Austin,Furniture,Chairs,Steelcase Series 1 Task Chair,1,499,0.0,499.0,72.28,14.48,First Class,Credit Card,5
ORD-20241579,2024-01-20,2024-01-23,CUST-1110,Emily Brown,Consumer,Central,Kansas City,Technology,Smart Watches,Garmin Venu 3,1,449,0.0,449.0,104.73,23.33,First Class,Net Banking,3
ORD-20241667,2024-01-20,2024-01-22,CUST-1170,Sophia Iyer,Corporate,West,Phoenix,Furniture,Lighting,Architect LED Desk Lamp,8,79,0.1,568.8,24.34,4.28,First Class,Credit Card,5
ORD-20240963,2024-01-21,2024-01-22,CUST-1213,Rahul Williams,Corporate,Central,Nashville,Technology,Phones,OnePlus 12,7,649,0.15,3861.55,618.88,16.03,First Class,Credit Card,4
ORD-20240365,2024-01-21,2024-01-24,CUST-1090,Jessica Chopra,Consumer,Central,Indianapolis,Office Supplies,Stationery,Pilot G2 Gel Pens Bulk Pack,1,22,0.1,19.8,5.56,28.08,Standard Class,UPI / Instant Transfer,4
ORD-20241254,2024-01-21,2024-01-24,CUST-1186,Arjun Deshmukh,Corporate,West,Denver,Technology,Smart Watches,Samsung Galaxy Watch 6,1,299,0.2,239.2,33.2,13.88,Standard Class,UPI / Instant Transfer,5
ORD-20241685,2024-01-22,2024-01-25,CUST-1075,Vikram Johnson,Corporate,South,Dallas,Technology,Smart Watches,Apple Watch Series 9,1,399,0.15,339.15,44.42,13.1,First Class,Debit Card,4
ORD-20240593,2024-01-22,2024-01-26,CUST-1042,Michael Verma,Consumer,West,Denver,Furniture,Desks,Motorized Standing Desk 60x30,1,549,0.15,466.65,9.63,2.06,Second Class,Credit Card,3
ORD-20241300,2024-01-22,2024-01-23,CUST-1239,Vikram Chopra,Corporate,East,Washington D.C.,Office Supplies,Binders & Organizers,Cable Management Tray Kit,1,25,0.05,23.75,6.35,26.74,Standard Class,UPI / Instant Transfer,5
ORD-20241615,2024-01-23,2024-01-26,CUST-1233,Michael Anderson,Corporate,North,Minneapolis,Furniture,Storage,Steel Storage Credenza,1,279,0.15,237.15,11.92,5.03,Standard Class,UPI / Instant Transfer,5
ORD-20240782,2024-01-23,2024-01-25,CUST-1071,Daniel Deshmukh,Corporate,South,Miami,Technology,Phones,Samsung Galaxy S24,3,849,0.1,2292.3,304.27,13.27,Second Class,Credit Card,2
ORD-20241652,2024-01-24,2024-01-27,CUST-1091,Sophia Chopra,Consumer,East,Washington D.C.,Furniture,Desks,Motorized Standing Desk 60x30,2,549,0.0,1098.0,275.56,25.1,Standard Class,UPI / Instant Transfer,5
ORD-20240119,2024-01-24,2024-01-25,CUST-1101,Rohan Verma,Consumer,Central,Columbus,Technology,Laptops,Lenovo ThinkPad X1,1,1299,0.0,1299.0,338.22,26.04,First Class,Credit Card,4
ORD-20240477,2024-01-25,2024-01-28,CUST-1015,Ananya Brown,Consumer,Central,Indianapolis,Office Supplies,Paper & Notebooks,Spiral Dot Grid Notebook Pack,5,19,0.0,95.0,31.26,32.91,Standard Class,Credit Card,5
ORD-20241625,2024-01-26,2024-01-30,CUST-1124,James Wilson,Consumer,South,Dallas,Technology,Accessories,Logitech MX Master 3S Mouse,1,99,0.1,89.1,10.71,12.02,First Class,Credit Card,5
ORD-20240603,2024-01-28,2024-01-30,CUST-1167,Rohan Reddy,Consumer,South,Dallas,Furniture,Desks,Motorized Standing Desk 60x30,1,549,0.05,521.55,90.41,17.33,Standard Class,Credit Card,5
ORD-20241626,2024-01-28,2024-01-31,CUST-1059,Vikram Deshmukh,Consumer,Central,Kansas City,Technology,Smart Watches,Garmin Venu 3,3,449,0.1,1212.3,236.86,19.54,Second Class,Credit Card,5
ORD-20240841,2024-01-29,2024-02-01,CUST-1140,Neha Smith,Home Office,North,Minneapolis,Furniture,Chairs,Executive Leather Recliner,8,399,0.1,2872.8,191.63,6.67,Standard Class,UPI / Instant Transfer,5
ORD-20240946,2024-01-29,2024-02-01,CUST-1011,Rahul Wilson,Consumer,Central,Nashville,Technology,Phones,OnePlus 12,3,649,0.0,1947.0,622.12,31.95,First Class,Debit Card,2
ORD-20240264,2024-01-29,2024-02-01,CUST-1042,Michael Verma,Consumer,Central,Indianapolis,Technology,Laptops,Dell XPS 13,1,1099,0.05,1044.05,326.39,31.26,Standard Class,Credit Card,4
ORD-20240439,2024-01-30,2024-02-03,CUST-1050,Arjun Gupta,Consumer,East,Baltimore,Office Supplies,Packaging Supplies,Heavy Duty Packing Tape 6-Pack,3,21,0.1,56.7,15.98,28.18,Standard Class,Credit Card,4
ORD-20240647,2024-02-01,2024-02-05,CUST-1209,Pooja Chopra,Consumer,West,Los Angeles,Furniture,Lighting,Ambient Floor Standing Lamp,1,119,0.15,101.15,0.46,0.45,Standard Class,UPI / Instant Transfer,1
ORD-20241339,2024-02-02,2024-02-04,CUST-1234,Michael Singh,Consumer,South,Miami,Office Supplies,Binders & Organizers,Cable Management Tray Kit,1,25,0.1,22.5,4.58,20.36,First Class,Debit Card,5
ORD-20240921,2024-02-02,2024-02-05,CUST-1090,Jessica Chopra,Consumer,North,Minneapolis,Furniture,Storage,Steel Storage Credenza,1,279,0.0,279.0,47.25,16.94,Standard Class,Debit Card,4
ORD-20240537,2024-02-03,2024-02-07,CUST-1132,David Sharma,Consumer,Central,Kansas City,Furniture,Chairs,Steelcase Series 1 Task Chair,1,499,0.0,499.0,148.78,29.82,Standard Class,Net Banking,5
ORD-20240359,2024-02-03,2024-02-06,CUST-1101,Rohan Verma,Consumer,South,Houston,Technology,Smart Watches,Samsung Galaxy Watch 6,2,299,0.0,598.0,190.4,31.84,Standard Class,Debit Card,5
ORD-20241627,2024-02-05,2024-02-07,CUST-1051,Pooja Wilson,Home Office,West,Phoenix,Furniture,Storage,Steel Storage Credenza,1,279,0.15,237.15,33.01,13.92,First Class,Cash on Delivery,4
ORD-20241082,2024-02-05,2024-02-08,CUST-1205,Jessica Reddy,Corporate,West,Los Angeles,Technology,Laptops,MacBook Air M2,1,1199,0.15,1019.15,210.68,20.67,Standard Class,UPI / Instant Transfer,5
ORD-20240349,2024-02-06,2024-02-09,CUST-1168,Sarah Iyer,Consumer,North,Chicago,Technology,Accessories,Anker 100W Fast Charger,1,59,0.0,59.0,15.46,26.2,Standard Class,Credit Card,5
ORD-20240618,2024-02-07,2024-02-10,CUST-1165,Daniel Mehta,Consumer,South,Austin,Technology,Accessories,Anker 100W Fast Charger,1,59,0.1,53.1,9.85,18.55,Standard Class,Credit Card,5
ORD-20241459,2024-02-07,2024-02-09,CUST-1050,Arjun Gupta,Consumer,West,Denver,Furniture,Desks,Minimalist Solid Wood Desk,1,419,0.0,419.0,76.63,18.29,Standard Class,Net Banking,4
ORD-20240495,2024-02-08,2024-02-11,CUST-1184,Neha Sharma,Home Office,West,Phoenix,Technology,Accessories,Keychron K2 Mechanical Keyboard,1,89,0.05,84.55,24.14,28.55,Standard Class,Cash on Delivery,1
ORD-20240465,2024-02-08,2024-02-11,CUST-1181,Emily Mehta,Consumer,East,Philadelphia,Office Supplies,Packaging Supplies,Bubble Cushion Wrap Roll,1,28,0.1,25.2,4.29,17.02,Standard Class,Debit Card,1
ORD-20240820,2024-02-10,2024-02-13,CUST-1074,Olivia Chopra,Corporate,West,Denver,Office Supplies,Stationery,Pilot G2 Gel Pens Bulk Pack,8,22,0.0,176.0,55.19,31.36,Standard Class,Debit Card,5
ORD-20240286,2024-02-10,2024-02-14,CUST-1093,Sarah Jones,Corporate,East,Pittsburgh,Office Supplies,Paper & Notebooks,Moleskine Executive Journal,3,24,0.15,61.2,12.05,19.69,Standard Class,Debit Card,5
ORD-20240309,2024-02-11,2024-02-14,CUST-1143,Daniel Davis,Consumer,East,Washington D.C.,Technology,Accessories,Sony WH-1000XM5 Headphones,1,349,0.1,314.1,79.15,25.2,Standard Class,Credit Card,5
ORD-20240769,2024-02-11,2024-02-13,CUST-1108,Alex Taylor,Corporate,East,Philadelphia,Technology,Laptops,HP Spectre x360,4,999,0.05,3796.2,869.06,22.89,First Class,UPI / Instant Transfer,4
ORD-20241784,2024-02-12,2024-02-15,CUST-1121,Jessica Deshmukh,Corporate,North,Detroit,Furniture,Desks,Motorized Standing Desk 60x30,7,549,0.0,3843.0,515.08,13.4,Standard Class,Credit Card,4
ORD-20240879,2024-02-12,2024-02-15,CUST-1180,Arjun Davis,Consumer,East,Richmond,Technology,Smart Watches,Samsung Galaxy Watch 6,2,299,0.15,508.3,88.47,17.41,Second Class,Credit Card,5
ORD-20241458,2024-02-12,2024-02-14,CUST-1185,Michael Gupta,Consumer,North,Detroit,Technology,Accessories,Anker 100W Fast Charger,5,59,0.0,295.0,75.68,25.65,Standard Class,Credit Card,4
ORD-20241762,2024-02-13,2024-02-16,CUST-1215,Rohan Mehta,Corporate,Central,Indianapolis,Furniture,Lighting,Architect LED Desk Lamp,11,79,0.05,825.55,61.34,7.43,First Class,Credit Card,4
ORD-20241480,2024-02-13,2024-02-15,CUST-1156,Rahul Smith,Consumer,Central,Kansas City,Office Supplies,Binders & Organizers,Cable Management Tray Kit,3,25,0.15,63.75,8.56,13.43,Second Class,Credit Card,5
ORD-20241361,2024-02-13,2024-02-15,CUST-1202,Ananya Deshmukh,Consumer,South,Miami,Furniture,Desks,L-Shaped Corner Workstation,1,329,0.15,279.65,6.16,2.2,Standard Class,Credit Card,4
ORD-20240099,2024-02-14,2024-02-18,CUST-1227,Alex Chopra,Home Office,North,Boston,Furniture,Lighting,Ambient Floor Standing Lamp,1,119,0.15,101.15,13.76,13.6,First Class,Cash on Delivery,5
ORD-20240335,2024-02-14,2024-02-16,CUST-1152,Olivia Patel,Consumer,South,Dallas,Office Supplies,Paper & Notebooks,Spiral Dot Grid Notebook Pack,1,19,0.0,19.0,5.04,26.53,First Class,Debit Card,5
ORD-20241794,2024-02-14,2024-02-15,CUST-1147,Olivia Patel,Corporate,Central,Indianapolis,Furniture,Desks,Motorized Standing Desk 60x30,7,549,0.05,3650.85,608.06,16.66,Standard Class,Net Banking,5
ORD-20241006,2024-02-15,2024-02-17,CUST-1112,Priya Brown,Consumer,North,Boston,Furniture,Desks,L-Shaped Corner Workstation,1,329,0.0,329.0,58.71,17.84,Standard Class,Debit Card,5
ORD-20240929,2024-02-15,2024-02-18,CUST-1090,Jessica Chopra,Consumer,North,New York,Office Supplies,Packaging Supplies,Bubble Cushion Wrap Roll,2,28,0.0,56.0,21.55,38.48,Standard Class,Net Banking,5
ORD-20240446,2024-02-15,2024-02-18,CUST-1153,Jessica Taylor,Consumer,North,Boston,Furniture,Chairs,Ergonomic Mesh Office Chair,2,249,0.1,448.2,71.59,15.97,Standard Class,Debit Card,5
ORD-20240251,2024-02-15,2024-02-17,CUST-1120,James Gupta,Corporate,East,Washington D.C.,Furniture,Chairs,Executive Leather Recliner,4,399,0.1,1436.4,87.03,6.06,Second Class,Credit Card,5
ORD-20241563,2024-02-16,2024-02-18,CUST-1199,Sarah Wilson,Home Office,Central,Nashville,Furniture,Desks,Minimalist Solid Wood Desk,1,419,0.05,398.05,82.37,20.69,Second Class,Debit Card,2
ORD-20241624,2024-02-17,2024-02-21,CUST-1162,Olivia Taylor,Corporate,East,Washington D.C.,Furniture,Chairs,Ergonomic Mesh Office Chair,5,249,0.1,1120.5,101.48,9.06,Standard Class,Net Banking,5
ORD-20240623,2024-02-18,2024-02-22,CUST-1241,Ananya Anderson,Home Office,North,Detroit,Furniture,Chairs,Gaming Bucket Chair,1,199,0.0,199.0,32.99,16.58,Standard Class,UPI / Instant Transfer,5
ORD-20241088,2024-02-18,2024-02-22,CUST-1093,Sarah Jones,Corporate,Central,Indianapolis,Office Supplies,Stationery,Pilot G2 Gel Pens Bulk Pack,12,22,0.0,264.0,69.66,26.39,Standard Class,Credit Card,4
ORD-20241011,2024-02-19,2024-02-22,CUST-1011,Rahul Wilson,Consumer,North,Detroit,Furniture,Storage,3-Drawer Mobile Filing Cabinet,4,149,0.1,536.4,92.13,17.18,Standard Class,Credit Card,5
ORD-20241521,2024-02-19,2024-02-22,CUST-1090,Jessica Chopra,Consumer,South,Miami,Furniture,Desks,L-Shaped Corner Workstation,1,329,0.1,296.1,24.66,8.33,Standard Class,Credit Card,5
ORD-20240757,2024-02-19,2024-02-21,CUST-1243,David Wilson,Home Office,West,San Francisco,Furniture,Lighting,Ambient Floor Standing Lamp,2,119,0.0,238.0,41.98,17.64,First Class,Credit Card,4
ORD-20241290,2024-02-20,2024-02-21,CUST-1219,Priya Mehta,Corporate,East,Pittsburgh,Technology,Smart Watches,Samsung Galaxy Watch 6,2,299,0.1,538.2,120.47,22.38,Standard Class,Credit Card,5
ORD-20240509,2024-02-22,2024-02-24,CUST-1094,Daniel Jones,Corporate,West,Phoenix,Technology,Accessories,Keychron K2 Mechanical Keyboard,1,89,0.0,89.0,21.68,24.36,Standard Class,Credit Card,5
ORD-20240605,2024-02-22,2024-02-24,CUST-1027,Sarah Taylor,Consumer,West,Denver,Furniture,Storage,3-Drawer Mobile Filing Cabinet,2,149,0.05,283.1,42.8,15.12,Second Class,Credit Card,4
ORD-20240469,2024-02-22,2024-02-25,CUST-1075,Vikram Johnson,Corporate,Central,Kansas City,Furniture,Lighting,Architect LED Desk Lamp,1,79,0.15,67.15,8.27,12.32,First Class,UPI / Instant Transfer,4
ORD-20241520,2024-02-24,2024-02-26,CUST-1065,Aarav Singh,Consumer,South,Houston,Furniture,Desks,L-Shaped Corner Workstation,1,329,0.05,312.55,59.4,19.0,First Class,Net Banking,4
ORD-20240460,2024-02-24,2024-02-25,CUST-1144,Ananya Verma,Consumer,East,Philadelphia,Furniture,Chairs,Executive Leather Recliner,1,399,0.05,379.05,54.85,14.47,Standard Class,Credit Card,4
ORD-20241594,2024-02-24,2024-02-27,CUST-1132,David Sharma,Consumer,South,Dallas,Office Supplies,Packaging Supplies,Bubble Cushion Wrap Roll,1,28,0.0,28.0,11.4,40.71,Standard Class,Credit Card,5
ORD-20240706,2024-02-25,2024-02-29,CUST-1171,Olivia Davis,Corporate,South,Dallas,Office Supplies,Packaging Supplies,Heavy Duty Packing Tape 6-Pack,4,21,0.15,71.4,24.02,33.64,Standard Class,UPI / Instant Transfer,5
ORD-20241394,2024-02-25,2024-02-28,CUST-1199,Sarah Wilson,Home Office,South,Austin,Technology,Smart Watches,Garmin Venu 3,1,449,0.0,449.0,107.99,24.05,Standard Class,Credit Card,5
ORD-20241473,2024-02-25,2024-02-28,CUST-1059,Vikram Deshmukh,Consumer,East,Philadelphia,Technology,Accessories,Keychron K2 Mechanical Keyboard,5,89,0.25,333.75,11.66,3.49,Standard Class,Credit Card,5
ORD-20240450,2024-02-25,2024-02-26,CUST-1101,Rohan Verma,Consumer,South,Austin,Office Supplies,Packaging Supplies,Heavy Duty Packing Tape 6-Pack,1,21,0.15,17.85,3.31,18.54,Second Class,Net Banking,4
ORD-20241619,2024-02-27,2024-03-01,CUST-1106,Emily Chopra,Consumer,South,Houston,Technology,Phones,Apple iPhone 15 Pro,1,999,0.1,899.1,140.23,15.6,Standard Class,Credit Card,5
ORD-20241703,2024-02-28,2024-03-01,CUST-1111,Rahul Singh,Consumer,West,Denver,Technology,Laptops,MacBook Air M2,1,1199,0.0,1199.0,384.27,32.05,Standard Class,Credit Card,5
ORD-20240530,2024-02-29,2024-03-02,CUST-1119,Rahul Wilson,Home Office,South,Miami,Technology,Phones,Google Pixel 8,1,699,0.1,629.1,74.6,11.86,First Class,Credit Card,5
ORD-20241557,2024-03-01,2024-03-02,CUST-1148,Pooja Williams,Consumer,East,Philadelphia,Office Supplies,Stationery,Pilot G2 Gel Pens Bulk Pack,4,22,0.0,88.0,25.23,28.67,Standard Class,UPI / Instant Transfer,5
ORD-20240956,2024-03-03,2024-03-06,CUST-1083,Alex Patel,Consumer,East,Baltimore,Furniture,Lighting,Ambient Floor Standing Lamp,1,119,0.0,119.0,34.53,29.02,Second Class,UPI / Instant Transfer,5
ORD-20241074,2024-03-03,2024-03-06,CUST-1054,Alex Williams,Home Office,East,Baltimore,Office Supplies,Packaging Supplies,Bubble Cushion Wrap Roll,1,28,0.0,28.0,9.7,34.64,Standard Class,Credit Card,5
ORD-20240989,2024-03-03,2024-03-04,CUST-1212,Pooja Sharma,Corporate,Central,Indianapolis,Office Supplies,Binders & Organizers,Heavy Duty Ring Binders 6-Pack,1,29,0.1,26.1,6.16,23.6,Standard Class,Credit Card,5
ORD-20240007,2024-03-04,2024-03-06,CUST-1108,Alex Taylor,Corporate,West,Phoenix,Office Supplies,Paper & Notebooks,Spiral Dot Grid Notebook Pack,1,19,0.0,19.0,5.69,29.95,Same Day,Credit Card,3
ORD-20240734,2024-03-04,2024-03-07,CUST-1049,James Gupta,Corporate,West,Denver,Furniture,Storage,Steel Storage Credenza,5,279,0.1,1255.5,130.66,10.41,Same Day,Credit Card,5
ORD-20240290,2024-03-05,2024-03-07,CUST-1081,Kavita Reddy,Home Office,North,Minneapolis,Office Supplies,Stationery,Sharpie Highlighters Box,4,16,0.05,60.8,16.79,27.62,Standard Class,Debit Card,4
ORD-20240174,2024-03-05,2024-03-07,CUST-1071,Daniel Deshmukh,Corporate,West,Seattle,Furniture,Chairs,Steelcase Series 1 Task Chair,1,499,0.1,449.1,46.46,10.35,Standard Class,UPI / Instant Transfer,5
ORD-20240566,2024-03-06,2024-03-10,CUST-1105,Pooja Mehta,Home Office,East,Philadelphia,Furniture,Desks,Motorized Standing Desk 60x30,1,549,0.1,494.1,17.61,3.56,Standard Class,Credit Card,5
ORD-20241662,2024-03-06,2024-03-08,CUST-1157,Pooja Mehta,Corporate,South,Austin,Technology,Phones,Samsung Galaxy S24,4,849,0.0,3396.0,1130.12,33.28,Standard Class,Debit Card,4
ORD-20241274,2024-03-08,2024-03-10,CUST-1235,Kavita Davis,Consumer,South,Houston,Technology,Phones,OnePlus 12,3,649,0.0,1947.0,468.86,24.08,Standard Class,Credit Card,5
ORD-20241796,2024-03-08,2024-03-13,CUST-1052,Sophia Mehta,Corporate,West,San Francisco,Technology,Accessories,Keychron K2 Mechanical Keyboard,1,89,0.0,89.0,30.34,34.09,Second Class,UPI / Instant Transfer,5
ORD-20241262,2024-03-09,2024-03-14,CUST-1035,Sarah Chopra,Home Office,North,Boston,Furniture,Lighting,Ambient Floor Standing Lamp,2,119,0.1,214.2,9.52,4.44,Standard Class,Debit Card,5
ORD-20241190,2024-03-10,2024-03-12,CUST-1027,Sarah Taylor,Consumer,Central,Indianapolis,Office Supplies,Stationery,Parker Fountain Pen Set,3,65,0.25,146.25,25.81,17.65,Second Class,UPI / Instant Transfer,5
ORD-20240311,2024-03-10,2024-03-14,CUST-1041,Sophia Reddy,Consumer,West,Phoenix,Office Supplies,Packaging Supplies,Bubble Cushion Wrap Roll,1,28,0.2,22.4,3.29,14.69,First Class,Credit Card,5
ORD-20240664,2024-03-11,2024-03-13,CUST-1171,Olivia Davis,Corporate,West,Denver,Office Supplies,Binders & Organizers,Cable Management Tray Kit,2,25,0.0,50.0,19.21,38.42,Standard Class,Credit Card,5
ORD-20240857,2024-03-12,2024-03-15,CUST-1213,Rahul Williams,Corporate,West,Seattle,Furniture,Storage,Modular Wooden Bookshelf,1,189,0.0,189.0,35.87,18.98,Standard Class,Debit Card,5
ORD-20240685,2024-03-12,2024-03-16,CUST-1099,Pooja Taylor,Consumer,East,Washington D.C.,Technology,Accessories,Sony WH-1000XM5 Headphones,2,349,0.0,698.0,243.14,34.83,Second Class,UPI / Instant Transfer,5
ORD-20240719,2024-03-12,2024-03-16,CUST-1107,Sophia Gupta,Consumer,Central,Columbus,Office Supplies,Binders & Organizers,Cable Management Tray Kit,1,25,0.0,25.0,10.32,41.28,First Class,Net Banking,5
ORD-20240028,2024-03-13,2024-03-16,CUST-1237,Michael Williams,Consumer,East,Richmond,Office Supplies,Stationery,Pilot G2 Gel Pens Bulk Pack,1,22,0.0,22.0,9.24,42.0,Second Class,Debit Card,5
ORD-20240273,2024-03-13,2024-03-16,CUST-1050,Arjun Gupta,Consumer,Central,Kansas City,Office Supplies,Packaging Supplies,Heavy Duty Packing Tape 6-Pack,1,21,0.2,16.8,4.62,27.5,Second Class,Credit Card,1
ORD-20241135,2024-03-13,2024-03-16,CUST-1030,Kavita Patel,Consumer,South,Houston,Technology,Laptops,Lenovo ThinkPad X1,1,1299,0.1,1169.1,138.61,11.86,Standard Class,UPI / Instant Transfer,4
ORD-20241032,2024-03-13,2024-03-17,CUST-1246,Jessica Taylor,Home Office,East,Richmond,Technology,Phones,OnePlus 12,2,649,0.1,1168.2,267.46,22.9,First Class,UPI / Instant Transfer,5
ORD-20240367,2024-03-14,2024-03-15,CUST-1088,Ananya Mehta,Corporate,South,Miami,Furniture,Storage,Steel Storage Credenza,7,279,0.2,1562.4,-79.24,-5.07,Second Class,Credit Card,2
ORD-20241242,2024-03-14,2024-03-16,CUST-1248,James Jones,Home Office,West,Phoenix,Furniture,Chairs,Ergonomic Mesh Office Chair,1,249,0.2,199.2,-16.68,-8.37,Standard Class,Credit Card,5
ORD-20241577,2024-03-14,2024-03-17,CUST-1161,Aarav Jones,Consumer,Central,Kansas City,Technology,Accessories,Logitech MX Master 3S Mouse,5,99,0.0,495.0,116.82,23.6,Standard Class,Cash on Delivery,5
ORD-20240246,2024-03-16,2024-03-18,CUST-1228,Arjun Verma,Consumer,West,San Francisco,Office Supplies,Paper & Notebooks,Spiral Dot Grid Notebook Pack,5,19,0.25,71.25,12.58,17.66,Standard Class,UPI / Instant Transfer,1
ORD-20241542,2024-03-16,2024-03-17,CUST-1166,Vikram Johnson,Corporate,West,Seattle,Furniture,Chairs,Ergonomic Mesh Office Chair,6,249,0.3,1045.8,-0.43,-0.04,Second Class,Credit Card,5
ORD-20241424,2024-03-17,2024-03-21,CUST-1029,Neha Reddy,Corporate,West,Phoenix,Furniture,Desks,Motorized Standing Desk 60x30,8,549,0.05,4172.4,885.23,21.22,Second Class,Cash on Delivery,5
ORD-20240225,2024-03-17,2024-03-20,CUST-1016,Michael Mehta,Consumer,West,San Francisco,Technology,Accessories,Keychron K2 Mechanical Keyboard,4,89,0.2,284.8,32.42,11.38,Standard Class,Credit Card,4
ORD-20241111,2024-03-19,2024-03-24,CUST-1035,Sarah Chopra,Home Office,East,Washington D.C.,Office Supplies,Stationery,Parker Fountain Pen Set,8,65,0.15,442.0,103.22,23.35,Standard Class,Credit Card,5
ORD-20240916,2024-03-19,2024-03-21,CUST-1140,Neha Smith,Home Office,South,Houston,Office Supplies,Binders & Organizers,Heavy Duty Ring Binders 6-Pack,1,29,0.0,29.0,10.92,37.66,Second Class,Credit Card,5
ORD-20241764,2024-03-19,2024-03-20,CUST-1027,Sarah Taylor,Consumer,Central,Columbus,Furniture,Desks,L-Shaped Corner Workstation,2,329,0.15,559.3,-10.15,-1.81,First Class,Debit Card,5
ORD-20241681,2024-03-19,2024-03-23,CUST-1026,Kavita Anderson,Corporate,South,Atlanta,Technology,Phones,Apple iPhone 15 Pro,3,999,0.0,2997.0,893.11,29.8,Same Day,UPI / Instant Transfer,4
ORD-20240080,2024-03-19,2024-03-22,CUST-1219,Priya Mehta,Corporate,North,Minneapolis,Office Supplies,Packaging Supplies,Heavy Duty Packing Tape 6-Pack,3,21,0.05,59.85,15.0,25.06,Standard Class,Net Banking,4
ORD-20241588,2024-03-20,2024-03-22,CUST-1119,Rahul Wilson,Home Office,North,Minneapolis,Technology,Phones,OnePlus 12,1,649,0.15,551.65,47.85,8.67,Standard Class,Debit Card,5
ORD-20240810,2024-03-20,2024-03-24,CUST-1120,James Gupta,Corporate,West,Seattle,Office Supplies,Packaging Supplies,Heavy Duty Packing Tape 6-Pack,9,21,0.0,189.0,80.95,42.83,Standard Class,Credit Card,5
ORD-20240918,2024-03-21,2024-03-23,CUST-1036,Arjun Patel,Corporate,Central,Indianapolis,Furniture,Desks,Motorized Standing Desk 60x30,5,549,0.0,2745.0,707.33,25.77,First Class,UPI / Instant Transfer,5
ORD-20240213,2024-03-21,2024-03-24,CUST-1053,Alex Brown,Home Office,South,Austin,Furniture,Lighting,Architect LED Desk Lamp,1,79,0.05,75.05,6.19,8.25,Standard Class,Credit Card,5
ORD-20240357,2024-03-21,2024-03-24,CUST-1170,Sophia Iyer,Corporate,West,Phoenix,Technology,Phones,OnePlus 12,1,649,0.2,519.2,11.59,2.23,Second Class,Credit Card,5
ORD-20241043,2024-03-22,2024-03-27,CUST-1015,Ananya Brown,Consumer,West,Phoenix,Office Supplies,Stationery,Parker Fountain Pen Set,1,65,0.1,58.5,13.78,23.56,Second Class,Credit Card,4
ORD-20241399,2024-03-22,2024-03-25,CUST-1053,Alex Brown,Home Office,South,Atlanta,Technology,Laptops,MacBook Air M2,1,1199,0.0,1199.0,343.77,28.67,Second Class,Credit Card,4
ORD-20240192,2024-03-25,2024-03-28,CUST-1204,Ananya Smith,Home Office,South,Miami,Technology,Accessories,Logitech MX Master 3S Mouse,2,99,0.0,198.0,55.72,28.14,First Class,UPI / Instant Transfer,4
ORD-20241080,2024-03-25,2024-03-28,CUST-1184,Neha Sharma,Home Office,West,Seattle,Office Supplies,Paper & Notebooks,Moleskine Executive Journal,1,24,0.0,24.0,7.64,31.83,Standard Class,Cash on Delivery,5
ORD-20240575,2024-03-25,2024-03-27,CUST-1064,Arjun Wilson,Consumer,Central,Indianapolis,Office Supplies,Packaging Supplies,Heavy Duty Packing Tape 6-Pack,2,21,0.2,33.6,9.38,27.92,Standard Class,UPI / Instant Transfer,5
ORD-20240967,2024-03-26,2024-03-27,CUST-1044,Michael Williams,Home Office,South,Houston,Office Supplies,Stationery,Parker Fountain Pen Set,1,65,0.1,58.5,16.59,28.36,Standard Class,Credit Card,4
ORD-20241486,2024-03-26,2024-03-28,CUST-1176,Sophia Gupta,Consumer,Central,Nashville,Office Supplies,Packaging Supplies,Bubble Cushion Wrap Roll,4,28,0.0,112.0,40.44,36.11,Second Class,UPI / Instant Transfer,5
ORD-20240370,2024-03-26,2024-03-28,CUST-1159,Kavita Jones,Consumer,South,Atlanta,Office Supplies,Packaging Supplies,Heavy Duty Packing Tape 6-Pack,1,21,0.1,18.9,5.49,29.05,Standard Class,Credit Card,5
ORD-20241736,2024-03-27,2024-03-30,CUST-1015,Ananya Brown,Consumer,East,Philadelphia,Office Supplies,Paper & Notebooks,Premium Copy Paper 5-Pack,1,39,0.0,39.0,14.05,36.03,Standard Class,Credit Card,5
ORD-20240486,2024-03-27,2024-03-31,CUST-1113,Sarah Brown,Home Office,South,Dallas,Technology,Laptops,MacBook Air M2,3,1199,0.05,3417.15,815.13,23.85,Standard Class,Cash on Delivery,5
ORD-20240183,2024-03-28,2024-03-30,CUST-1241,Ananya Anderson,Home Office,South,Miami,Furniture,Storage,Modular Wooden Bookshelf,3,189,0.05,538.65,106.2,19.72,Standard Class,Net Banking,5
ORD-20241350,2024-03-28,2024-03-31,CUST-1038,Sophia Reddy,Consumer,Central,Nashville,Office Supplies,Packaging Supplies,Heavy Duty Packing Tape 6-Pack,2,21,0.2,33.6,9.86,29.35,Standard Class,Credit Card,5
ORD-20240065,2024-03-28,2024-03-29,CUST-1025,Rohan Wilson,Consumer,East,Washington D.C.,Office Supplies,Paper & Notebooks,Spiral Dot Grid Notebook Pack,5,19,0.05,90.25,25.27,28.0,Standard Class,Debit Card,5
ORD-20240319,2024-03-29,2024-03-31,CUST-1238,Kavita Wilson,Consumer,West,Denver,Furniture,Chairs,Gaming Bucket Chair,1,199,0.0,199.0,32.95,16.56,Standard Class,UPI / Instant Transfer,4
ORD-20240525,2024-03-29,2024-03-31,CUST-1078,Olivia Smith,Consumer,West,Phoenix,Furniture,Chairs,Gaming Bucket Chair,1,199,0.05,189.05,17.0,8.99,Standard Class,UPI / Instant Transfer,5
ORD-20240435,2024-03-30,2024-04-02,CUST-1177,Arjun Iyer,Corporate,Central,St. Louis,Furniture,Storage,Modular Wooden Bookshelf,8,189,0.2,1209.6,-15.99,-1.32,First Class,Credit Card,5
ORD-20240432,2024-03-30,2024-03-31,CUST-1107,Sophia Gupta,Consumer,South,Dallas,Office Supplies,Binders & Organizers,Cable Management Tray Kit,2,25,0.1,45.0,11.78,26.18,Standard Class,Credit Card,5
ORD-20240819,2024-04-01,2024-04-02,CUST-1182,Neha Patel,Consumer,West,Seattle,Furniture,Storage,Modular Wooden Bookshelf,2,189,0.0,378.0,104.97,27.77,Standard Class,Credit Card,5
ORD-20241601,2024-04-01,2024-04-04,CUST-1227,Alex Chopra,Home Office,North,Detroit,Furniture,Lighting,Architect LED Desk Lamp,4,79,0.0,316.0,52.19,16.52,Standard Class,UPI / Instant Transfer,5
ORD-20240733,2024-04-01,2024-04-03,CUST-1152,Olivia Patel,Consumer,South,Atlanta,Office Supplies,Binders & Organizers,Heavy Duty Ring Binders 6-Pack,4,29,0.25,87.0,9.82,11.29,Standard Class,Credit Card,5
ORD-20240506,2024-04-02,2024-04-03,CUST-1172,Aarav Wilson,Consumer,East,Washington D.C.,Office Supplies,Packaging Supplies,Bubble Cushion Wrap Roll,8,28,0.05,212.8,83.39,39.19,Standard Class,Credit Card,4
ORD-20241002,2024-04-02,2024-04-05,CUST-1040,David Mehta,Consumer,Central,St. Louis,Technology,Smart Watches,Apple Watch Series 9,1,399,0.05,379.05,78.6,20.74,First Class,UPI / Instant Transfer,4
ORD-20240595,2024-04-02,2024-04-06,CUST-1208,Neha Miller,Corporate,East,Richmond,Technology,Smart Watches,Garmin Venu 3,1,449,0.0,449.0,125.93,28.05,Second Class,Credit Card,5
ORD-20240057,2024-04-03,2024-04-06,CUST-1165,Daniel Mehta,Consumer,Central,Kansas City,Technology,Accessories,Logitech MX Master 3S Mouse,8,99,0.15,673.2,134.02,19.91,Second Class,UPI / Instant Transfer,4
ORD-20241631,2024-04-03,2024-04-07,CUST-1142,Alex Miller,Consumer,West,Los Angeles,Office Supplies,Stationery,Pilot G2 Gel Pens Bulk Pack,2,22,0.15,37.4,12.14,32.46,Standard Class,Credit Card,5
ORD-20241166,2024-04-03,2024-04-04,CUST-1203,Jessica Sharma,Consumer,South,Dallas,Technology,Phones,OnePlus 12,1,649,0.05,616.55,148.36,24.06,Second Class,Credit Card,5
ORD-20240914,2024-04-04,2024-04-07,CUST-1059,Vikram Deshmukh,Consumer,West,Phoenix,Office Supplies,Paper & Notebooks,Moleskine Executive Journal,4,24,0.0,96.0,42.11,43.86,First Class,Credit Card,5
ORD-20240809,2024-04-04,2024-04-07,CUST-1244,Aarav Iyer,Consumer,South,Dallas,Furniture,Chairs,Executive Leather Recliner,1,399,0.15,339.15,-10.25,-3.02,First Class,Credit Card,4
ORD-20240848,2024-04-04,2024-04-06,CUST-1142,Alex Miller,Consumer,East,Pittsburgh,Office Supplies,Packaging Supplies,Heavy Duty Packing Tape 6-Pack,2,21,0.0,42.0,17.28,41.14,Second Class,Debit Card,5
ORD-20241256,2024-04-04,2024-04-07,CUST-1142,Alex Miller,Consumer,North,Boston,Technology,Accessories,Anker 100W Fast Charger,1,59,0.0,59.0,16.79,28.46,Standard Class,Credit Card,3
ORD-20240199,2024-04-05,2024-04-08,CUST-1192,Sarah Taylor,Home Office,East,Baltimore,Furniture,Lighting,Ambient Floor Standing Lamp,2,119,0.15,202.3,-0.59,-0.29,First Class,UPI / Instant Transfer,5
ORD-20240588,2024-04-05,2024-04-07,CUST-1073,Kavita Davis,Consumer,South,Dallas,Office Supplies,Binders & Organizers,Cable Management Tray Kit,4,25,0.05,95.0,28.33,29.82,Standard Class,Cash on Delivery,2
ORD-20240496,2024-04-07,2024-04-10,CUST-1221,Arjun Verma,Corporate,Central,Nashville,Technology,Smart Watches,Garmin Venu 3,2,449,0.0,898.0,207.0,23.05,Standard Class,Net Banking,4
ORD-20241711,2024-04-07,2024-04-10,CUST-1109,Emily Reddy,Consumer,East,Richmond,Technology,Phones,Apple iPhone 15 Pro,4,999,0.15,3396.6,650.93,19.16,Standard Class,Credit Card,5
ORD-20241182,2024-04-07,2024-04-10,CUST-1038,Sophia Reddy,Consumer,Central,St. Louis,Technology,Smart Watches,Samsung Galaxy Watch 6,2,299,0.2,478.4,3.74,0.78,Standard Class,Credit Card,5
ORD-20241099,2024-04-10,2024-04-13,CUST-1031,Pooja Singh,Corporate,South,Miami,Office Supplies,Packaging Supplies,Heavy Duty Packing Tape 6-Pack,3,21,0.1,56.7,16.5,29.1,Standard Class,Credit Card,5
ORD-20240157,2024-04-10,2024-04-14,CUST-1185,Michael Gupta,Consumer,West,Seattle,Technology,Accessories,Keychron K2 Mechanical Keyboard,1,89,0.05,84.55,23.75,28.09,Standard Class,Credit Card,5
ORD-20241609,2024-04-10,2024-04-13,CUST-1239,Vikram Chopra,Corporate,West,San Francisco,Office Supplies,Stationery,Sharpie Highlighters Box,4,16,0.1,57.6,15.09,26.2,Second Class,UPI / Instant Transfer,5
ORD-20240411,2024-04-11,2024-04-15,CUST-1125,Priya Verma,Consumer,Central,Nashville,Technology,Laptops,Dell XPS 13,2,1099,0.05,2088.1,353.98,16.95,Standard Class,Credit Card,5
ORD-20241126,2024-04-11,2024-04-15,CUST-1024,Priya Williams,Consumer,East,Richmond,Office Supplies,Packaging Supplies,Bubble Cushion Wrap Roll,1,28,0.0,28.0,8.32,29.71,Standard Class,Debit Card,5
ORD-20241471,2024-04-12,2024-04-15,CUST-1071,Daniel Deshmukh,Corporate,North,Detroit,Technology,Smart Watches,Garmin Venu 3,1,449,0.0,449.0,108.2,24.1,Second Class,Credit Card,5
ORD-20240282,2024-04-13,2024-04-16,CUST-1070,Aarav Mehta,Home Office,Central,Nashville,Office Supplies,Stationery,Pilot G2 Gel Pens Bulk Pack,3,22,0.0,66.0,20.21,30.62,First Class,Credit Card,5
ORD-20241269,2024-04-13,2024-04-15,CUST-1183,Jessica Mehta,Home Office,Central,St. Louis,Technology,Phones,Samsung Galaxy S24,2,849,0.0,1698.0,480.1,28.27,Standard Class,Cash on Delivery,5
ORD-20241482,2024-04-14,2024-04-17,CUST-1098,Alex Wilson,Consumer,North,Chicago,Technology,Smart Watches,Samsung Galaxy Watch 6,5,299,0.05,1420.25,320.45,22.56,Second Class,Credit Card,5
ORD-20240187,2024-04-14,2024-04-18,CUST-1138,Rahul Verma,Corporate,South,Miami,Furniture,Desks,L-Shaped Corner Workstation,10,329,0.05,3125.5,444.02,14.21,Standard Class,Credit Card,5
ORD-20240701,2024-04-14,2024-04-17,CUST-1203,Jessica Sharma,Consumer,Central,Indianapolis,Furniture,Chairs,Steelcase Series 1 Task Chair,8,499,0.1,3592.8,311.29,8.66,Second Class,Credit Card,2
ORD-20241404,2024-04-14,2024-04-17,CUST-1067,Michael Singh,Consumer,Central,Columbus,Technology,Accessories,Anker 100W Fast Charger,3,59,0.1,159.3,32.62,20.48,Same Day,UPI / Instant Transfer,4
ORD-20241093,2024-04-15,2024-04-19,CUST-1154,Alex Davis,Consumer,West,San Francisco,Office Supplies,Packaging Supplies,Heavy Duty Packing Tape 6-Pack,3,21,0.05,59.85,17.51,29.26,Standard Class,Cash on Delivery,5
ORD-20240795,2024-04-15,2024-04-18,CUST-1215,Rohan Mehta,Corporate,West,San Francisco,Technology,Laptops,MacBook Air M2,1,1199,0.0,1199.0,368.06,30.7,Standard Class,Net Banking,3
ORD-20240498,2024-04-16,2024-04-19,CUST-1237,Michael Williams,Consumer,Central,Indianapolis,Technology,Phones,OnePlus 12,2,649,0.0,1298.0,408.49,31.47,First Class,Debit Card,5
ORD-20241485,2024-04-18,2024-04-19,CUST-1015,Ananya Brown,Consumer,South,Atlanta,Office Supplies,Binders & Organizers,Heavy Duty Ring Binders 6-Pack,3,29,0.2,69.6,12.25,17.6,Standard Class,Debit Card,2
ORD-20240257,2024-04-18,2024-04-21,CUST-1026,Kavita Anderson,Corporate,East,Richmond,Furniture,Lighting,Ambient Floor Standing Lamp,1,119,0.1,107.1,23.0,21.48,Standard Class,Credit Card,5
ORD-20241678,2024-04-18,2024-04-21,CUST-1214,Michael Mehta,Consumer,Central,Indianapolis,Furniture,Chairs,Gaming Bucket Chair,1,199,0.05,189.05,30.52,16.14,Standard Class,Credit Card,3
ORD-20241025,2024-04-18,2024-04-21,CUST-1176,Sophia Gupta,Consumer,East,Richmond,Office Supplies,Packaging Supplies,Bubble Cushion Wrap Roll,4,28,0.05,106.4,34.41,32.34,Standard Class,Credit Card,4
ORD-20241494,2024-04-19,2024-04-23,CUST-1118,Pooja Chopra,Consumer,Central,Columbus,Technology,Accessories,Sony WH-1000XM5 Headphones,4,349,0.2,1116.8,62.4,5.59,Standard Class,Credit Card,5
ORD-20240175,2024-04-19,2024-04-21,CUST-1002,Arjun Reddy,Home Office,West,Seattle,Office Supplies,Packaging Supplies,Heavy Duty Packing Tape 6-Pack,1,21,0.05,19.95,4.94,24.76,Standard Class,Credit Card,4
ORD-20241472,2024-04-19,2024-04-21,CUST-1008,Rahul Reddy,Home Office,North,Boston,Office Supplies,Paper & Notebooks,Premium Copy Paper 5-Pack,1,39,0.05,37.05,12.41,33.5,First Class,Cash on Delivery,5
ORD-20240940,2024-04-20,2024-04-25,CUST-1012,Jessica Reddy,Home Office,North,Boston,Furniture,Lighting,Ambient Floor Standing Lamp,3,119,0.05,339.15,40.56,11.96,Standard Class,Net Banking,4
ORD-20241507,2024-04-23,2024-04-25,CUST-1035,Sarah Chopra,Home Office,Central,Indianapolis,Technology,Smart Watches,Samsung Galaxy Watch 6,1,299,0.2,239.2,4.97,2.08,Standard Class,Credit Card,5
ORD-20241024,2024-04-23,2024-04-26,CUST-1046,Rahul Taylor,Corporate,South,Houston,Office Supplies,Packaging Supplies,Heavy Duty Packing Tape 6-Pack,3,21,0.05,59.85,21.18,35.39,Standard Class,Credit Card,5
ORD-20240513,2024-04-24,2024-04-27,CUST-1128,Ananya Brown,Home Office,South,Dallas,Office Supplies,Paper & Notebooks,Premium Copy Paper 5-Pack,1,39,0.1,35.1,6.38,18.18,Standard Class,UPI / Instant Transfer,5
ORD-20241013,2024-04-24,2024-04-27,CUST-1010,Aarav Wilson,Corporate,Central,Columbus,Technology,Laptops,MacBook Air M2,2,1199,0.0,2398.0,661.81,27.6,Second Class,Cash on Delivery,3
ORD-20241773,2024-04-25,2024-04-29,CUST-1090,Jessica Chopra,Consumer,South,Austin,Office Supplies,Packaging Supplies,Bubble Cushion Wrap Roll,1,28,0.0,28.0,11.85,42.32,Second Class,Credit Card,5
ORD-20240382,2024-04-25,2024-04-27,CUST-1112,Priya Brown,Consumer,East,Philadelphia,Technology,Accessories,Sony WH-1000XM5 Headphones,1,349,0.0,349.0,71.43,20.47,Same Day,Net Banking,5
ORD-20241622,2024-04-25,2024-04-28,CUST-1165,Daniel Mehta,Consumer,South,Atlanta,Office Supplies,Packaging Supplies,Heavy Duty Packing Tape 6-Pack,4,21,0.15,71.4,21.46,30.06,Second Class,Net Banking,5
ORD-20241508,2024-04-26,2024-04-27,CUST-1021,Sarah Anderson,Corporate,West,Los Angeles,Technology,Smart Watches,Apple Watch Series 9,1,399,0.25,299.25,1.14,0.38,Standard Class,Debit Card,5
ORD-20240283,2024-04-26,2024-04-30,CUST-1128,Ananya Brown,Home Office,South,Austin,Technology,Accessories,Logitech MX Master 3S Mouse,1,99,0.05,94.05,27.32,29.05,First Class,Net Banking,5
ORD-20240060,2024-04-26,2024-04-29,CUST-1122,Arjun Jones,Home Office,West,Seattle,Office Supplies,Paper & Notebooks,Premium Copy Paper 5-Pack,2,39,0.2,62.4,18.82,30.16,First Class,Credit Card,4
ORD-20241638,2024-04-27,2024-04-30,CUST-1070,Aarav Mehta,Home Office,West,Denver,Furniture,Chairs,Executive Leather Recliner,1,399,0.1,359.1,63.34,17.64,Standard Class,Credit Card,5
ORD-20240991,2024-04-29,2024-05-03,CUST-1047,Michael Chopra,Consumer,North,Chicago,Furniture,Chairs,Executive Leather Recliner,3,399,0.0,1197.0,278.4,23.26,Standard Class,Debit Card,5
ORD-20240216,2024-04-30,2024-05-04,CUST-1008,Rahul Reddy,Home Office,East,Pittsburgh,Furniture,Chairs,Steelcase Series 1 Task Chair,3,499,0.05,1422.15,353.48,24.86,First Class,Debit Card,5
ORD-20241216,2024-05-01,2024-05-04,CUST-1092,Kavita Williams,Corporate,West,Los Angeles,Office Supplies,Binders & Organizers,Desktop Acrylic Organizer,1,34,0.05,32.3,9.59,29.69,Standard Class,Credit Card,5
ORD-20240840,2024-05-01,2024-05-04,CUST-1201,Vikram Reddy,Corporate,West,Seattle,Office Supplies,Stationery,Pilot G2 Gel Pens Bulk Pack,1,22,0.05,20.9,6.03,28.85,Standard Class,UPI / Instant Transfer,5
ORD-20240797,2024-05-01,2024-05-04,CUST-1237,Michael Williams,Consumer,North,New York,Office Supplies,Stationery,Parker Fountain Pen Set,1,65,0.0,65.0,26.89,41.37,Standard Class,Credit Card,5
ORD-20240220,2024-05-02,2024-05-05,CUST-1231,Rahul Johnson,Corporate,North,Chicago,Technology,Phones,OnePlus 12,1,649,0.0,649.0,144.9,22.33,Standard Class,Debit Card,5
ORD-20241602,2024-05-02,2024-05-06,CUST-1008,Rahul Reddy,Home Office,East,Washington D.C.,Office Supplies,Binders & Organizers,Heavy Duty Ring Binders 6-Pack,2,29,0.0,58.0,24.35,41.98,Second Class,UPI / Instant Transfer,5
ORD-20240298,2024-05-03,2024-05-07,CUST-1101,Rohan Verma,Consumer,South,Houston,Technology,Accessories,Sony WH-1000XM5 Headphones,3,349,0.0,1047.0,267.0,25.5,Same Day,Credit Card,4
ORD-20241227,2024-05-03,2024-05-04,CUST-1023,James Wilson,Consumer,Central,Indianapolis,Office Supplies,Stationery,Pilot G2 Gel Pens Bulk Pack,2,22,0.05,41.8,12.7,30.38,Same Day,Credit Card,5
ORD-20241428,2024-05-04,2024-05-07,CUST-1135,Jessica Wilson,Home Office,West,Phoenix,Technology,Laptops,HP Spectre x360,1,999,0.0,999.0,314.43,31.47,Standard Class,Credit Card,5
ORD-20240434,2024-05-04,2024-05-07,CUST-1071,Daniel Deshmukh,Corporate,East,Richmond,Furniture,Desks,Minimalist Solid Wood Desk,1,419,0.05,398.05,30.89,7.76,Standard Class,Credit Card,5
ORD-20240590,2024-05-04,2024-05-07,CUST-1152,Olivia Patel,Consumer,North,Boston,Technology,Phones,Apple iPhone 15 Pro,2,999,0.1,1798.2,355.69,19.78,Same Day,UPI / Instant Transfer,4
ORD-20241303,2024-05-05,2024-05-08,CUST-1158,David Gupta,Corporate,East,Philadelphia,Furniture,Chairs,Steelcase Series 1 Task Chair,11,499,0.2,4391.2,-167.73,-3.82,First Class,Credit Card,3
ORD-20240107,2024-05-05,2024-05-07,CUST-1019,Rohan Williams,Consumer,West,San Francisco,Office Supplies,Packaging Supplies,Bubble Cushion Wrap Roll,3,28,0.25,63.0,0.23,0.37,Second Class,Debit Card,4
ORD-20240538,2024-05-06,2024-05-10,CUST-1053,Alex Brown,Home Office,Central,Indianapolis,Technology,Accessories,Sony WH-1000XM5 Headphones,1,349,0.15,296.65,20.49,6.91,Standard Class,Cash on Delivery,2
ORD-20240299,2024-05-06,2024-05-10,CUST-1116,Neha Williams,Home Office,West,Phoenix,Office Supplies,Stationery,Pilot G2 Gel Pens Bulk Pack,1,22,0.1,19.8,5.27,26.62,Standard Class,Credit Card,5
ORD-20240749,2024-05-07,2024-05-10,CUST-1094,Daniel Jones,Corporate,Central,Indianapolis,Furniture,Chairs,Executive Leather Recliner,11,399,0.2,3511.2,207.11,5.9,Standard Class,Credit Card,5
ORD-20240648,2024-05-07,2024-05-10,CUST-1240,Jessica Williams,Consumer,South,Houston,Technology,Laptops,MacBook Air M2,3,1199,0.1,3237.3,516.6,15.96,Standard Class,Cash on Delivery,5
ORD-20240832,2024-05-07,2024-05-10,CUST-1167,Rohan Reddy,Consumer,West,Denver,Furniture,Storage,Modular Wooden Bookshelf,3,189,0.05,538.65,42.34,7.86,First Class,Cash on Delivery,5
ORD-20240378,2024-05-08,2024-05-11,CUST-1187,James Wilson,Corporate,North,Chicago,Technology,Laptops,MacBook Air M2,2,1199,0.0,2398.0,551.73,23.01,Second Class,Debit Card,1
ORD-20240621,2024-05-09,2024-05-12,CUST-1139,Alex Wilson,Consumer,East,Washington D.C.,Technology,Accessories,Keychron K2 Mechanical Keyboard,3,89,0.0,267.0,92.33,34.58,Standard Class,Credit Card,4
ORD-20241411,2024-05-09,2024-05-13,CUST-1010,Aarav Wilson,Corporate,East,Philadelphia,Office Supplies,Stationery,Sharpie Highlighters Box,3,16,0.1,43.2,9.92,22.96,Second Class,Debit Card,5
ORD-20240454,2024-05-10,2024-05-13,CUST-1104,Rohan Davis,Consumer,North,Boston,Office Supplies,Paper & Notebooks,Premium Copy Paper 5-Pack,2,39,0.05,74.1,24.75,33.4,Second Class,Credit Card,4
ORD-20241595,2024-05-10,2024-05-13,CUST-1215,Rohan Mehta,Corporate,South,Dallas,Office Supplies,Stationery,Parker Fountain Pen Set,1,65,0.05,61.75,22.38,36.24,Standard Class,Net Banking,5
ORD-20241597,2024-05-10,2024-05-11,CUST-1054,Alex Williams,Home Office,North,Boston,Office Supplies,Stationery,Parker Fountain Pen Set,4,65,0.0,260.0,94.18,36.22,Standard Class,Credit Card,5
ORD-20241712,2024-05-10,2024-05-13,CUST-1114,Jessica Jones,Corporate,West,Los Angeles,Furniture,Chairs,Steelcase Series 1 Task Chair,5,499,0.15,2120.75,85.37,4.03,Standard Class,Debit Card,5
ORD-20240592,2024-05-12,2024-05-14,CUST-1013,James Taylor,Corporate,East,Baltimore,Technology,Phones,OnePlus 12,1,649,0.0,649.0,152.11,23.44,Standard Class,UPI / Instant Transfer,5
ORD-20240911,2024-05-12,2024-05-14,CUST-1011,Rahul Wilson,Consumer,North,New York,Furniture,Desks,Minimalist Solid Wood Desk,1,419,0.05,398.05,45.81,11.51,Standard Class,Debit Card,3
ORD-20241790,2024-05-14,2024-05-16,CUST-1148,Pooja Williams,Consumer,North,Boston,Office Supplies,Paper & Notebooks,Moleskine Executive Journal,3,24,0.05,68.4,22.97,33.58,Standard Class,Debit Card,4
ORD-20241596,2024-05-14,2024-05-18,CUST-1221,Arjun Verma,Corporate,Central,Kansas City,Technology,Smart Watches,Samsung Galaxy Watch 6,3,299,0.1,807.3,125.26,15.52,First Class,Credit Card,4
ORD-20240774,2024-05-15,2024-05-18,CUST-1071,Daniel Deshmukh,Corporate,South,Dallas,Furniture,Chairs,Executive Leather Recliner,1,399,0.05,379.05,77.74,20.51,Standard Class,Debit Card,4
ORD-20240303,2024-05-15,2024-05-20,CUST-1167,Rohan Reddy,Consumer,South,Austin,Office Supplies,Binders & Organizers,Cable Management Tray Kit,1,25,0.0,25.0,8.85,35.4,First Class,Credit Card,5
ORD-20240787,2024-05-16,2024-05-19,CUST-1157,Pooja Mehta,Corporate,East,Baltimore,Technology,Phones,Google Pixel 8,5,699,0.0,3495.0,1215.05,34.77,Standard Class,UPI / Instant Transfer,4
ORD-20241671,2024-05-16,2024-05-19,CUST-1040,David Mehta,Consumer,Central,Indianapolis,Technology,Laptops,MacBook Air M2,1,1199,0.05,1139.05,181.38,15.92,Standard Class,Cash on Delivery,5
ORD-20241115,2024-05-16,2024-05-21,CUST-1056,Vikram Davis,Home Office,West,Seattle,Office Supplies,Binders & Organizers,Desktop Acrylic Organizer,1,34,0.15,28.9,6.75,23.36,Second Class,Credit Card,5
ORD-20240763,2024-05-16,2024-05-19,CUST-1244,Aarav Iyer,Consumer,North,Detroit,Furniture,Lighting,Architect LED Desk Lamp,1,79,0.0,79.0,10.7,13.54,Same Day,Debit Card,5
ORD-20240705,2024-05-17,2024-05-19,CUST-1165,Daniel Mehta,Consumer,North,Minneapolis,Furniture,Storage,3-Drawer Mobile Filing Cabinet,1,149,0.1,134.1,20.61,15.37,Standard Class,Credit Card,5
ORD-20240189,2024-05-17,2024-05-19,CUST-1062,David Anderson,Consumer,East,Philadelphia,Technology,Accessories,Logitech MX Master 3S Mouse,2,99,0.05,188.1,55.31,29.4,Standard Class,UPI / Instant Transfer,5
ORD-20240397,2024-05-18,2024-05-23,CUST-1078,Olivia Smith,Consumer,North,Boston,Technology,Laptops,Lenovo ThinkPad X1,1,1299,0.15,1104.15,125.41,11.36,Second Class,Credit Card,5
ORD-20240463,2024-05-19,2024-05-20,CUST-1165,Daniel Mehta,Consumer,West,Denver,Office Supplies,Packaging Supplies,Bubble Cushion Wrap Roll,2,28,0.05,53.2,13.22,24.85,Standard Class,UPI / Instant Transfer,5
ORD-20241617,2024-05-19,2024-05-21,CUST-1199,Sarah Wilson,Home Office,Central,Kansas City,Furniture,Desks,L-Shaped Corner Workstation,1,329,0.15,279.65,46.23,16.53,Standard Class,Credit Card,4
ORD-20240542,2024-05-19,2024-05-22,CUST-1093,Sarah Jones,Corporate,East,Richmond,Office Supplies,Paper & Notebooks,Moleskine Executive Journal,1,24,0.0,24.0,7.92,33.0,Second Class,Credit Card,5
ORD-20241510,2024-05-19,2024-05-21,CUST-1249,James Chopra,Home Office,Central,St. Louis,Technology,Phones,Google Pixel 8,5,699,0.3,2446.5,-183.0,-7.48,Standard Class,UPI / Instant Transfer,5
ORD-20240215,2024-05-20,2024-05-23,CUST-1042,Michael Verma,Consumer,West,Seattle,Office Supplies,Binders & Organizers,Heavy Duty Ring Binders 6-Pack,1,29,0.1,26.1,5.08,19.46,Standard Class,Cash on Delivery,4
ORD-20240704,2024-05-20,2024-05-23,CUST-1076,Ananya Wilson,Corporate,South,Dallas,Furniture,Desks,Minimalist Solid Wood Desk,12,419,0.3,3519.6,-401.59,-11.41,First Class,UPI / Instant Transfer,3
ORD-20240345,2024-05-21,2024-05-25,CUST-1169,Ananya Jones,Consumer,North,Chicago,Furniture,Desks,Motorized Standing Desk 60x30,1,549,0.05,521.55,103.81,19.9,First Class,Credit Card,5
ORD-20241488,2024-05-21,2024-05-23,CUST-1031,Pooja Singh,Corporate,West,Seattle,Office Supplies,Stationery,Sharpie Highlighters Box,8,16,0.05,121.6,50.9,41.86,Standard Class,Credit Card,5
ORD-20240750,2024-05-23,2024-05-26,CUST-1178,Olivia Chopra,Consumer,East,Richmond,Furniture,Desks,Minimalist Solid Wood Desk,1,419,0.15,356.15,44.97,12.63,Standard Class,Debit Card,5
ORD-20241461,2024-05-23,2024-05-27,CUST-1221,Arjun Verma,Corporate,North,Minneapolis,Office Supplies,Binders & Organizers,Heavy Duty Ring Binders 6-Pack,1,29,0.0,29.0,8.18,28.21,Standard Class,UPI / Instant Transfer,5
ORD-20240806,2024-05-24,2024-05-25,CUST-1020,Priya Johnson,Consumer,North,Minneapolis,Furniture,Desks,Motorized Standing Desk 60x30,2,549,0.0,1098.0,225.15,20.51,Second Class,Debit Card,2
ORD-20240492,2024-05-24,2024-05-28,CUST-1044,Michael Williams,Home Office,East,Richmond,Technology,Smart Watches,Apple Watch Series 9,5,399,0.0,1995.0,668.33,33.5,Standard Class,Credit Card,4
ORD-20240084,2024-05-24,2024-05-28,CUST-1080,Priya Johnson,Consumer,West,San Francisco,Office Supplies,Paper & Notebooks,Premium Copy Paper 5-Pack,2,39,0.1,70.2,22.18,31.6,Standard Class,Credit Card,5
ORD-20241365,2024-05-24,2024-05-28,CUST-1024,Priya Williams,Consumer,North,Minneapolis,Furniture,Lighting,Architect LED Desk Lamp,2,79,0.1,142.2,25.95,18.25,Standard Class,Debit Card,5
ORD-20240584,2024-05-25,2024-05-27,CUST-1081,Kavita Reddy,Home Office,North,Chicago,Furniture,Storage,Steel Storage Credenza,1,279,0.05,265.05,24.41,9.21,First Class,Credit Card,5
ORD-20240029,2024-05-25,2024-05-26,CUST-1043,Pooja Verma,Consumer,East,Richmond,Office Supplies,Binders & Organizers,Desktop Acrylic Organizer,1,34,0.1,30.6,7.14,23.33,Same Day,UPI / Instant Transfer,2
ORD-20240688,2024-05-26,2024-05-29,CUST-1212,Pooja Sharma,Corporate,West,Phoenix,Technology,Accessories,Anker 100W Fast Charger,2,59,0.1,106.2,24.4,22.98,Same Day,Credit Card,3
ORD-20241186,2024-05-27,2024-05-29,CUST-1008,Rahul Reddy,Home Office,West,Los Angeles,Furniture,Lighting,Architect LED Desk Lamp,1,79,0.0,79.0,21.47,27.18,Standard Class,Debit Card,5
ORD-20240258,2024-05-27,2024-05-30,CUST-1175,Priya Singh,Corporate,West,Los Angeles,Furniture,Storage,Steel Storage Credenza,7,279,0.2,1562.4,188.19,12.04,Second Class,Credit Card,4
ORD-20240804,2024-05-27,2024-05-31,CUST-1142,Alex Miller,Consumer,West,San Francisco,Technology,Laptops,MacBook Air M2,3,1199,0.0,3597.0,883.54,24.56,Standard Class,Debit Card,5
ORD-20241053,2024-05-28,2024-05-30,CUST-1187,James Wilson,Corporate,East,Baltimore,Furniture,Storage,Modular Wooden Bookshelf,3,189,0.15,481.95,43.81,9.09,First Class,Debit Card,2
ORD-20240755,2024-05-29,2024-06-02,CUST-1058,Neha Singh,Consumer,East,Philadelphia,Technology,Smart Watches,Apple Watch Series 9,1,399,0.0,399.0,84.25,21.12,Standard Class,Credit Card,5
ORD-20241288,2024-05-31,2024-06-02,CUST-1115,Neha Singh,Corporate,South,Dallas,Office Supplies,Paper & Notebooks,Premium Copy Paper 5-Pack,12,39,0.0,468.0,165.52,35.37,Standard Class,Credit Card,5
ORD-20241209,2024-05-31,2024-06-04,CUST-1193,Sophia Gupta,Home Office,West,Phoenix,Furniture,Storage,Modular Wooden Bookshelf,1,189,0.0,189.0,52.02,27.52,Standard Class,Credit Card,3
ORD-20241114,2024-05-31,2024-06-01,CUST-1091,Sophia Chopra,Consumer,North,Boston,Office Supplies,Binders & Organizers,Cable Management Tray Kit,1,25,0.05,23.75,7.85,33.05,First Class,Credit Card,4
ORD-20240039,2024-06-01,2024-06-04,CUST-1124,James Wilson,Consumer,East,Baltimore,Office Supplies,Packaging Supplies,Heavy Duty Packing Tape 6-Pack,5,21,0.15,89.25,10.9,12.21,Second Class,UPI / Instant Transfer,5
ORD-20241250,2024-06-02,2024-06-05,CUST-1099,Pooja Taylor,Consumer,Central,Columbus,Technology,Accessories,Logitech MX Master 3S Mouse,4,99,0.05,376.2,71.9,19.11,Standard Class,Debit Card,5
ORD-20240428,2024-06-02,2024-06-04,CUST-1038,Sophia Reddy,Consumer,South,Atlanta,Furniture,Storage,Modular Wooden Bookshelf,3,189,0.25,425.25,-1.12,-0.26,First Class,Cash on Delivery,5
ORD-20241065,2024-06-03,2024-06-05,CUST-1058,Neha Singh,Consumer,Central,St. Louis,Office Supplies,Packaging Supplies,Bubble Cushion Wrap Roll,3,28,0.05,79.8,27.64,34.64,Second Class,Credit Card,3
ORD-20241151,2024-06-03,2024-06-06,CUST-1120,James Gupta,Corporate,South,Dallas,Furniture,Storage,Steel Storage Credenza,3,279,0.1,753.3,48.84,6.48,Standard Class,Credit Card,5
ORD-20241496,2024-06-05,2024-06-08,CUST-1027,Sarah Taylor,Consumer,West,San Francisco,Technology,Accessories,Logitech MX Master 3S Mouse,3,99,0.05,282.15,64.93,23.01,Standard Class,Credit Card,5
ORD-20241376,2024-06-06,2024-06-09,CUST-1019,Rohan Williams,Consumer,East,Washington D.C.,Technology,Laptops,Dell XPS 13,1,1099,0.0,1099.0,376.07,34.22,First Class,UPI / Instant Transfer,5
ORD-20241679,2024-06-06,2024-06-10,CUST-1121,Jessica Deshmukh,Corporate,South,Miami,Office Supplies,Paper & Notebooks,Moleskine Executive Journal,1,24,0.15,20.4,4.39,21.52,Standard Class,Debit Card,4
ORD-20241164,2024-06-06,2024-06-09,CUST-1061,Rohan Williams,Consumer,North,New York,Technology,Phones,Google Pixel 8,4,699,0.1,2516.4,633.47,25.17,Second Class,Cash on Delivery,4
ORD-20240343,2024-06-07,2024-06-10,CUST-1150,Pooja Taylor,Consumer,East,Baltimore,Office Supplies,Packaging Supplies,Heavy Duty Packing Tape 6-Pack,2,21,0.3,29.4,2.96,10.07,Standard Class,Credit Card,5
ORD-20241124,2024-06-07,2024-06-12,CUST-1236,Kavita Brown,Corporate,East,Pittsburgh,Office Supplies,Packaging Supplies,Heavy Duty Packing Tape 6-Pack,4,21,0.0,84.0,31.66,37.69,Standard Class,UPI / Instant Transfer,5
ORD-20241358,2024-06-07,2024-06-10,CUST-1037,Olivia Deshmukh,Consumer,West,Phoenix,Office Supplies,Binders & Organizers,Cable Management Tray Kit,1,25,0.05,23.75,6.65,28.0,Same Day,Net Banking,4
ORD-20240407,2024-06-08,2024-06-12,CUST-1219,Priya Mehta,Corporate,North,New York,Office Supplies,Paper & Notebooks,Moleskine Executive Journal,7,24,0.0,168.0,52.29,31.12,Same Day,Debit Card,5
ORD-20241433,2024-06-08,2024-06-12,CUST-1096,Pooja Patel,Consumer,South,Austin,Office Supplies,Stationery,Parker Fountain Pen Set,5,65,0.0,325.0,89.22,27.45,Standard Class,Credit Card,3
ORD-20241052,2024-06-09,2024-06-11,CUST-1133,David Mehta,Consumer,West,Phoenix,Furniture,Storage,3-Drawer Mobile Filing Cabinet,5,149,0.05,707.75,71.43,10.09,First Class,UPI / Instant Transfer,5
ORD-20241338,2024-06-09,2024-06-11,CUST-1012,Jessica Reddy,Home Office,South,Dallas,Technology,Laptops,Dell XPS 13,1,1099,0.0,1099.0,310.56,28.26,Standard Class,Credit Card,4
ORD-20241666,2024-06-10,2024-06-14,CUST-1190,Rohan Gupta,Consumer,South,Atlanta,Technology,Laptops,Lenovo ThinkPad X1,2,1299,0.0,2598.0,750.86,28.9,Standard Class,UPI / Instant Transfer,4
ORD-20240070,2024-06-10,2024-06-13,CUST-1185,Michael Gupta,Consumer,East,Richmond,Office Supplies,Paper & Notebooks,Moleskine Executive Journal,1,24,0.15,20.4,6.96,34.12,Standard Class,Debit Card,5
ORD-20240448,2024-06-10,2024-06-12,CUST-1004,Priya Wilson,Corporate,Central,Nashville,Office Supplies,Paper & Notebooks,Moleskine Executive Journal,2,24,0.0,48.0,12.54,26.12,Standard Class,Credit Card,4
ORD-20240203,2024-06-11,2024-06-15,CUST-1225,Olivia Davis,Consumer,East,Philadelphia,Office Supplies,Binders & Organizers,Desktop Acrylic Organizer,1,34,0.1,30.6,7.49,24.48,Second Class,Credit Card,5
ORD-20241632,2024-06-11,2024-06-15,CUST-1052,Sophia Mehta,Corporate,West,Los Angeles,Technology,Phones,OnePlus 12,1,649,0.0,649.0,144.86,22.32,Standard Class,Cash on Delivery,4
ORD-20240822,2024-06-11,2024-06-14,CUST-1219,Priya Mehta,Corporate,North,Chicago,Furniture,Lighting,Architect LED Desk Lamp,1,79,0.05,75.05,8.11,10.81,Standard Class,Debit Card,5
ORD-20241192,2024-06-11,2024-06-13,CUST-1234,Michael Singh,Consumer,East,Washington D.C.,Technology,Phones,Apple iPhone 15 Pro,1,999,0.15,849.15,166.01,19.55,Second Class,Credit Card,5
ORD-20240900,2024-06-11,2024-06-13,CUST-1171,Olivia Davis,Corporate,North,Detroit,Office Supplies,Packaging Supplies,Heavy Duty Packing Tape 6-Pack,6,21,0.0,126.0,34.5,27.38,Second Class,UPI / Instant Transfer,4
ORD-20241776,2024-06-12,2024-06-14,CUST-1200,Jessica Anderson,Corporate,South,Austin,Office Supplies,Paper & Notebooks,Moleskine Executive Journal,7,24,0.0,168.0,54.29,32.32,Standard Class,Credit Card,5
ORD-20241397,2024-06-13,2024-06-16,CUST-1239,Vikram Chopra,Corporate,Central,Kansas City,Furniture,Chairs,Gaming Bucket Chair,7,199,0.0,1393.0,368.94,26.49,Same Day,Credit Card,5
ORD-20240828,2024-06-13,2024-06-18,CUST-1112,Priya Brown,Consumer,East,Richmond,Furniture,Chairs,Executive Leather Recliner,1,399,0.1,359.1,35.52,9.89,Standard Class,Debit Card,5
ORD-20241170,2024-06-14,2024-06-15,CUST-1017,Vikram Chopra,Consumer,West,Seattle,Office Supplies,Paper & Notebooks,Spiral Dot Grid Notebook Pack,3,19,0.05,54.15,15.12,27.92,Second Class,Credit Card,3
ORD-20240090,2024-06-14,2024-06-18,CUST-1206,Arjun Deshmukh,Consumer,Central,Indianapolis,Furniture,Chairs,Gaming Bucket Chair,4,199,0.05,756.2,184.3,24.37,First Class,Credit Card,4
ORD-20240903,2024-06-14,2024-06-17,CUST-1136,Emily Gupta,Consumer,South,Atlanta,Office Supplies,Paper & Notebooks,Spiral Dot Grid Notebook Pack,5,19,0.0,95.0,42.12,44.34,First Class,Debit Card,5
ORD-20241279,2024-06-15,2024-06-18,CUST-1243,David Wilson,Home Office,North,Boston,Technology,Smart Watches,Samsung Galaxy Watch 6,3,299,0.0,897.0,250.28,27.9,Same Day,Debit Card,5
ORD-20241744,2024-06-15,2024-06-18,CUST-1102,Pooja Patel,Corporate,Central,Kansas City,Furniture,Desks,Motorized Standing Desk 60x30,3,549,0.1,1482.3,253.22,17.08,Standard Class,UPI / Instant Transfer,5
ORD-20240279,2024-06-17,2024-06-21,CUST-1236,Kavita Brown,Corporate,West,Los Angeles,Technology,Laptops,Dell XPS 13,1,1099,0.05,1044.05,309.4,29.63,Second Class,Net Banking,4
ORD-20241348,2024-06-17,2024-06-21,CUST-1207,Priya Williams,Consumer,Central,Kansas City,Technology,Laptops,HP Spectre x360,5,999,0.0,4995.0,1161.1,23.25,Second Class,Debit Card,5
ORD-20241281,2024-06-17,2024-06-19,CUST-1154,Alex Davis,Consumer,East,Richmond,Furniture,Chairs,Ergonomic Mesh Office Chair,1,249,0.15,211.65,36.97,17.47,Second Class,Credit Card,5
ORD-20240783,2024-06-18,2024-06-21,CUST-1131,Neha Deshmukh,Consumer,West,Phoenix,Furniture,Lighting,Ambient Floor Standing Lamp,1,119,0.0,119.0,23.45,19.71,Standard Class,Credit Card,5
ORD-20241200,2024-06-18,2024-06-22,CUST-1123,Pooja Patel,Consumer,Central,Nashville,Furniture,Desks,Motorized Standing Desk 60x30,2,549,0.2,878.4,-58.72,-6.68,Standard Class,Credit Card,4
ORD-20241491,2024-06-18,2024-06-21,CUST-1109,Emily Reddy,Consumer,Central,Nashville,Technology,Smart Watches,Garmin Venu 3,3,449,0.05,1279.65,202.24,15.8,Standard Class,UPI / Instant Transfer,2
ORD-20241774,2024-06-19,2024-06-24,CUST-1237,Michael Williams,Consumer,East,Philadelphia,Office Supplies,Stationery,Parker Fountain Pen Set,4,65,0.1,234.0,53.34,22.79,Second Class,UPI / Instant Transfer,5
ORD-20240604,2024-06-19,2024-06-23,CUST-1190,Rohan Gupta,Consumer,West,Denver,Furniture,Chairs,Gaming Bucket Chair,2,199,0.0,398.0,78.61,19.75,First Class,UPI / Instant Transfer,4
ORD-20240472,2024-06-20,2024-06-22,CUST-1188,Jessica Wilson,Corporate,East,Philadelphia,Office Supplies,Binders & Organizers,Heavy Duty Ring Binders 6-Pack,1,29,0.05,27.55,8.84,32.09,Standard Class,Credit Card,2
ORD-20241252,2024-06-21,2024-06-25,CUST-1054,Alex Williams,Home Office,South,Miami,Furniture,Lighting,Ambient Floor Standing Lamp,1,119,0.0,119.0,30.75,25.84,Second Class,Credit Card,4
ORD-20240945,2024-06-22,2024-06-24,CUST-1235,Kavita Davis,Consumer,East,Richmond,Technology,Laptops,Lenovo ThinkPad X1,1,1299,0.0,1299.0,291.21,22.42,Second Class,Credit Card,4
ORD-20241747,2024-06-23,2024-06-26,CUST-1100,Pooja Sharma,Consumer,East,Richmond,Office Supplies,Binders & Organizers,Cable Management Tray Kit,3,25,0.2,60.0,8.7,14.5,First Class,Debit Card,4
ORD-20241260,2024-06-24,2024-06-28,CUST-1132,David Sharma,Consumer,North,Minneapolis,Office Supplies,Paper & Notebooks,Premium Copy Paper 5-Pack,1,39,0.0,39.0,16.33,41.87,Standard Class,UPI / Instant Transfer,5
ORD-20240502,2024-06-24,2024-06-28,CUST-1057,Emily Patel,Consumer,East,Richmond,Technology,Laptops,Dell XPS 13,1,1099,0.15,934.15,139.15,14.9,Standard Class,Credit Card,1
ORD-20240601,2024-06-24,2024-06-27,CUST-1118,Pooja Chopra,Consumer,West,Phoenix,Office Supplies,Packaging Supplies,Heavy Duty Packing Tape 6-Pack,2,21,0.25,31.5,5.37,17.05,Second Class,UPI / Instant Transfer,4
ORD-20241529,2024-06-25,2024-06-27,CUST-1066,Sophia Mehta,Corporate,East,Baltimore,Furniture,Lighting,Architect LED Desk Lamp,3,79,0.05,225.15,43.82,19.46,Standard Class,Credit Card,5
ORD-20240744,2024-06-25,2024-06-28,CUST-1097,Michael Sharma,Corporate,North,Detroit,Office Supplies,Packaging Supplies,Heavy Duty Packing Tape 6-Pack,2,21,0.0,42.0,17.92,42.67,First Class,Credit Card,5
ORD-20241426,2024-06-26,2024-06-29,CUST-1227,Alex Chopra,Home Office,South,Houston,Furniture,Chairs,Executive Leather Recliner,3,399,0.05,1137.15,230.88,20.3,Standard Class,Credit Card,5
ORD-20240610,2024-06-26,2024-06-28,CUST-1156,Rahul Smith,Consumer,West,Los Angeles,Furniture,Lighting,Ambient Floor Standing Lamp,1,119,0.05,113.05,8.35,7.39,Standard Class,Net Banking,5
ORD-20241674,2024-06-26,2024-06-28,CUST-1095,Priya Reddy,Corporate,South,Atlanta,Technology,Laptops,Dell XPS 13,3,1099,0.0,3297.0,912.79,27.69,Second Class,Credit Card,5
ORD-20240059,2024-06-27,2024-06-29,CUST-1222,Priya Anderson,Corporate,North,Chicago,Technology,Accessories,Logitech MX Master 3S Mouse,2,99,0.0,198.0,65.54,33.1,Standard Class,Cash on Delivery,5
ORD-20240241,2024-06-27,2024-06-30,CUST-1144,Ananya Verma,Consumer,Central,St. Louis,Technology,Laptops,HP Spectre x360,1,999,0.1,899.1,230.67,25.66,Standard Class,Credit Card,4
ORD-20240326,2024-06-28,2024-07-01,CUST-1021,Sarah Anderson,Corporate,East,Washington D.C.,Office Supplies,Stationery,Pilot G2 Gel Pens Bulk Pack,4,22,0.2,70.4,7.05,10.01,Standard Class,Credit Card,4
ORD-20240098,2024-06-28,2024-07-02,CUST-1176,Sophia Gupta,Consumer,West,Denver,Office Supplies,Stationery,Parker Fountain Pen Set,1,65,0.15,55.25,13.55,24.52,Standard Class,Debit Card,5
ORD-20240237,2024-06-29,2024-07-01,CUST-1082,Neha Reddy,Corporate,East,Richmond,Technology,Accessories,Logitech MX Master 3S Mouse,2,99,0.3,138.6,-16.28,-11.75,Standard Class,Credit Card,5
ORD-20240078,2024-06-30,2024-07-05,CUST-1161,Aarav Jones,Consumer,West,Denver,Office Supplies,Packaging Supplies,Heavy Duty Packing Tape 6-Pack,4,21,0.1,75.6,26.86,35.53,First Class,Credit Card,5
ORD-20240263,2024-06-30,2024-07-05,CUST-1122,Arjun Jones,Home Office,Central,Nashville,Furniture,Storage,3-Drawer Mobile Filing Cabinet,3,149,0.0,447.0,67.25,15.04,Standard Class,Debit Card,5
ORD-20241566,2024-06-30,2024-07-02,CUST-1059,Vikram Deshmukh,Consumer,West,Seattle,Furniture,Desks,Minimalist Solid Wood Desk,1,419,0.0,419.0,92.1,21.98,Second Class,Credit Card,5
ORD-20241005,2024-07-01,2024-07-05,CUST-1095,Priya Reddy,Corporate,East,Baltimore,Office Supplies,Paper & Notebooks,Spiral Dot Grid Notebook Pack,2,19,0.0,38.0,15.35,40.39,Standard Class,Credit Card,5
ORD-20241363,2024-07-01,2024-07-05,CUST-1071,Daniel Deshmukh,Corporate,East,Washington D.C.,Furniture,Chairs,Steelcase Series 1 Task Chair,3,499,0.3,1047.9,-78.51,-7.49,Second Class,Credit Card,5
ORD-20240599,2024-07-02,2024-07-06,CUST-1216,Sarah Davis,Consumer,West,Los Angeles,Technology,Smart Watches,Garmin Venu 3,1,449,0.05,426.55,104.06,24.4,Standard Class,UPI / Instant Transfer,4
ORD-20240476,2024-07-03,2024-07-05,CUST-1003,Pooja Gupta,Corporate,North,New York,Technology,Smart Watches,Apple Watch Series 9,8,399,0.0,3192.0,981.56,30.75,Standard Class,Debit Card,5
ORD-20241700,2024-07-03,2024-07-05,CUST-1037,Olivia Deshmukh,Consumer,West,San Francisco,Technology,Phones,Samsung Galaxy S24,1,849,0.0,849.0,289.0,34.04,Standard Class,UPI / Instant Transfer,5
ORD-20240823,2024-07-03,2024-07-06,CUST-1235,Kavita Davis,Consumer,West,Denver,Technology,Smart Watches,Samsung Galaxy Watch 6,1,299,0.0,299.0,77.54,25.93,Standard Class,UPI / Instant Transfer,5
ORD-20241788,2024-07-03,2024-07-06,CUST-1006,Jessica Verma,Consumer,South,Dallas,Furniture,Storage,Modular Wooden Bookshelf,1,189,0.2,151.2,2.9,1.92,Standard Class,Credit Card,5
ORD-20241787,2024-07-04,2024-07-06,CUST-1151,Olivia Verma,Home Office,East,Philadelphia,Technology,Phones,Google Pixel 8,1,699,0.15,594.15,56.15,9.45,Standard Class,Debit Card,5
ORD-20240271,2024-07-04,2024-07-06,CUST-1121,Jessica Deshmukh,Corporate,South,Miami,Office Supplies,Stationery,Sharpie Highlighters Box,6,16,0.0,96.0,28.91,30.11,First Class,Credit Card,5
ORD-20240790,2024-07-04,2024-07-07,CUST-1209,Pooja Chopra,Consumer,South,Dallas,Office Supplies,Packaging Supplies,Bubble Cushion Wrap Roll,2,28,0.0,56.0,23.38,41.75,Same Day,Debit Card,5
ORD-20241442,2024-07-05,2024-07-08,CUST-1246,Jessica Taylor,Home Office,North,Detroit,Technology,Phones,OnePlus 12,2,649,0.0,1298.0,301.03,23.19,First Class,Net Banking,4
ORD-20240507,2024-07-08,2024-07-12,CUST-1095,Priya Reddy,Corporate,West,Los Angeles,Office Supplies,Paper & Notebooks,Premium Copy Paper 5-Pack,4,39,0.0,156.0,56.91,36.48,Second Class,Credit Card,5
ORD-20241452,2024-07-08,2024-07-10,CUST-1137,Rahul Iyer,Consumer,West,Los Angeles,Technology,Laptops,MacBook Air M2,1,1199,0.0,1199.0,253.73,21.16,Standard Class,Debit Card,4
ORD-20241257,2024-07-09,2024-07-11,CUST-1080,Priya Johnson,Consumer,South,Austin,Technology,Laptops,MacBook Air M2,2,1199,0.05,2278.1,437.72,19.21,Standard Class,UPI / Instant Transfer,3
ORD-20241558,2024-07-09,2024-07-12,CUST-1192,Sarah Taylor,Home Office,North,Boston,Technology,Smart Watches,Apple Watch Series 9,3,399,0.0,1197.0,411.08,34.34,Standard Class,Net Banking,5
ORD-20240190,2024-07-09,2024-07-12,CUST-1138,Rahul Verma,Corporate,South,Austin,Technology,Smart Watches,Samsung Galaxy Watch 6,1,299,0.05,284.05,87.3,30.73,Second Class,Credit Card,5
ORD-20241653,2024-07-09,2024-07-14,CUST-1113,Sarah Brown,Home Office,North,New York,Office Supplies,Binders & Organizers,Heavy Duty Ring Binders 6-Pack,2,29,0.0,58.0,22.38,38.59,Standard Class,Credit Card,5
ORD-20241583,2024-07-10,2024-07-13,CUST-1147,Olivia Patel,Corporate,South,Dallas,Technology,Accessories,Keychron K2 Mechanical Keyboard,4,89,0.1,320.4,87.29,27.24,Standard Class,Debit Card,5
ORD-20240101,2024-07-10,2024-07-13,CUST-1128,Ananya Brown,Home Office,East,Richmond,Furniture,Chairs,Gaming Bucket Chair,1,199,0.1,179.1,10.34,5.77,Standard Class,Debit Card,5
ORD-20240812,2024-07-11,2024-07-14,CUST-1164,Sophia Chopra,Corporate,North,Chicago,Furniture,Chairs,Ergonomic Mesh Office Chair,3,249,0.0,747.0,211.57,28.32,Standard Class,UPI / Instant Transfer,5
ORD-20240975,2024-07-11,2024-07-13,CUST-1025,Rohan Wilson,Consumer,Central,Columbus,Furniture,Chairs,Ergonomic Mesh Office Chair,2,249,0.05,473.1,118.51,25.05,First Class,UPI / Instant Transfer,4
ORD-20241323,2024-07-11,2024-07-15,CUST-1220,Ananya Taylor,Home Office,South,Houston,Furniture,Storage,Modular Wooden Bookshelf,1,189,0.0,189.0,40.93,21.66,Second Class,Credit Card,5
ORD-20241139,2024-07-12,2024-07-16,CUST-1186,Arjun Deshmukh,Corporate,East,Philadelphia,Office Supplies,Paper & Notebooks,Moleskine Executive Journal,5,24,0.0,120.0,49.18,40.98,Standard Class,Credit Card,4
ORD-20240580,2024-07-12,2024-07-15,CUST-1105,Pooja Mehta,Home Office,South,Atlanta,Furniture,Storage,3-Drawer Mobile Filing Cabinet,2,149,0.2,238.4,9.97,4.18,First Class,UPI / Instant Transfer,4
ORD-20241709,2024-07-13,2024-07-15,CUST-1130,Rahul Williams,Consumer,South,Dallas,Technology,Laptops,MacBook Air M2,2,1199,0.15,2038.3,216.63,10.63,Standard Class,Debit Card,5
ORD-20240270,2024-07-13,2024-07-15,CUST-1183,Jessica Mehta,Home Office,South,Austin,Office Supplies,Packaging Supplies,Heavy Duty Packing Tape 6-Pack,2,21,0.15,35.7,5.54,15.52,Standard Class,UPI / Instant Transfer,3
ORD-20240905,2024-07-13,2024-07-17,CUST-1147,Olivia Patel,Corporate,West,Phoenix,Furniture,Storage,Steel Storage Credenza,4,279,0.05,1060.2,153.36,14.47,Standard Class,UPI / Instant Transfer,3
ORD-20241438,2024-07-13,2024-07-17,CUST-1033,James Johnson,Consumer,South,Austin,Technology,Phones,Google Pixel 8,2,699,0.0,1398.0,334.48,23.93,Standard Class,Debit Card,3
ORD-20241063,2024-07-14,2024-07-18,CUST-1197,Sarah Chopra,Corporate,West,Seattle,Furniture,Lighting,Architect LED Desk Lamp,2,79,0.1,142.2,21.94,15.43,Standard Class,UPI / Instant Transfer,5
ORD-20240564,2024-07-15,2024-07-16,CUST-1205,Jessica Reddy,Corporate,East,Pittsburgh,Furniture,Lighting,Ambient Floor Standing Lamp,2,119,0.0,238.0,65.56,27.55,First Class,Credit Card,5
ORD-20240022,2024-07-15,2024-07-17,CUST-1124,James Wilson,Consumer,East,Richmond,Office Supplies,Binders & Organizers,Heavy Duty Ring Binders 6-Pack,3,29,0.0,87.0,32.87,37.78,Standard Class,Debit Card,5
ORD-20241318,2024-07-16,2024-07-20,CUST-1075,Vikram Johnson,Corporate,East,Washington D.C.,Furniture,Lighting,Ambient Floor Standing Lamp,4,119,0.1,428.4,73.35,17.12,Standard Class,Credit Card,4
ORD-20241718,2024-07-17,2024-07-21,CUST-1206,Arjun Deshmukh,Consumer,Central,St. Louis,Technology,Smart Watches,Samsung Galaxy Watch 6,1,299,0.15,254.15,36.52,14.37,Standard Class,UPI / Instant Transfer,4
ORD-20241148,2024-07-18,2024-07-22,CUST-1187,James Wilson,Corporate,Central,St. Louis,Furniture,Lighting,Ambient Floor Standing Lamp,2,119,0.0,238.0,66.75,28.05,Second Class,Credit Card,4
ORD-20240650,2024-07-19,2024-07-24,CUST-1164,Sophia Chopra,Corporate,West,Los Angeles,Furniture,Lighting,Architect LED Desk Lamp,12,79,0.1,853.2,86.71,10.16,Standard Class,Credit Card,5
ORD-20240836,2024-07-19,2024-07-23,CUST-1244,Aarav Iyer,Consumer,North,Boston,Furniture,Lighting,Ambient Floor Standing Lamp,1,119,0.0,119.0,30.9,25.97,Standard Class,UPI / Instant Transfer,5
ORD-20240222,2024-07-19,2024-07-22,CUST-1140,Neha Smith,Home Office,South,Dallas,Technology,Smart Watches,Apple Watch Series 9,1,399,0.0,399.0,89.4,22.41,Standard Class,UPI / Instant Transfer,3
ORD-20240655,2024-07-20,2024-07-22,CUST-1080,Priya Johnson,Consumer,North,New York,Technology,Smart Watches,Samsung Galaxy Watch 6,3,299,0.05,852.15,184.83,21.69,Standard Class,Debit Card,5
ORD-20241523,2024-07-20,2024-07-24,CUST-1020,Priya Johnson,Consumer,North,Chicago,Technology,Laptops,HP Spectre x360,1,999,0.05,949.05,185.01,19.49,Standard Class,Cash on Delivery,4
ORD-20240678,2024-07-20,2024-07-23,CUST-1065,Aarav Singh,Consumer,East,Baltimore,Technology,Laptops,Lenovo ThinkPad X1,1,1299,0.0,1299.0,294.42,22.67,Standard Class,Credit Card,4
ORD-20240323,2024-07-21,2024-07-24,CUST-1125,Priya Verma,Consumer,East,Baltimore,Technology,Laptops,MacBook Air M2,1,1199,0.0,1199.0,384.85,32.1,Standard Class,UPI / Instant Transfer,5
ORD-20241540,2024-07-22,2024-07-25,CUST-1005,Rohan Taylor,Consumer,West,Denver,Technology,Phones,Google Pixel 8,3,699,0.0,2097.0,630.33,30.06,Standard Class,Credit Card,4
ORD-20241198,2024-07-23,2024-07-27,CUST-1189,Aarav Singh,Corporate,East,Washington D.C.,Office Supplies,Binders & Organizers,Desktop Acrylic Organizer,6,34,0.05,193.8,45.52,23.49,Second Class,Credit Card,5
ORD-20240356,2024-07-23,2024-07-25,CUST-1062,David Anderson,Consumer,East,Washington D.C.,Technology,Laptops,Dell XPS 13,3,1099,0.0,3297.0,768.73,23.32,Second Class,Credit Card,5
ORD-20240390,2024-07-25,2024-07-27,CUST-1050,Arjun Gupta,Consumer,North,New York,Office Supplies,Packaging Supplies,Heavy Duty Packing Tape 6-Pack,2,21,0.1,37.8,12.55,33.2,First Class,Credit Card,5
ORD-20240789,2024-07-27,2024-07-30,CUST-1207,Priya Williams,Consumer,West,San Francisco,Furniture,Desks,Minimalist Solid Wood Desk,3,419,0.0,1257.0,172.98,13.76,Standard Class,Credit Card,5
ORD-20241778,2024-07-28,2024-07-30,CUST-1096,Pooja Patel,Consumer,North,Detroit,Furniture,Desks,Motorized Standing Desk 60x30,1,549,0.0,549.0,76.74,13.98,Same Day,Credit Card,4
ORD-20240518,2024-07-29,2024-08-01,CUST-1009,Daniel Anderson,Corporate,East,Baltimore,Technology,Accessories,Anker 100W Fast Charger,2,59,0.0,118.0,25.01,21.19,Standard Class,Credit Card,5
ORD-20240863,2024-07-29,2024-08-01,CUST-1020,Priya Johnson,Consumer,West,Los Angeles,Technology,Phones,Samsung Galaxy S24,2,849,0.0,1698.0,470.1,27.69,Standard Class,Credit Card,5
ORD-20241719,2024-07-30,2024-08-02,CUST-1149,Priya Taylor,Consumer,Central,Nashville,Technology,Smart Watches,Samsung Galaxy Watch 6,3,299,0.05,852.15,233.41,27.39,Standard Class,Net Banking,5
ORD-20241030,2024-07-30,2024-08-02,CUST-1118,Pooja Chopra,Consumer,South,Austin,Furniture,Desks,Motorized Standing Desk 60x30,8,549,0.05,4172.4,1010.12,24.21,Second Class,Credit Card,4
ORD-20241758,2024-07-30,2024-08-02,CUST-1232,Jessica Patel,Consumer,East,Richmond,Furniture,Desks,L-Shaped Corner Workstation,3,329,0.0,987.0,217.95,22.08,Standard Class,UPI / Instant Transfer,5
ORD-20241131,2024-07-30,2024-08-02,CUST-1157,Pooja Mehta,Corporate,North,New York,Furniture,Desks,Minimalist Solid Wood Desk,1,419,0.2,335.2,-7.85,-2.34,First Class,Credit Card,3
ORD-20240844,2024-07-31,2024-08-03,CUST-1126,Sophia Sharma,Consumer,North,Detroit,Technology,Smart Watches,Garmin Venu 3,1,449,0.1,404.1,86.98,21.52,First Class,Credit Card,5
ORD-20241766,2024-08-01,2024-08-04,CUST-1240,Jessica Williams,Consumer,Central,Kansas City,Furniture,Storage,Steel Storage Credenza,1,279,0.0,279.0,45.79,16.41,First Class,Credit Card,5
ORD-20240381,2024-08-01,2024-08-04,CUST-1175,Priya Singh,Corporate,East,Baltimore,Technology,Phones,Apple iPhone 15 Pro,6,999,0.0,5994.0,2051.07,34.22,Standard Class,Credit Card,4
ORD-20241771,2024-08-01,2024-08-04,CUST-1195,Neha Iyer,Consumer,Central,Kansas City,Office Supplies,Packaging Supplies,Bubble Cushion Wrap Roll,2,28,0.05,53.2,14.03,26.37,Same Day,Credit Card,2
ORD-20240817,2024-08-01,2024-08-06,CUST-1156,Rahul Smith,Consumer,North,Chicago,Office Supplies,Packaging Supplies,Bubble Cushion Wrap Roll,3,28,0.0,84.0,23.18,27.6,First Class,UPI / Instant Transfer,5
ORD-20241070,2024-08-02,2024-08-04,CUST-1126,Sophia Sharma,Consumer,Central,St. Louis,Office Supplies,Binders & Organizers,Desktop Acrylic Organizer,1,34,0.3,23.8,-0.34,-1.43,Second Class,Debit Card,5
ORD-20241621,2024-08-02,2024-08-05,CUST-1249,James Chopra,Home Office,East,Washington D.C.,Furniture,Lighting,Ambient Floor Standing Lamp,1,119,0.1,107.1,4.73,4.42,Standard Class,Credit Card,5
ORD-20240897,2024-08-03,2024-08-05,CUST-1181,Emily Mehta,Consumer,Central,Columbus,Office Supplies,Paper & Notebooks,Moleskine Executive Journal,2,24,0.0,48.0,14.7,30.62,Standard Class,UPI / Instant Transfer,5
ORD-20240254,2024-08-04,2024-08-08,CUST-1033,James Johnson,Consumer,North,Detroit,Technology,Smart Watches,Apple Watch Series 9,10,399,0.1,3591.0,498.29,13.88,Second Class,UPI / Instant Transfer,5
ORD-20241724,2024-08-05,2024-08-06,CUST-1089,Daniel Anderson,Home Office,West,Denver,Technology,Accessories,Logitech MX Master 3S Mouse,1,99,0.25,74.25,4.59,6.18,Standard Class,Cash on Delivery,5
ORD-20240700,2024-08-05,2024-08-08,CUST-1017,Vikram Chopra,Consumer,East,Richmond,Furniture,Chairs,Ergonomic Mesh Office Chair,4,249,0.05,946.2,111.39,11.77,First Class,Debit Card,5
ORD-20240853,2024-08-06,2024-08-09,CUST-1204,Ananya Smith,Home Office,East,Washington D.C.,Office Supplies,Paper & Notebooks,Premium Copy Paper 5-Pack,1,39,0.0,39.0,15.85,40.64,Second Class,Cash on Delivery,5
ORD-20240983,2024-08-06,2024-08-09,CUST-1225,Olivia Davis,Consumer,South,Houston,Furniture,Desks,Minimalist Solid Wood Desk,10,419,0.0,4190.0,984.74,23.5,Same Day,Debit Card,5
ORD-20241792,2024-08-07,2024-08-10,CUST-1016,Michael Mehta,Consumer,North,Minneapolis,Office Supplies,Binders & Organizers,Desktop Acrylic Organizer,2,34,0.0,68.0,20.41,30.01,First Class,Debit Card,5
ORD-20241779,2024-08-07,2024-08-09,CUST-1026,Kavita Anderson,Corporate,North,Minneapolis,Office Supplies,Paper & Notebooks,Moleskine Executive Journal,1,24,0.05,22.8,6.3,27.63,Same Day,Credit Card,5
ORD-20240364,2024-08-08,2024-08-12,CUST-1122,Arjun Jones,Home Office,North,Detroit,Office Supplies,Binders & Organizers,Desktop Acrylic Organizer,1,34,0.05,32.3,7.26,22.48,Standard Class,UPI / Instant Transfer,5
ORD-20240524,2024-08-08,2024-08-11,CUST-1114,Jessica Jones,Corporate,West,Denver,Furniture,Desks,Minimalist Solid Wood Desk,8,419,0.2,2681.6,250.99,9.36,Standard Class,Credit Card,5
ORD-20241675,2024-08-09,2024-08-11,CUST-1235,Kavita Davis,Consumer,South,Atlanta,Technology,Accessories,Anker 100W Fast Charger,1,59,0.25,44.25,0.75,1.69,Standard Class,Credit Card,4
ORD-20241364,2024-08-09,2024-08-11,CUST-1196,Sarah Verma,Consumer,East,Washington D.C.,Office Supplies,Binders & Organizers,Cable Management Tray Kit,1,25,0.1,22.5,6.78,30.13,Standard Class,Debit Card,5
ORD-20241635,2024-08-09,2024-08-14,CUST-1040,David Mehta,Consumer,South,Dallas,Office Supplies,Paper & Notebooks,Spiral Dot Grid Notebook Pack,1,19,0.1,17.1,5.69,33.27,Standard Class,Credit Card,5
ORD-20240979,2024-08-09,2024-08-10,CUST-1206,Arjun Deshmukh,Consumer,Central,Indianapolis,Technology,Laptops,HP Spectre x360,4,999,0.0,3996.0,861.57,21.56,First Class,Credit Card,5
ORD-20240430,2024-08-10,2024-08-13,CUST-1122,Arjun Jones,Home Office,West,Denver,Furniture,Chairs,Ergonomic Mesh Office Chair,1,249,0.05,236.55,34.47,14.57,Second Class,UPI / Instant Transfer,5
ORD-20240194,2024-08-11,2024-08-16,CUST-1027,Sarah Taylor,Consumer,South,Miami,Technology,Smart Watches,Samsung Galaxy Watch 6,1,299,0.15,254.15,40.11,15.78,Standard Class,UPI / Instant Transfer,1
ORD-20241193,2024-08-12,2024-08-16,CUST-1244,Aarav Iyer,Consumer,South,Dallas,Office Supplies,Binders & Organizers,Desktop Acrylic Organizer,1,34,0.1,30.6,9.21,30.1,Standard Class,Debit Card,5
ORD-20240049,2024-08-12,2024-08-15,CUST-1159,Kavita Jones,Consumer,East,Washington D.C.,Office Supplies,Paper & Notebooks,Spiral Dot Grid Notebook Pack,2,19,0.0,38.0,13.75,36.18,Second Class,UPI / Instant Transfer,5
ORD-20240957,2024-08-12,2024-08-14,CUST-1210,James Johnson,Consumer,North,Boston,Furniture,Lighting,Architect LED Desk Lamp,2,79,0.0,158.0,41.54,26.29,Second Class,Credit Card,4
ORD-20241255,2024-08-12,2024-08-16,CUST-1166,Vikram Johnson,Corporate,Central,Nashville,Office Supplies,Stationery,Parker Fountain Pen Set,8,65,0.15,442.0,146.64,33.18,First Class,Debit Card,3
ORD-20241327,2024-08-12,2024-08-17,CUST-1142,Alex Miller,Consumer,Central,Indianapolis,Technology,Accessories,Keychron K2 Mechanical Keyboard,2,89,0.1,160.2,37.24,23.25,Second Class,Credit Card,4
ORD-20241610,2024-08-13,2024-08-15,CUST-1087,Emily Wilson,Corporate,South,Dallas,Office Supplies,Binders & Organizers,Desktop Acrylic Organizer,8,34,0.0,272.0,119.27,43.85,Second Class,Debit Card,5
ORD-20240500,2024-08-13,2024-08-14,CUST-1150,Pooja Taylor,Consumer,West,Los Angeles,Furniture,Desks,Motorized Standing Desk 60x30,5,549,0.05,2607.75,494.87,18.98,Standard Class,Net Banking,5
ORD-20240322,2024-08-14,2024-08-17,CUST-1065,Aarav Singh,Consumer,South,Atlanta,Technology,Phones,OnePlus 12,2,649,0.0,1298.0,323.52,24.92,First Class,Debit Card,5
ORD-20240054,2024-08-14,2024-08-17,CUST-1163,Priya Patel,Corporate,West,Seattle,Office Supplies,Packaging Supplies,Bubble Cushion Wrap Roll,7,28,0.3,137.2,24.85,18.11,Second Class,Credit Card,5
ORD-20241019,2024-08-14,2024-08-16,CUST-1182,Neha Patel,Consumer,East,Washington D.C.,Technology,Accessories,Anker 100W Fast Charger,2,59,0.1,106.2,23.68,22.3,Standard Class,Cash on Delivery,5
ORD-20241772,2024-08-15,2024-08-18,CUST-1055,Sarah Reddy,Corporate,West,Seattle,Furniture,Lighting,Architect LED Desk Lamp,3,79,0.1,213.3,21.59,10.12,Standard Class,UPI / Instant Transfer,4
ORD-20240147,2024-08-16,2024-08-20,CUST-1194,Jessica Gupta,Corporate,North,Boston,Furniture,Lighting,Ambient Floor Standing Lamp,3,119,0.0,357.0,89.39,25.04,Second Class,Credit Card,2
ORD-20240966,2024-08-17,2024-08-20,CUST-1007,Aarav Patel,Consumer,West,San Francisco,Furniture,Storage,Modular Wooden Bookshelf,2,189,0.1,340.2,52.98,15.57,Standard Class,Credit Card,4
ORD-20240785,2024-08-17,2024-08-18,CUST-1061,Rohan Williams,Consumer,East,Philadelphia,Office Supplies,Stationery,Pilot G2 Gel Pens Bulk Pack,5,22,0.0,110.0,32.11,29.19,Second Class,UPI / Instant Transfer,4
ORD-20241695,2024-08-17,2024-08-20,CUST-1041,Sophia Reddy,Consumer,North,New York,Technology,Laptops,MacBook Air M2,5,1199,0.0,5995.0,2029.66,33.86,Standard Class,Credit Card,4
ORD-20241611,2024-08-18,2024-08-20,CUST-1244,Aarav Iyer,Consumer,South,Atlanta,Office Supplies,Stationery,Parker Fountain Pen Set,1,65,0.15,55.25,8.47,15.33,Standard Class,Credit Card,5
ORD-20240112,2024-08-18,2024-08-20,CUST-1241,Ananya Anderson,Home Office,Central,St. Louis,Technology,Accessories,Logitech MX Master 3S Mouse,2,99,0.05,188.1,55.68,29.6,Same Day,Credit Card,5
ORD-20240993,2024-08-19,2024-08-23,CUST-1070,Aarav Mehta,Home Office,South,Dallas,Furniture,Storage,Steel Storage Credenza,1,279,0.0,279.0,65.86,23.61,First Class,UPI / Instant Transfer,5
ORD-20241092,2024-08-19,2024-08-24,CUST-1071,Daniel Deshmukh,Corporate,South,Houston,Technology,Laptops,Dell XPS 13,8,1099,0.0,8792.0,2922.52,33.24,First Class,Cash on Delivery,5
ORD-20240464,2024-08-19,2024-08-21,CUST-1155,Michael Mehta,Home Office,North,Minneapolis,Furniture,Desks,Minimalist Solid Wood Desk,2,419,0.05,796.1,127.12,15.97,Standard Class,Debit Card,5
ORD-20240536,2024-08-20,2024-08-22,CUST-1054,Alex Williams,Home Office,South,Atlanta,Furniture,Chairs,Ergonomic Mesh Office Chair,1,249,0.05,236.55,42.92,18.14,Standard Class,Credit Card,5
ORD-20240912,2024-08-21,2024-08-22,CUST-1015,Ananya Brown,Consumer,North,Chicago,Office Supplies,Packaging Supplies,Bubble Cushion Wrap Roll,2,28,0.0,56.0,16.62,29.68,Standard Class,Credit Card,4
ORD-20241746,2024-08-21,2024-08-24,CUST-1137,Rahul Iyer,Consumer,South,Miami,Technology,Phones,Apple iPhone 15 Pro,2,999,0.05,1898.1,442.94,23.34,Standard Class,Net Banking,3
ORD-20241042,2024-08-21,2024-08-24,CUST-1094,Daniel Jones,Corporate,North,Detroit,Office Supplies,Paper & Notebooks,Premium Copy Paper 5-Pack,2,39,0.25,58.5,2.39,4.09,Standard Class,UPI / Instant Transfer,5
ORD-20241527,2024-08-23,2024-08-25,CUST-1140,Neha Smith,Home Office,Central,Indianapolis,Furniture,Desks,L-Shaped Corner Workstation,3,329,0.2,789.6,96.6,12.23,Same Day,UPI / Instant Transfer,3
ORD-20240338,2024-08-23,2024-08-26,CUST-1034,Ananya Johnson,Home Office,North,New York,Technology,Smart Watches,Apple Watch Series 9,2,399,0.0,798.0,171.38,21.48,Second Class,Credit Card,5
ORD-20241536,2024-08-23,2024-08-25,CUST-1001,Priya Sharma,Consumer,North,New York,Office Supplies,Packaging Supplies,Heavy Duty Packing Tape 6-Pack,1,21,0.0,21.0,5.63,26.81,Second Class,UPI / Instant Transfer,5
ORD-20241333,2024-08-24,2024-08-27,CUST-1012,Jessica Reddy,Home Office,South,Houston,Furniture,Chairs,Ergonomic Mesh Office Chair,2,249,0.25,373.5,-14.66,-3.93,Same Day,Credit Card,5
ORD-20241575,2024-08-24,2024-08-27,CUST-1213,Rahul Williams,Corporate,North,New York,Technology,Smart Watches,Samsung Galaxy Watch 6,7,299,0.15,1779.05,414.77,23.31,First Class,Credit Card,4
ORD-20240775,2024-08-24,2024-08-26,CUST-1110,Emily Brown,Consumer,West,Los Angeles,Office Supplies,Packaging Supplies,Bubble Cushion Wrap Roll,1,28,0.0,28.0,11.03,39.39,Standard Class,Credit Card,5
ORD-20241398,2024-08-25,2024-08-26,CUST-1034,Ananya Johnson,Home Office,East,Baltimore,Office Supplies,Stationery,Parker Fountain Pen Set,1,65,0.25,48.75,11.59,23.77,Standard Class,Debit Card,5
ORD-20240236,2024-08-26,2024-08-31,CUST-1026,Kavita Anderson,Corporate,South,Dallas,Furniture,Chairs,Executive Leather Recliner,9,399,0.0,3591.0,534.84,14.89,Second Class,Net Banking,4
ORD-20240703,2024-08-26,2024-08-29,CUST-1181,Emily Mehta,Consumer,North,Chicago,Technology,Phones,Google Pixel 8,1,699,0.05,664.05,184.16,27.73,Standard Class,Credit Card,5
ORD-20241730,2024-08-29,2024-08-31,CUST-1163,Priya Patel,Corporate,East,Pittsburgh,Technology,Accessories,Anker 100W Fast Charger,7,59,0.05,392.35,81.48,20.77,Standard Class,Credit Card,5
ORD-20240362,2024-08-29,2024-09-01,CUST-1220,Ananya Taylor,Home Office,West,San Francisco,Technology,Laptops,HP Spectre x360,3,999,0.0,2997.0,824.36,27.51,First Class,Debit Card,1
ORD-20241249,2024-09-01,2024-09-04,CUST-1112,Priya Brown,Consumer,Central,Nashville,Furniture,Lighting,Architect LED Desk Lamp,1,79,0.15,67.15,6.04,8.99,Second Class,UPI / Instant Transfer,5
ORD-20240872,2024-09-01,2024-09-03,CUST-1175,Priya Singh,Corporate,North,Chicago,Technology,Accessories,Anker 100W Fast Charger,1,59,0.05,56.05,14.74,26.3,Standard Class,UPI / Instant Transfer,5
ORD-20241302,2024-09-02,2024-09-03,CUST-1198,Pooja Singh,Home Office,East,Washington D.C.,Technology,Smart Watches,Samsung Galaxy Watch 6,1,299,0.15,254.15,24.84,9.77,Standard Class,Credit Card,5
ORD-20240210,2024-09-02,2024-09-05,CUST-1029,Neha Reddy,Corporate,South,Houston,Office Supplies,Paper & Notebooks,Spiral Dot Grid Notebook Pack,4,19,0.0,76.0,29.39,38.67,Standard Class,Credit Card,5
ORD-20241246,2024-09-03,2024-09-05,CUST-1159,Kavita Jones,Consumer,Central,Nashville,Furniture,Storage,3-Drawer Mobile Filing Cabinet,1,149,0.05,141.55,28.76,20.32,Standard Class,Credit Card,5
ORD-20240730,2024-09-06,2024-09-08,CUST-1193,Sophia Gupta,Home Office,North,New York,Furniture,Chairs,Executive Leather Recliner,5,399,0.0,1995.0,460.79,23.1,Standard Class,UPI / Instant Transfer,5
ORD-20241230,2024-09-06,2024-09-10,CUST-1206,Arjun Deshmukh,Consumer,South,Dallas,Office Supplies,Packaging Supplies,Heavy Duty Packing Tape 6-Pack,2,21,0.0,42.0,15.64,37.24,Standard Class,Credit Card,4
ORD-20241044,2024-09-07,2024-09-09,CUST-1184,Neha Sharma,Home Office,West,San Francisco,Technology,Accessories,Keychron K2 Mechanical Keyboard,1,89,0.0,89.0,20.06,22.54,Standard Class,UPI / Instant Transfer,5
ORD-20240002,2024-09-07,2024-09-12,CUST-1157,Pooja Mehta,Corporate,North,Detroit,Furniture,Desks,Minimalist Solid Wood Desk,2,419,0.0,838.0,152.44,18.19,Standard Class,Net Banking,5
ORD-20240214,2024-09-07,2024-09-08,CUST-1112,Priya Brown,Consumer,North,Detroit,Office Supplies,Paper & Notebooks,Premium Copy Paper 5-Pack,2,39,0.1,70.2,24.56,34.99,Same Day,Credit Card,5
ORD-20241657,2024-09-07,2024-09-11,CUST-1063,James Davis,Corporate,East,Baltimore,Office Supplies,Packaging Supplies,Heavy Duty Packing Tape 6-Pack,9,21,0.0,189.0,65.17,34.48,First Class,Credit Card,4
ORD-20240149,2024-09-07,2024-09-10,CUST-1103,Neha Smith,Consumer,West,San Francisco,Office Supplies,Stationery,Parker Fountain Pen Set,1,65,0.3,45.5,6.71,14.75,Standard Class,Credit Card,3
ORD-20240421,2024-09-09,2024-09-12,CUST-1199,Sarah Wilson,Home Office,North,Minneapolis,Office Supplies,Packaging Supplies,Heavy Duty Packing Tape 6-Pack,1,21,0.2,16.8,2.85,16.96,Standard Class,Net Banking,5
ORD-20240754,2024-09-10,2024-09-11,CUST-1032,David Mehta,Consumer,Central,Kansas City,Office Supplies,Packaging Supplies,Bubble Cushion Wrap Roll,1,28,0.0,28.0,7.51,26.82,First Class,Cash on Delivery,4
ORD-20240012,2024-09-10,2024-09-12,CUST-1006,Jessica Verma,Consumer,Central,Indianapolis,Technology,Laptops,HP Spectre x360,2,999,0.05,1898.1,534.08,28.14,First Class,Net Banking,4
ORD-20240412,2024-09-10,2024-09-14,CUST-1079,Emily Sharma,Consumer,East,Pittsburgh,Furniture,Desks,Motorized Standing Desk 60x30,1,549,0.0,549.0,102.91,18.74,Standard Class,Credit Card,5
ORD-20240277,2024-09-11,2024-09-13,CUST-1225,Olivia Davis,Consumer,East,Baltimore,Technology,Phones,OnePlus 12,2,649,0.0,1298.0,441.59,34.02,Standard Class,UPI / Instant Transfer,5
ORD-20240786,2024-09-11,2024-09-16,CUST-1054,Alex Williams,Home Office,Central,Kansas City,Technology,Accessories,Keychron K2 Mechanical Keyboard,1,89,0.2,71.2,1.55,2.18,Standard Class,Credit Card,5
ORD-20240118,2024-09-11,2024-09-16,CUST-1231,Rahul Johnson,Corporate,South,Miami,Office Supplies,Binders & Organizers,Heavy Duty Ring Binders 6-Pack,3,29,0.05,82.65,26.12,31.6,Second Class,UPI / Instant Transfer,5
ORD-20240234,2024-09-12,2024-09-15,CUST-1206,Arjun Deshmukh,Consumer,Central,Kansas City,Furniture,Storage,Modular Wooden Bookshelf,2,189,0.05,359.1,32.4,9.02,First Class,Debit Card,5
ORD-20240656,2024-09-13,2024-09-15,CUST-1122,Arjun Jones,Home Office,South,Miami,Technology,Accessories,Logitech MX Master 3S Mouse,5,99,0.15,420.75,53.0,12.6,First Class,Credit Card,4
ORD-20241097,2024-09-14,2024-09-19,CUST-1022,Arjun Verma,Consumer,North,New York,Office Supplies,Packaging Supplies,Bubble Cushion Wrap Roll,2,28,0.0,56.0,20.34,36.32,Standard Class,Debit Card,5
ORD-20240179,2024-09-15,2024-09-18,CUST-1184,Neha Sharma,Home Office,West,Denver,Technology,Smart Watches,Garmin Venu 3,2,449,0.05,853.1,201.16,23.58,Standard Class,Credit Card,3
ORD-20240826,2024-09-15,2024-09-18,CUST-1022,Arjun Verma,Consumer,South,Atlanta,Furniture,Lighting,Architect LED Desk Lamp,1,79,0.1,71.1,3.41,4.8,Second Class,UPI / Instant Transfer,5
ORD-20241219,2024-09-15,2024-09-18,CUST-1022,Arjun Verma,Consumer,South,Atlanta,Furniture,Lighting,Ambient Floor Standing Lamp,1,119,0.3,83.3,-0.74,-0.89,Standard Class,Credit Card,5
ORD-20241356,2024-09-15,2024-09-19,CUST-1032,David Mehta,Consumer,Central,Nashville,Office Supplies,Paper & Notebooks,Premium Copy Paper 5-Pack,2,39,0.0,78.0,21.73,27.86,First Class,Credit Card,5
ORD-20241212,2024-09-17,2024-09-21,CUST-1171,Olivia Davis,Corporate,South,Dallas,Office Supplies,Binders & Organizers,Desktop Acrylic Organizer,8,34,0.05,258.4,87.31,33.79,Standard Class,Debit Card,4
ORD-20240977,2024-09-17,2024-09-20,CUST-1165,Daniel Mehta,Consumer,South,Atlanta,Office Supplies,Stationery,Parker Fountain Pen Set,3,65,0.0,195.0,77.5,39.74,Standard Class,Credit Card,5
ORD-20240438,2024-09-17,2024-09-21,CUST-1079,Emily Sharma,Consumer,East,Richmond,Office Supplies,Binders & Organizers,Heavy Duty Ring Binders 6-Pack,1,29,0.0,29.0,10.75,37.07,First Class,UPI / Instant Transfer,5
ORD-20241381,2024-09-18,2024-09-21,CUST-1043,Pooja Verma,Consumer,West,Phoenix,Office Supplies,Packaging Supplies,Heavy Duty Packing Tape 6-Pack,4,21,0.1,75.6,15.45,20.44,Standard Class,UPI / Instant Transfer,4
ORD-20240752,2024-09-18,2024-09-20,CUST-1167,Rohan Reddy,Consumer,South,Houston,Furniture,Chairs,Steelcase Series 1 Task Chair,2,499,0.2,798.4,74.07,9.28,Standard Class,Credit Card,5
ORD-20240637,2024-09-18,2024-09-22,CUST-1040,David Mehta,Consumer,East,Pittsburgh,Office Supplies,Stationery,Parker Fountain Pen Set,2,65,0.0,130.0,57.79,44.45,First Class,Credit Card,5
ORD-20241071,2024-09-18,2024-09-21,CUST-1242,Alex Iyer,Home Office,West,Los Angeles,Technology,Smart Watches,Samsung Galaxy Watch 6,1,299,0.15,254.15,43.89,17.27,Second Class,Credit Card,2
ORD-20241373,2024-09-18,2024-09-22,CUST-1179,Michael Chopra,Home Office,East,Washington D.C.,Office Supplies,Packaging Supplies,Bubble Cushion Wrap Roll,3,28,0.1,75.6,16.33,21.6,Standard Class,Credit Card,5
ORD-20240244,2024-09-19,2024-09-23,CUST-1185,Michael Gupta,Consumer,North,New York,Furniture,Lighting,Ambient Floor Standing Lamp,5,119,0.2,476.0,6.69,1.41,First Class,Credit Card,5
ORD-20240051,2024-09-20,2024-09-24,CUST-1242,Alex Iyer,Home Office,West,Seattle,Office Supplies,Binders & Organizers,Heavy Duty Ring Binders 6-Pack,2,29,0.0,58.0,17.35,29.91,Second Class,UPI / Instant Transfer,5
ORD-20240612,2024-09-21,2024-09-26,CUST-1201,Vikram Reddy,Corporate,East,Philadelphia,Office Supplies,Binders & Organizers,Heavy Duty Ring Binders 6-Pack,12,29,0.1,313.2,72.63,23.19,Second Class,Net Banking,3
ORD-20240927,2024-09-22,2024-09-26,CUST-1033,James Johnson,Consumer,South,Dallas,Technology,Phones,Samsung Galaxy S24,1,849,0.0,849.0,209.99,24.73,Standard Class,Credit Card,3
ORD-20240516,2024-09-23,2024-09-25,CUST-1096,Pooja Patel,Consumer,East,Philadelphia,Technology,Accessories,Keychron K2 Mechanical Keyboard,2,89,0.0,178.0,37.63,21.14,Standard Class,UPI / Instant Transfer,4
ORD-20240923,2024-09-23,2024-09-25,CUST-1098,Alex Wilson,Consumer,West,San Francisco,Technology,Phones,Google Pixel 8,3,699,0.25,1572.75,182.79,11.62,Standard Class,Credit Card,5
ORD-20240611,2024-09-24,2024-09-27,CUST-1041,Sophia Reddy,Consumer,South,Austin,Technology,Phones,Google Pixel 8,1,699,0.1,629.1,162.1,25.77,Second Class,UPI / Instant Transfer,5
ORD-20240884,2024-09-24,2024-09-28,CUST-1153,Jessica Taylor,Consumer,East,Washington D.C.,Office Supplies,Packaging Supplies,Heavy Duty Packing Tape 6-Pack,3,21,0.0,63.0,18.68,29.65,Standard Class,Credit Card,5
ORD-20240158,2024-09-24,2024-09-27,CUST-1150,Pooja Taylor,Consumer,Central,Columbus,Furniture,Desks,Motorized Standing Desk 60x30,1,549,0.0,549.0,82.35,15.0,Standard Class,Credit Card,5
ORD-20241007,2024-09-24,2024-09-29,CUST-1108,Alex Taylor,Corporate,South,Dallas,Furniture,Chairs,Gaming Bucket Chair,3,199,0.1,537.3,48.92,9.1,Second Class,Net Banking,5
ORD-20240830,2024-09-26,2024-09-29,CUST-1001,Priya Sharma,Consumer,West,San Francisco,Office Supplies,Packaging Supplies,Bubble Cushion Wrap Roll,1,28,0.1,25.2,8.75,34.72,Standard Class,Credit Card,4
ORD-20240821,2024-09-26,2024-09-30,CUST-1175,Priya Singh,Corporate,North,Minneapolis,Office Supplies,Paper & Notebooks,Spiral Dot Grid Notebook Pack,11,19,0.0,209.0,58.39,27.94,Same Day,Credit Card,5
ORD-20241160,2024-09-26,2024-09-29,CUST-1111,Rahul Singh,Consumer,East,Philadelphia,Furniture,Lighting,Architect LED Desk Lamp,1,79,0.0,79.0,11.3,14.3,Standard Class,Debit Card,3
ORD-20240347,2024-09-26,2024-09-28,CUST-1021,Sarah Anderson,Corporate,Central,Kansas City,Office Supplies,Packaging Supplies,Heavy Duty Packing Tape 6-Pack,2,21,0.1,37.8,9.68,25.61,Standard Class,UPI / Instant Transfer,2
ORD-20241669,2024-09-26,2024-09-28,CUST-1010,Aarav Wilson,Corporate,East,Washington D.C.,Furniture,Chairs,Executive Leather Recliner,8,399,0.2,2553.6,225.33,8.82,Standard Class,UPI / Instant Transfer,4
ORD-20241401,2024-09-27,2024-09-30,CUST-1186,Arjun Deshmukh,Corporate,South,Austin,Furniture,Chairs,Executive Leather Recliner,4,399,0.0,1596.0,243.96,15.29,Standard Class,Credit Card,5
ORD-20240873,2024-09-27,2024-10-01,CUST-1044,Michael Williams,Home Office,North,Minneapolis,Furniture,Lighting,Architect LED Desk Lamp,2,79,0.0,158.0,44.29,28.03,Standard Class,Debit Card,4
ORD-20240677,2024-09-28,2024-10-01,CUST-1092,Kavita Williams,Corporate,North,Boston,Office Supplies,Paper & Notebooks,Premium Copy Paper 5-Pack,5,39,0.0,195.0,86.26,44.24,Standard Class,Credit Card,5
ORD-20241618,2024-09-28,2024-10-01,CUST-1150,Pooja Taylor,Consumer,South,Dallas,Technology,Smart Watches,Apple Watch Series 9,1,399,0.0,399.0,121.16,30.37,First Class,UPI / Instant Transfer,4
ORD-20241765,2024-09-28,2024-09-29,CUST-1096,Pooja Patel,Consumer,North,New York,Technology,Phones,Samsung Galaxy S24,2,849,0.0,1698.0,527.04,31.04,Standard Class,UPI / Instant Transfer,5
ORD-20241196,2024-09-29,2024-10-02,CUST-1131,Neha Deshmukh,Consumer,West,San Francisco,Technology,Accessories,Keychron K2 Mechanical Keyboard,1,89,0.2,71.2,8.11,11.39,Second Class,Credit Card,4
ORD-20240035,2024-09-30,2024-10-03,CUST-1238,Kavita Wilson,Consumer,East,Pittsburgh,Office Supplies,Packaging Supplies,Bubble Cushion Wrap Roll,1,28,0.1,25.2,5.32,21.11,Standard Class,Credit Card,4
ORD-20240591,2024-10-02,2024-10-05,CUST-1002,Arjun Reddy,Home Office,East,Philadelphia,Office Supplies,Packaging Supplies,Heavy Duty Packing Tape 6-Pack,5,21,0.3,73.5,-3.29,-4.48,First Class,UPI / Instant Transfer,4
ORD-20241259,2024-10-02,2024-10-06,CUST-1046,Rahul Taylor,Corporate,Central,Kansas City,Furniture,Storage,Steel Storage Credenza,1,279,0.0,279.0,44.18,15.84,Same Day,UPI / Instant Transfer,5
ORD-20241204,2024-10-03,2024-10-04,CUST-1145,Daniel Patel,Consumer,West,Los Angeles,Office Supplies,Stationery,Parker Fountain Pen Set,1,65,0.1,58.5,22.36,38.22,Standard Class,Debit Card,5
ORD-20240420,2024-10-03,2024-10-08,CUST-1057,Emily Patel,Consumer,South,Dallas,Technology,Laptops,HP Spectre x360,4,999,0.05,3796.2,1004.06,26.45,Standard Class,Cash on Delivery,5
ORD-20241048,2024-10-04,2024-10-07,CUST-1046,Rahul Taylor,Corporate,East,Richmond,Furniture,Storage,Steel Storage Credenza,6,279,0.0,1674.0,297.95,17.8,Standard Class,Net Banking,5
ORD-20240962,2024-10-05,2024-10-08,CUST-1209,Pooja Chopra,Consumer,West,Denver,Technology,Accessories,Sony WH-1000XM5 Headphones,1,349,0.05,331.55,67.87,20.47,Standard Class,Credit Card,4
ORD-20240288,2024-10-05,2024-10-09,CUST-1177,Arjun Iyer,Corporate,West,Denver,Office Supplies,Stationery,Parker Fountain Pen Set,5,65,0.0,325.0,87.02,26.78,Standard Class,UPI / Instant Transfer,5
ORD-20240377,2024-10-05,2024-10-08,CUST-1126,Sophia Sharma,Consumer,South,Miami,Technology,Laptops,MacBook Air M2,5,1199,0.0,5995.0,1223.88,20.42,Standard Class,Net Banking,5
ORD-20241391,2024-10-05,2024-10-08,CUST-1011,Rahul Wilson,Consumer,North,Chicago,Furniture,Desks,Motorized Standing Desk 60x30,1,549,0.15,466.65,39.44,8.45,Second Class,Credit Card,5
ORD-20240645,2024-10-06,2024-10-08,CUST-1083,Alex Patel,Consumer,East,Washington D.C.,Furniture,Storage,3-Drawer Mobile Filing Cabinet,4,149,0.0,596.0,79.86,13.4,Second Class,Credit Card,4
ORD-20241298,2024-10-07,2024-10-10,CUST-1231,Rahul Johnson,Corporate,Central,Columbus,Technology,Accessories,Sony WH-1000XM5 Headphones,2,349,0.05,663.1,151.57,22.86,Same Day,UPI / Instant Transfer,4
ORD-20240358,2024-10-08,2024-10-11,CUST-1196,Sarah Verma,Consumer,Central,St. Louis,Furniture,Desks,Minimalist Solid Wood Desk,1,419,0.05,398.05,72.83,18.3,Standard Class,Credit Card,2
ORD-20241073,2024-10-08,2024-10-11,CUST-1230,Daniel Wilson,Corporate,East,Philadelphia,Technology,Laptops,Dell XPS 13,2,1099,0.0,2198.0,540.14,24.57,Standard Class,Net Banking,4
ORD-20240470,2024-10-08,2024-10-12,CUST-1004,Priya Wilson,Corporate,North,Minneapolis,Technology,Laptops,HP Spectre x360,1,999,0.15,849.15,164.41,19.36,Standard Class,Credit Card,5
ORD-20240268,2024-10-10,2024-10-12,CUST-1183,Jessica Mehta,Home Office,East,Washington D.C.,Technology,Laptops,MacBook Air M2,3,1199,0.15,3057.45,395.65,12.94,Standard Class,Credit Card,4
ORD-20240479,2024-10-10,2024-10-14,CUST-1178,Olivia Chopra,Consumer,East,Baltimore,Technology,Phones,Google Pixel 8,3,699,0.0,2097.0,629.31,30.01,Second Class,UPI / Instant Transfer,5
ORD-20241567,2024-10-10,2024-10-13,CUST-1101,Rohan Verma,Consumer,East,Pittsburgh,Office Supplies,Binders & Organizers,Desktop Acrylic Organizer,1,34,0.25,25.5,5.72,22.43,Standard Class,Credit Card,5
ORD-20241239,2024-10-12,2024-10-14,CUST-1109,Emily Reddy,Consumer,South,Austin,Technology,Accessories,Logitech MX Master 3S Mouse,2,99,0.0,198.0,53.18,26.86,Standard Class,Credit Card,5
ORD-20240547,2024-10-12,2024-10-14,CUST-1117,Michael Singh,Corporate,North,New York,Furniture,Lighting,Ambient Floor Standing Lamp,3,119,0.0,357.0,103.7,29.05,Standard Class,Net Banking,5
ORD-20241395,2024-10-13,2024-10-15,CUST-1230,Daniel Wilson,Corporate,West,Denver,Furniture,Storage,Modular Wooden Bookshelf,10,189,0.2,1512.0,-57.99,-3.84,Same Day,Credit Card,4
ORD-20240224,2024-10-13,2024-10-14,CUST-1236,Kavita Brown,Corporate,South,Austin,Furniture,Storage,Modular Wooden Bookshelf,8,189,0.0,1512.0,417.26,27.6,Second Class,Credit Card,4
ORD-20241668,2024-10-14,2024-10-17,CUST-1150,Pooja Taylor,Consumer,North,Chicago,Office Supplies,Paper & Notebooks,Spiral Dot Grid Notebook Pack,2,19,0.05,36.1,8.44,23.38,First Class,Credit Card,5
ORD-20240951,2024-10-16,2024-10-18,CUST-1163,Priya Patel,Corporate,North,Minneapolis,Office Supplies,Stationery,Parker Fountain Pen Set,1,65,0.1,58.5,13.52,23.11,First Class,Credit Card,5
ORD-20240201,2024-10-17,2024-10-19,CUST-1148,Pooja Williams,Consumer,South,Austin,Furniture,Storage,Steel Storage Credenza,3,279,0.0,837.0,156.76,18.73,Standard Class,Credit Card,4
ORD-20241387,2024-10-18,2024-10-22,CUST-1230,Daniel Wilson,Corporate,East,Pittsburgh,Office Supplies,Paper & Notebooks,Moleskine Executive Journal,4,24,0.05,91.2,37.83,41.48,Standard Class,UPI / Instant Transfer,4
ORD-20241285,2024-10-18,2024-10-20,CUST-1119,Rahul Wilson,Home Office,Central,St. Louis,Technology,Phones,OnePlus 12,2,649,0.1,1168.2,318.26,27.24,Standard Class,Credit Card,3
ORD-20241402,2024-10-18,2024-10-23,CUST-1061,Rohan Williams,Consumer,West,San Francisco,Office Supplies,Binders & Organizers,Heavy Duty Ring Binders 6-Pack,1,29,0.05,27.55,6.22,22.58,Standard Class,Credit Card,3
ORD-20241018,2024-10-18,2024-10-20,CUST-1105,Pooja Mehta,Home Office,South,Atlanta,Furniture,Desks,L-Shaped Corner Workstation,1,329,0.05,312.55,24.46,7.83,Standard Class,Credit Card,5
ORD-20241791,2024-10-19,2024-10-22,CUST-1206,Arjun Deshmukh,Consumer,Central,Columbus,Furniture,Lighting,Ambient Floor Standing Lamp,3,119,0.2,285.6,2.69,0.94,Standard Class,Credit Card,5
ORD-20240517,2024-10-19,2024-10-21,CUST-1045,Arjun Patel,Consumer,South,Dallas,Technology,Phones,Apple iPhone 15 Pro,10,999,0.05,9490.5,2336.33,24.62,Second Class,UPI / Instant Transfer,5
ORD-20240462,2024-10-22,2024-10-27,CUST-1172,Aarav Wilson,Consumer,South,Dallas,Technology,Phones,Apple iPhone 15 Pro,1,999,0.2,799.2,51.26,6.41,Same Day,UPI / Instant Transfer,2
ORD-20240881,2024-10-22,2024-10-23,CUST-1076,Ananya Wilson,Corporate,North,Detroit,Technology,Laptops,Lenovo ThinkPad X1,3,1299,0.05,3702.15,1166.12,31.5,Standard Class,Credit Card,5
ORD-20241238,2024-10-22,2024-10-25,CUST-1059,Vikram Deshmukh,Consumer,East,Baltimore,Technology,Laptops,Lenovo ThinkPad X1,8,1299,0.0,10392.0,3115.0,29.97,Standard Class,Credit Card,4
ORD-20240115,2024-10-23,2024-10-26,CUST-1078,Olivia Smith,Consumer,West,San Francisco,Office Supplies,Packaging Supplies,Heavy Duty Packing Tape 6-Pack,2,21,0.1,37.8,13.37,35.37,Standard Class,Cash on Delivery,5
ORD-20240629,2024-10-23,2024-10-24,CUST-1040,David Mehta,Consumer,North,Boston,Furniture,Storage,Modular Wooden Bookshelf,1,189,0.0,189.0,51.84,27.43,Standard Class,UPI / Instant Transfer,4
ORD-20241194,2024-10-23,2024-10-26,CUST-1172,Aarav Wilson,Consumer,West,Phoenix,Technology,Phones,Samsung Galaxy S24,2,849,0.0,1698.0,445.88,26.26,Second Class,Cash on Delivery,5
ORD-20240667,2024-10-24,2024-10-27,CUST-1162,Olivia Taylor,Corporate,Central,St. Louis,Technology,Phones,Samsung Galaxy S24,1,849,0.2,679.2,35.81,5.27,Standard Class,UPI / Instant Transfer,5
ORD-20240960,2024-10-24,2024-10-28,CUST-1234,Michael Singh,Consumer,East,Baltimore,Furniture,Desks,Minimalist Solid Wood Desk,3,419,0.2,1005.6,117.54,11.69,Standard Class,UPI / Instant Transfer,5
ORD-20241378,2024-10-24,2024-10-27,CUST-1011,Rahul Wilson,Consumer,North,Chicago,Furniture,Chairs,Gaming Bucket Chair,3,199,0.0,597.0,153.59,25.73,Second Class,UPI / Instant Transfer,3
ORD-20241059,2024-10-25,2024-10-28,CUST-1036,Arjun Patel,Corporate,North,Boston,Furniture,Lighting,Architect LED Desk Lamp,1,79,0.05,75.05,15.01,20.0,Standard Class,Credit Card,4
ORD-20240037,2024-10-25,2024-10-28,CUST-1070,Aarav Mehta,Home Office,West,Denver,Furniture,Desks,L-Shaped Corner Workstation,2,329,0.0,658.0,88.21,13.41,Second Class,UPI / Instant Transfer,5
ORD-20241412,2024-10-25,2024-10-28,CUST-1077,Daniel Sharma,Corporate,Central,St. Louis,Office Supplies,Paper & Notebooks,Spiral Dot Grid Notebook Pack,1,19,0.1,17.1,4.72,27.6,Second Class,Credit Card,2
ORD-20240531,2024-10-25,2024-10-28,CUST-1240,Jessica Williams,Consumer,North,Minneapolis,Technology,Laptops,MacBook Air M2,2,1199,0.0,2398.0,723.26,30.16,First Class,Credit Card,5
ORD-20240312,2024-10-27,2024-10-29,CUST-1193,Sophia Gupta,Home Office,Central,Nashville,Furniture,Chairs,Ergonomic Mesh Office Chair,2,249,0.05,473.1,43.42,9.18,Standard Class,UPI / Instant Transfer,4
ORD-20240972,2024-10-28,2024-10-31,CUST-1226,Priya Williams,Consumer,East,Richmond,Furniture,Storage,Steel Storage Credenza,2,279,0.0,558.0,114.84,20.58,First Class,UPI / Instant Transfer,5
ORD-20240048,2024-10-29,2024-11-03,CUST-1076,Ananya Wilson,Corporate,North,Detroit,Furniture,Chairs,Ergonomic Mesh Office Chair,7,249,0.15,1481.55,189.25,12.77,Standard Class,Credit Card,4
ORD-20241012,2024-10-30,2024-11-03,CUST-1007,Aarav Patel,Consumer,Central,St. Louis,Technology,Accessories,Keychron K2 Mechanical Keyboard,1,89,0.05,84.55,22.73,26.88,Standard Class,UPI / Instant Transfer,5
ORD-20241109,2024-10-30,2024-11-01,CUST-1006,Jessica Verma,Consumer,Central,Columbus,Furniture,Lighting,Architect LED Desk Lamp,1,79,0.15,67.15,3.59,5.35,Standard Class,Credit Card,4
ORD-20240572,2024-10-31,2024-11-02,CUST-1228,Arjun Verma,Consumer,South,Houston,Office Supplies,Binders & Organizers,Cable Management Tray Kit,1,25,0.0,25.0,6.92,27.68,Standard Class,Credit Card,4
ORD-20240047,2024-11-02,2024-11-05,CUST-1109,Emily Reddy,Consumer,East,Pittsburgh,Furniture,Desks,L-Shaped Corner Workstation,4,329,0.0,1316.0,304.46,23.14,Standard Class,Credit Card,5
ORD-20240751,2024-11-02,2024-11-06,CUST-1056,Vikram Davis,Home Office,South,Austin,Office Supplies,Stationery,Sharpie Highlighters Box,1,16,0.0,16.0,5.21,32.56,Standard Class,UPI / Instant Transfer,5
ORD-20241713,2024-11-02,2024-11-04,CUST-1128,Ananya Brown,Home Office,South,Atlanta,Office Supplies,Stationery,Sharpie Highlighters Box,1,16,0.0,16.0,4.15,25.94,Standard Class,UPI / Instant Transfer,5
ORD-20241655,2024-11-02,2024-11-04,CUST-1021,Sarah Anderson,Corporate,East,Richmond,Furniture,Storage,Steel Storage Credenza,9,279,0.1,2259.9,390.1,17.26,Standard Class,Credit Card,2
ORD-20241051,2024-11-03,2024-11-07,CUST-1054,Alex Williams,Home Office,Central,Indianapolis,Furniture,Desks,Motorized Standing Desk 60x30,3,549,0.15,1399.95,-5.64,-0.4,Standard Class,UPI / Instant Transfer,4
ORD-20241149,2024-11-03,2024-11-07,CUST-1245,Kavita Chopra,Consumer,Central,Columbus,Technology,Laptops,Dell XPS 13,1,1099,0.2,879.2,56.11,6.38,Standard Class,Credit Card,2
ORD-20241460,2024-11-04,2024-11-08,CUST-1027,Sarah Taylor,Consumer,South,Miami,Technology,Phones,Apple iPhone 15 Pro,1,999,0.15,849.15,97.45,11.48,Standard Class,Debit Card,4
ORD-20240964,2024-11-05,2024-11-07,CUST-1052,Sophia Mehta,Corporate,North,Boston,Office Supplies,Packaging Supplies,Heavy Duty Packing Tape 6-Pack,1,21,0.25,15.75,1.84,11.68,First Class,Credit Card,5
ORD-20241605,2024-11-06,2024-11-09,CUST-1200,Jessica Anderson,Corporate,East,Baltimore,Office Supplies,Paper & Notebooks,Premium Copy Paper 5-Pack,5,39,0.0,195.0,75.81,38.88,Second Class,UPI / Instant Transfer,4
ORD-20240259,2024-11-06,2024-11-08,CUST-1216,Sarah Davis,Consumer,West,Los Angeles,Technology,Laptops,Lenovo ThinkPad X1,8,1299,0.05,9872.4,1830.31,18.54,Standard Class,Debit Card,5
ORD-20240527,2024-11-07,2024-11-10,CUST-1190,Rohan Gupta,Consumer,West,San Francisco,Technology,Phones,Samsung Galaxy S24,1,849,0.25,636.75,-21.34,-3.35,First Class,Credit Card,5
ORD-20241432,2024-11-07,2024-11-12,CUST-1234,Michael Singh,Consumer,North,New York,Office Supplies,Packaging Supplies,Heavy Duty Packing Tape 6-Pack,1,21,0.2,16.8,5.22,31.07,Standard Class,Debit Card,5
ORD-20241639,2024-11-08,2024-11-12,CUST-1168,Sarah Iyer,Consumer,Central,St. Louis,Technology,Phones,Apple iPhone 15 Pro,1,999,0.0,999.0,289.52,28.98,Standard Class,Cash on Delivery,5
ORD-20241735,2024-11-08,2024-11-10,CUST-1216,Sarah Davis,Consumer,East,Washington D.C.,Office Supplies,Binders & Organizers,Heavy Duty Ring Binders 6-Pack,1,29,0.25,21.75,3.9,17.93,Standard Class,Credit Card,5
ORD-20241121,2024-11-09,2024-11-10,CUST-1232,Jessica Patel,Consumer,Central,Nashville,Furniture,Chairs,Executive Leather Recliner,1,399,0.1,359.1,66.74,18.59,Standard Class,Credit Card,5
ORD-20240675,2024-11-09,2024-11-12,CUST-1097,Michael Sharma,Corporate,Central,Indianapolis,Furniture,Storage,Steel Storage Credenza,7,279,0.05,1855.35,364.66,19.65,Standard Class,Credit Card,5
ORD-20240925,2024-11-10,2024-11-13,CUST-1083,Alex Patel,Consumer,East,Washington D.C.,Furniture,Lighting,Architect LED Desk Lamp,1,79,0.05,75.05,6.02,8.02,Second Class,Debit Card,5
ORD-20240794,2024-11-10,2024-11-12,CUST-1040,David Mehta,Consumer,South,Atlanta,Office Supplies,Binders & Organizers,Cable Management Tray Kit,2,25,0.0,50.0,22.05,44.1,Second Class,Credit Card,5
ORD-20240238,2024-11-12,2024-11-14,CUST-1010,Aarav Wilson,Corporate,North,New York,Technology,Laptops,MacBook Air M2,2,1199,0.2,1918.4,287.23,14.97,Second Class,UPI / Instant Transfer,5
ORD-20241648,2024-11-12,2024-11-14,CUST-1245,Kavita Chopra,Consumer,Central,Nashville,Office Supplies,Binders & Organizers,Heavy Duty Ring Binders 6-Pack,1,29,0.0,29.0,12.13,41.83,Standard Class,Net Banking,5
ORD-20240036,2024-11-14,2024-11-17,CUST-1142,Alex Miller,Consumer,West,Los Angeles,Technology,Phones,OnePlus 12,5,649,0.1,2920.5,736.3,25.21,Standard Class,UPI / Instant Transfer,2
ORD-20241178,2024-11-14,2024-11-17,CUST-1110,Emily Brown,Consumer,Central,Kansas City,Office Supplies,Stationery,Sharpie Highlighters Box,1,16,0.1,14.4,3.02,20.97,Standard Class,Credit Card,3
ORD-20240981,2024-11-15,2024-11-19,CUST-1082,Neha Reddy,Corporate,Central,Kansas City,Office Supplies,Stationery,Parker Fountain Pen Set,5,65,0.15,276.25,61.07,22.11,First Class,Debit Card,5
ORD-20241560,2024-11-15,2024-11-18,CUST-1084,Rohan Miller,Consumer,East,Washington D.C.,Office Supplies,Stationery,Sharpie Highlighters Box,2,16,0.05,30.4,9.25,30.43,Standard Class,Credit Card,5
ORD-20241506,2024-11-15,2024-11-19,CUST-1098,Alex Wilson,Consumer,Central,St. Louis,Office Supplies,Paper & Notebooks,Premium Copy Paper 5-Pack,1,39,0.0,39.0,15.1,38.72,First Class,Credit Card,4
ORD-20240447,2024-11-15,2024-11-18,CUST-1054,Alex Williams,Home Office,East,Washington D.C.,Technology,Accessories,Keychron K2 Mechanical Keyboard,2,89,0.15,151.3,17.68,11.69,Standard Class,UPI / Instant Transfer,5
ORD-20240908,2024-11-15,2024-11-18,CUST-1015,Ananya Brown,Consumer,Central,Kansas City,Office Supplies,Packaging Supplies,Heavy Duty Packing Tape 6-Pack,2,21,0.0,42.0,15.36,36.57,Standard Class,Credit Card,5
ORD-20241755,2024-11-16,2024-11-19,CUST-1138,Rahul Verma,Corporate,North,Detroit,Office Supplies,Paper & Notebooks,Spiral Dot Grid Notebook Pack,1,19,0.0,19.0,5.71,30.05,Standard Class,Credit Card,5
ORD-20240307,2024-11-16,2024-11-21,CUST-1014,Arjun Sharma,Consumer,North,Boston,Technology,Smart Watches,Apple Watch Series 9,4,399,0.1,1436.4,243.96,16.98,Standard Class,UPI / Instant Transfer,4
ORD-20240932,2024-11-16,2024-11-19,CUST-1200,Jessica Anderson,Corporate,Central,Nashville,Office Supplies,Binders & Organizers,Heavy Duty Ring Binders 6-Pack,1,29,0.1,26.1,9.28,35.56,Standard Class,Credit Card,4
ORD-20240206,2024-11-16,2024-11-19,CUST-1077,Daniel Sharma,Corporate,South,Houston,Technology,Laptops,MacBook Air M2,2,1199,0.1,2158.2,441.2,20.44,Standard Class,Credit Card,4
ORD-20241112,2024-11-17,2024-11-19,CUST-1212,Pooja Sharma,Corporate,Central,Indianapolis,Office Supplies,Binders & Organizers,Cable Management Tray Kit,6,25,0.05,142.5,42.77,30.01,Same Day,Net Banking,5
ORD-20241187,2024-11-17,2024-11-19,CUST-1071,Daniel Deshmukh,Corporate,West,Seattle,Technology,Smart Watches,Samsung Galaxy Watch 6,1,299,0.25,224.25,24.34,10.85,First Class,Credit Card,3
ORD-20241532,2024-11-18,2024-11-21,CUST-1180,Arjun Davis,Consumer,South,Houston,Technology,Accessories,Anker 100W Fast Charger,2,59,0.0,118.0,37.18,31.51,Second Class,Debit Card,4
ORD-20240724,2024-11-18,2024-11-22,CUST-1241,Ananya Anderson,Home Office,East,Pittsburgh,Furniture,Chairs,Steelcase Series 1 Task Chair,4,499,0.15,1696.6,298.29,17.58,Standard Class,Credit Card,3
ORD-20241571,2024-11-18,2024-11-22,CUST-1239,Vikram Chopra,Corporate,East,Philadelphia,Office Supplies,Stationery,Parker Fountain Pen Set,5,65,0.05,308.75,109.61,35.5,Second Class,Credit Card,4
ORD-20240654,2024-11-19,2024-11-20,CUST-1050,Arjun Gupta,Consumer,East,Philadelphia,Office Supplies,Paper & Notebooks,Spiral Dot Grid Notebook Pack,1,19,0.1,17.1,3.01,17.6,Standard Class,UPI / Instant Transfer,3
ORD-20241767,2024-11-20,2024-11-24,CUST-1238,Kavita Wilson,Consumer,North,Minneapolis,Furniture,Chairs,Gaming Bucket Chair,2,199,0.0,398.0,65.23,16.39,Standard Class,Credit Card,3
ORD-20240417,2024-11-22,2024-11-26,CUST-1106,Emily Chopra,Consumer,West,Seattle,Furniture,Storage,3-Drawer Mobile Filing Cabinet,3,149,0.0,447.0,119.24,26.68,Standard Class,Credit Card,4
ORD-20240152,2024-11-22,2024-11-25,CUST-1105,Pooja Mehta,Home Office,South,Miami,Furniture,Desks,Minimalist Solid Wood Desk,2,419,0.15,712.3,80.34,11.28,First Class,UPI / Instant Transfer,4
ORD-20240006,2024-11-23,2024-11-27,CUST-1021,Sarah Anderson,Corporate,South,Dallas,Technology,Smart Watches,Garmin Venu 3,1,449,0.05,426.55,112.42,26.36,Standard Class,UPI / Instant Transfer,5
ORD-20240134,2024-11-24,2024-11-26,CUST-1016,Michael Mehta,Consumer,North,Minneapolis,Technology,Phones,Samsung Galaxy S24,1,849,0.15,721.65,50.86,7.05,Standard Class,Credit Card,5
ORD-20240102,2024-11-24,2024-11-26,CUST-1084,Rohan Miller,Consumer,East,Baltimore,Furniture,Lighting,Architect LED Desk Lamp,2,79,0.0,158.0,46.2,29.24,Standard Class,Credit Card,3
ORD-20240081,2024-11-25,2024-11-28,CUST-1129,Emily Miller,Consumer,South,Atlanta,Furniture,Chairs,Steelcase Series 1 Task Chair,8,499,0.0,3992.0,733.32,18.37,Standard Class,Credit Card,5
ORD-20241251,2024-11-25,2024-11-26,CUST-1130,Rahul Williams,Consumer,Central,Columbus,Furniture,Desks,L-Shaped Corner Workstation,1,329,0.0,329.0,49.14,14.94,Second Class,Credit Card,4
ORD-20241347,2024-11-25,2024-11-28,CUST-1175,Priya Singh,Corporate,East,Baltimore,Technology,Phones,Apple iPhone 15 Pro,3,999,0.15,2547.45,274.33,10.77,Second Class,Credit Card,5
ORD-20241307,2024-11-25,2024-11-28,CUST-1051,Pooja Wilson,Home Office,North,New York,Furniture,Desks,Motorized Standing Desk 60x30,2,549,0.0,1098.0,198.05,18.04,Standard Class,Cash on Delivery,5
ORD-20240852,2024-11-26,2024-11-29,CUST-1048,Emily Williams,Corporate,East,Washington D.C.,Technology,Laptops,Lenovo ThinkPad X1,4,1299,0.0,5196.0,1282.14,24.68,Standard Class,UPI / Instant Transfer,4
ORD-20240310,2024-11-26,2024-11-29,CUST-1199,Sarah Wilson,Home Office,Central,St. Louis,Furniture,Storage,3-Drawer Mobile Filing Cabinet,3,149,0.0,447.0,116.4,26.04,Standard Class,Net Banking,5
ORD-20241543,2024-11-27,2024-11-29,CUST-1158,David Gupta,Corporate,Central,St. Louis,Office Supplies,Packaging Supplies,Bubble Cushion Wrap Roll,2,28,0.15,47.6,8.29,17.42,Standard Class,Net Banking,5
ORD-20240491,2024-11-28,2024-11-30,CUST-1176,Sophia Gupta,Consumer,Central,Nashville,Technology,Accessories,Logitech MX Master 3S Mouse,3,99,0.05,282.15,74.15,26.28,Standard Class,Net Banking,5
ORD-20241522,2024-11-28,2024-12-02,CUST-1093,Sarah Jones,Corporate,East,Philadelphia,Technology,Smart Watches,Samsung Galaxy Watch 6,1,299,0.1,269.1,59.57,22.14,First Class,Credit Card,5
ORD-20240453,2024-11-28,2024-12-01,CUST-1008,Rahul Reddy,Home Office,North,Detroit,Technology,Accessories,Anker 100W Fast Charger,2,59,0.0,118.0,27.71,23.48,Second Class,UPI / Instant Transfer,4
ORD-20240360,2024-11-29,2024-12-02,CUST-1221,Arjun Verma,Corporate,East,Washington D.C.,Office Supplies,Binders & Organizers,Heavy Duty Ring Binders 6-Pack,8,29,0.0,232.0,81.26,35.03,Standard Class,UPI / Instant Transfer,5
ORD-20240226,2024-11-30,2024-12-02,CUST-1070,Aarav Mehta,Home Office,South,Atlanta,Technology,Laptops,MacBook Air M2,1,1199,0.0,1199.0,335.83,28.01,Standard Class,UPI / Instant Transfer,5
ORD-20241291,2024-11-30,2024-12-03,CUST-1182,Neha Patel,Consumer,West,Seattle,Office Supplies,Stationery,Parker Fountain Pen Set,4,65,0.0,260.0,103.97,39.99,Standard Class,UPI / Instant Transfer,5
ORD-20241665,2024-12-01,2024-12-04,CUST-1057,Emily Patel,Consumer,North,New York,Technology,Accessories,Sony WH-1000XM5 Headphones,4,349,0.0,1396.0,450.16,32.25,Standard Class,Debit Card,4
ORD-20241067,2024-12-01,2024-12-05,CUST-1238,Kavita Wilson,Consumer,South,Dallas,Technology,Accessories,Logitech MX Master 3S Mouse,1,99,0.0,99.0,20.75,20.96,First Class,Net Banking,5
ORD-20240324,2024-12-02,2024-12-05,CUST-1079,Emily Sharma,Consumer,Central,Indianapolis,Office Supplies,Binders & Organizers,Desktop Acrylic Organizer,5,34,0.0,170.0,65.85,38.74,Standard Class,Credit Card,4
ORD-20241570,2024-12-02,2024-12-06,CUST-1181,Emily Mehta,Consumer,West,Denver,Technology,Laptops,Dell XPS 13,2,1099,0.05,2088.1,454.66,21.77,Standard Class,Credit Card,3
ORD-20240684,2024-12-02,2024-12-05,CUST-1116,Neha Williams,Home Office,East,Philadelphia,Technology,Phones,Samsung Galaxy S24,1,849,0.1,764.1,150.03,19.63,Second Class,Cash on Delivery,5
ORD-20241132,2024-12-04,2024-12-09,CUST-1100,Pooja Sharma,Consumer,South,Miami,Furniture,Chairs,Executive Leather Recliner,1,399,0.0,399.0,71.69,17.97,First Class,Credit Card,3
ORD-20241383,2024-12-04,2024-12-07,CUST-1076,Ananya Wilson,Corporate,North,Minneapolis,Furniture,Desks,Motorized Standing Desk 60x30,4,549,0.15,1866.6,10.38,0.56,Standard Class,UPI / Instant Transfer,5
ORD-20240778,2024-12-05,2024-12-08,CUST-1208,Neha Miller,Corporate,East,Richmond,Office Supplies,Binders & Organizers,Heavy Duty Ring Binders 6-Pack,2,29,0.0,58.0,15.81,27.26,Standard Class,Credit Card,5
ORD-20241031,2024-12-05,2024-12-09,CUST-1233,Michael Anderson,Corporate,South,Dallas,Furniture,Chairs,Ergonomic Mesh Office Chair,9,249,0.15,1904.85,-65.43,-3.43,Standard Class,UPI / Instant Transfer,3
ORD-20240243,2024-12-05,2024-12-08,CUST-1061,Rohan Williams,Consumer,East,Baltimore,Technology,Phones,Google Pixel 8,1,699,0.0,699.0,218.49,31.26,Standard Class,Credit Card,5
ORD-20240582,2024-12-06,2024-12-10,CUST-1121,Jessica Deshmukh,Corporate,East,Richmond,Office Supplies,Paper & Notebooks,Moleskine Executive Journal,7,24,0.25,126.0,11.05,8.77,Standard Class,Credit Card,5
ORD-20241732,2024-12-07,2024-12-10,CUST-1056,Vikram Davis,Home Office,North,Chicago,Office Supplies,Paper & Notebooks,Moleskine Executive Journal,3,24,0.0,72.0,22.92,31.83,Second Class,Debit Card,2
ORD-20240510,2024-12-08,2024-12-10,CUST-1030,Kavita Patel,Consumer,West,Phoenix,Office Supplies,Stationery,Sharpie Highlighters Box,3,16,0.0,48.0,12.98,27.04,Standard Class,UPI / Instant Transfer,5
ORD-20241409,2024-12-09,2024-12-12,CUST-1115,Neha Singh,Corporate,North,Boston,Furniture,Desks,Minimalist Solid Wood Desk,5,419,0.0,2095.0,413.32,19.73,Standard Class,Credit Card,5
ORD-20241704,2024-12-10,2024-12-12,CUST-1102,Pooja Patel,Corporate,South,Atlanta,Technology,Accessories,Sony WH-1000XM5 Headphones,1,349,0.0,349.0,94.43,27.06,Standard Class,Credit Card,5
ORD-20241308,2024-12-12,2024-12-15,CUST-1215,Rohan Mehta,Corporate,North,Boston,Furniture,Chairs,Executive Leather Recliner,3,399,0.05,1137.15,274.15,24.11,Standard Class,Credit Card,5
ORD-20240669,2024-12-12,2024-12-16,CUST-1079,Emily Sharma,Consumer,West,San Francisco,Furniture,Storage,Steel Storage Credenza,1,279,0.05,265.05,29.62,11.18,Standard Class,UPI / Instant Transfer,4
ORD-20241335,2024-12-14,2024-12-18,CUST-1157,Pooja Mehta,Corporate,North,New York,Furniture,Desks,Motorized Standing Desk 60x30,2,549,0.0,1098.0,179.72,16.37,First Class,Credit Card,4
ORD-20240533,2024-12-14,2024-12-18,CUST-1042,Michael Verma,Consumer,North,Chicago,Technology,Laptops,Dell XPS 13,3,1099,0.05,3132.15,648.03,20.69,First Class,UPI / Instant Transfer,2
ORD-20241330,2024-12-15,2024-12-16,CUST-1050,Arjun Gupta,Consumer,South,Atlanta,Office Supplies,Binders & Organizers,Cable Management Tray Kit,3,25,0.0,75.0,21.68,28.91,Standard Class,Credit Card,5
ORD-20241500,2024-12-15,2024-12-17,CUST-1064,Arjun Wilson,Consumer,North,Boston,Furniture,Chairs,Gaming Bucket Chair,1,199,0.15,169.15,29.06,17.18,Standard Class,Net Banking,5
ORD-20240274,2024-12-16,2024-12-19,CUST-1146,Ananya Patel,Consumer,West,San Francisco,Furniture,Desks,Motorized Standing Desk 60x30,2,549,0.1,988.2,184.65,18.69,First Class,Net Banking,4
ORD-20241728,2024-12-17,2024-12-22,CUST-1144,Ananya Verma,Consumer,West,Seattle,Technology,Accessories,Sony WH-1000XM5 Headphones,1,349,0.15,296.65,63.2,21.3,First Class,Net Banking,5
ORD-20240515,2024-12-17,2024-12-20,CUST-1202,Ananya Deshmukh,Consumer,East,Pittsburgh,Office Supplies,Packaging Supplies,Heavy Duty Packing Tape 6-Pack,1,21,0.0,21.0,6.13,29.19,Same Day,Credit Card,5
ORD-20241715,2024-12-17,2024-12-19,CUST-1155,Michael Mehta,Home Office,East,Pittsburgh,Office Supplies,Paper & Notebooks,Premium Copy Paper 5-Pack,3,39,0.2,93.6,15.69,16.76,Standard Class,Debit Card,4
ORD-20240608,2024-12-18,2024-12-21,CUST-1130,Rahul Williams,Consumer,South,Austin,Office Supplies,Binders & Organizers,Cable Management Tray Kit,4,25,0.1,90.0,25.63,28.48,Second Class,Cash on Delivery,3
ORD-20241389,2024-12-18,2024-12-21,CUST-1019,Rohan Williams,Consumer,South,Atlanta,Office Supplies,Packaging Supplies,Heavy Duty Packing Tape 6-Pack,1,21,0.15,17.85,2.59,14.51,Standard Class,Net Banking,4
ORD-20241729,2024-12-18,2024-12-21,CUST-1112,Priya Brown,Consumer,West,San Francisco,Furniture,Lighting,Architect LED Desk Lamp,1,79,0.15,67.15,10.07,15.0,First Class,Debit Card,5
ORD-20241122,2024-12-19,2024-12-20,CUST-1175,Priya Singh,Corporate,South,Austin,Furniture,Desks,L-Shaped Corner Workstation,5,329,0.05,1562.75,170.12,10.89,Standard Class,Debit Card,5
ORD-20241014,2024-12-19,2024-12-24,CUST-1177,Arjun Iyer,Corporate,Central,Indianapolis,Office Supplies,Packaging Supplies,Bubble Cushion Wrap Roll,1,28,0.0,28.0,7.13,25.46,Second Class,Debit Card,4
ORD-20240385,2024-12-21,2024-12-25,CUST-1113,Sarah Brown,Home Office,South,Atlanta,Office Supplies,Packaging Supplies,Heavy Duty Packing Tape 6-Pack,3,21,0.0,63.0,27.85,44.21,Standard Class,Net Banking,4
ORD-20240539,2024-12-22,2024-12-25,CUST-1219,Priya Mehta,Corporate,Central,Nashville,Technology,Phones,Apple iPhone 15 Pro,11,999,0.0,10989.0,3530.41,32.13,Standard Class,Credit Card,5
ORD-20240714,2024-12-22,2024-12-25,CUST-1126,Sophia Sharma,Consumer,East,Philadelphia,Office Supplies,Packaging Supplies,Heavy Duty Packing Tape 6-Pack,3,21,0.0,63.0,27.92,44.32,Standard Class,Credit Card,4
ORD-20241759,2024-12-23,2024-12-26,CUST-1154,Alex Davis,Consumer,West,Phoenix,Technology,Laptops,Lenovo ThinkPad X1,1,1299,0.1,1169.1,187.51,16.04,Standard Class,UPI / Instant Transfer,4
ORD-20240875,2024-12-25,2024-12-30,CUST-1066,Sophia Mehta,Corporate,West,Seattle,Furniture,Lighting,Architect LED Desk Lamp,3,79,0.0,237.0,49.01,20.68,Standard Class,Credit Card,4
ORD-20241649,2024-12-26,2024-12-30,CUST-1199,Sarah Wilson,Home Office,East,Pittsburgh,Furniture,Storage,Modular Wooden Bookshelf,2,189,0.05,359.1,31.79,8.85,Standard Class,Credit Card,5
ORD-20240021,2024-12-26,2024-12-29,CUST-1070,Aarav Mehta,Home Office,East,Baltimore,Technology,Phones,Samsung Galaxy S24,1,849,0.1,764.1,91.16,11.93,Standard Class,Credit Card,4
ORD-20240103,2024-12-27,2024-12-30,CUST-1112,Priya Brown,Consumer,East,Philadelphia,Technology,Smart Watches,Samsung Galaxy Watch 6,2,299,0.1,538.2,135.15,25.11,First Class,Credit Card,5
ORD-20241054,2024-12-28,2024-12-31,CUST-1036,Arjun Patel,Corporate,West,Seattle,Technology,Laptops,Dell XPS 13,2,1099,0.15,1868.3,431.79,23.11,Standard Class,Net Banking,5
ORD-20241068,2024-12-29,2024-12-30,CUST-1225,Olivia Davis,Consumer,West,Los Angeles,Furniture,Chairs,Gaming Bucket Chair,4,199,0.15,676.6,89.51,13.23,Standard Class,Credit Card,5
ORD-20241268,2024-12-29,2025-01-02,CUST-1142,Alex Miller,Consumer,West,Los Angeles,Furniture,Chairs,Steelcase Series 1 Task Chair,1,499,0.0,499.0,104.19,20.88,Second Class,Net Banking,5
ORD-20241493,2024-12-29,2025-01-01,CUST-1127,Rohan Reddy,Corporate,Central,Indianapolis,Technology,Smart Watches,Samsung Galaxy Watch 6,11,299,0.05,3124.55,822.26,26.32,Standard Class,Credit Card,5
ORD-20241738,2024-12-30,2025-01-02,CUST-1180,Arjun Davis,Consumer,Central,Columbus,Technology,Accessories,Keychron K2 Mechanical Keyboard,3,89,0.1,240.3,65.28,27.17,Standard Class,Credit Card,5
ORD-20240813,2024-12-31,2025-01-04,CUST-1246,Jessica Taylor,Home Office,West,Phoenix,Technology,Accessories,Anker 100W Fast Charger,3,59,0.25,132.75,-0.96,-0.72,First Class,Debit Card,5
ORD-20240394,2025-01-01,2025-01-04,CUST-1180,Arjun Davis,Consumer,West,Los Angeles,Technology,Laptops,HP Spectre x360,2,999,0.1,1798.2,339.49,18.88,Second Class,Credit Card,5
ORD-20240287,2025-01-01,2025-01-05,CUST-1245,Kavita Chopra,Consumer,Central,St. Louis,Office Supplies,Paper & Notebooks,Premium Copy Paper 5-Pack,3,39,0.0,117.0,43.27,36.98,Standard Class,Credit Card,2
ORD-20241547,2025-01-02,2025-01-05,CUST-1247,Olivia Smith,Consumer,Central,Nashville,Office Supplies,Stationery,Pilot G2 Gel Pens Bulk Pack,1,22,0.25,16.5,1.97,11.94,Standard Class,UPI / Instant Transfer,5
ORD-20240727,2025-01-03,2025-01-07,CUST-1249,James Chopra,Home Office,East,Pittsburgh,Technology,Smart Watches,Samsung Galaxy Watch 6,3,299,0.15,762.45,132.53,17.38,Standard Class,Credit Card,2
ORD-20240217,2025-01-03,2025-01-04,CUST-1220,Ananya Taylor,Home Office,Central,Indianapolis,Furniture,Desks,L-Shaped Corner Workstation,3,329,0.2,789.6,-21.06,-2.67,Standard Class,Credit Card,5
ORD-20241145,2025-01-03,2025-01-05,CUST-1074,Olivia Chopra,Corporate,South,Houston,Furniture,Desks,L-Shaped Corner Workstation,3,329,0.0,987.0,288.54,29.23,Standard Class,Debit Card,5
ORD-20240249,2025-01-04,2025-01-05,CUST-1023,James Wilson,Consumer,East,Richmond,Furniture,Desks,Motorized Standing Desk 60x30,1,549,0.0,549.0,135.86,24.75,First Class,Credit Card,5
ORD-20240016,2025-01-05,2025-01-08,CUST-1213,Rahul Williams,Corporate,West,San Francisco,Furniture,Desks,Minimalist Solid Wood Desk,12,419,0.15,4273.8,267.13,6.25,Second Class,Net Banking,5
ORD-20240617,2025-01-05,2025-01-09,CUST-1114,Jessica Jones,Corporate,South,Atlanta,Office Supplies,Paper & Notebooks,Moleskine Executive Journal,1,24,0.15,20.4,5.12,25.1,Standard Class,UPI / Instant Transfer,5
ORD-20241641,2025-01-05,2025-01-07,CUST-1146,Ananya Patel,Consumer,North,Chicago,Office Supplies,Paper & Notebooks,Premium Copy Paper 5-Pack,1,39,0.25,29.25,5.71,19.52,Standard Class,Credit Card,5
ORD-20240570,2025-01-06,2025-01-09,CUST-1095,Priya Reddy,Corporate,East,Philadelphia,Office Supplies,Paper & Notebooks,Spiral Dot Grid Notebook Pack,6,19,0.0,114.0,42.53,37.31,Standard Class,Cash on Delivery,4
ORD-20241153,2025-01-06,2025-01-09,CUST-1081,Kavita Reddy,Home Office,Central,Columbus,Furniture,Storage,Steel Storage Credenza,1,279,0.0,279.0,43.41,15.56,First Class,Credit Card,5
ORD-20240803,2025-01-06,2025-01-09,CUST-1246,Jessica Taylor,Home Office,South,Atlanta,Technology,Accessories,Keychron K2 Mechanical Keyboard,3,89,0.15,226.95,20.6,9.08,First Class,Net Banking,5
ORD-20240535,2025-01-06,2025-01-08,CUST-1114,Jessica Jones,Corporate,Central,Nashville,Furniture,Desks,Minimalist Solid Wood Desk,4,419,0.0,1676.0,244.32,14.58,Second Class,Credit Card,5
ORD-20240121,2025-01-06,2025-01-09,CUST-1019,Rohan Williams,Consumer,West,Phoenix,Furniture,Storage,Steel Storage Credenza,2,279,0.0,558.0,69.46,12.45,First Class,UPI / Instant Transfer,5
ORD-20240847,2025-01-08,2025-01-10,CUST-1056,Vikram Davis,Home Office,North,Boston,Technology,Laptops,MacBook Air M2,3,1199,0.2,2877.6,395.17,13.73,Standard Class,Debit Card,5
ORD-20241159,2025-01-08,2025-01-12,CUST-1050,Arjun Gupta,Consumer,Central,St. Louis,Office Supplies,Paper & Notebooks,Premium Copy Paper 5-Pack,1,39,0.0,39.0,12.48,32.0,Standard Class,Credit Card,4
ORD-20241225,2025-01-10,2025-01-14,CUST-1111,Rahul Singh,Consumer,North,Minneapolis,Office Supplies,Binders & Organizers,Cable Management Tray Kit,2,25,0.05,47.5,19.66,41.39,Standard Class,Debit Card,5
ORD-20241464,2025-01-10,2025-01-13,CUST-1196,Sarah Verma,Consumer,South,Dallas,Technology,Accessories,Sony WH-1000XM5 Headphones,4,349,0.15,1186.6,273.83,23.08,Standard Class,UPI / Instant Transfer,1
ORD-20241162,2025-01-10,2025-01-14,CUST-1219,Priya Mehta,Corporate,West,Denver,Office Supplies,Binders & Organizers,Heavy Duty Ring Binders 6-Pack,11,29,0.0,319.0,125.58,39.37,First Class,Credit Card,5
ORD-20240578,2025-01-11,2025-01-13,CUST-1146,Ananya Patel,Consumer,North,New York,Office Supplies,Packaging Supplies,Heavy Duty Packing Tape 6-Pack,3,21,0.05,59.85,22.37,37.38,Second Class,UPI / Instant Transfer,5
ORD-20241179,2025-01-13,2025-01-16,CUST-1122,Arjun Jones,Home Office,North,New York,Furniture,Storage,Modular Wooden Bookshelf,1,189,0.2,151.2,-4.52,-2.99,Standard Class,Credit Card,3
ORD-20240868,2025-01-13,2025-01-14,CUST-1167,Rohan Reddy,Consumer,West,Denver,Technology,Accessories,Logitech MX Master 3S Mouse,1,99,0.05,94.05,21.84,23.22,Standard Class,Credit Card,5
ORD-20240056,2025-01-14,2025-01-16,CUST-1114,Jessica Jones,Corporate,South,Miami,Technology,Accessories,Keychron K2 Mechanical Keyboard,1,89,0.25,66.75,-3.77,-5.65,Standard Class,Credit Card,4
ORD-20241654,2025-01-14,2025-01-17,CUST-1185,Michael Gupta,Consumer,North,Chicago,Furniture,Storage,3-Drawer Mobile Filing Cabinet,1,149,0.0,149.0,33.61,22.56,Second Class,Credit Card,5
ORD-20241349,2025-01-15,2025-01-16,CUST-1162,Olivia Taylor,Corporate,Central,Kansas City,Office Supplies,Stationery,Pilot G2 Gel Pens Bulk Pack,11,22,0.1,217.8,48.28,22.17,Standard Class,UPI / Instant Transfer,5
ORD-20241229,2025-01-15,2025-01-16,CUST-1202,Ananya Deshmukh,Consumer,North,New York,Office Supplies,Binders & Organizers,Cable Management Tray Kit,2,25,0.0,50.0,14.39,28.78,First Class,Credit Card,5
ORD-20241202,2025-01-16,2025-01-17,CUST-1107,Sophia Gupta,Consumer,North,Boston,Technology,Phones,Google Pixel 8,1,699,0.05,664.05,111.95,16.86,Standard Class,Credit Card,1
ORD-20241552,2025-01-16,2025-01-19,CUST-1214,Michael Mehta,Consumer,North,Boston,Furniture,Desks,Motorized Standing Desk 60x30,3,549,0.0,1647.0,243.72,14.8,Standard Class,Net Banking,5
ORD-20241578,2025-01-17,2025-01-20,CUST-1088,Ananya Mehta,Corporate,South,Atlanta,Furniture,Lighting,Architect LED Desk Lamp,1,79,0.05,75.05,6.38,8.5,Standard Class,Debit Card,5
ORD-20240240,2025-01-17,2025-01-20,CUST-1170,Sophia Iyer,Corporate,West,Phoenix,Technology,Accessories,Keychron K2 Mechanical Keyboard,9,89,0.15,680.85,44.78,6.58,Second Class,Credit Card,4
ORD-20240931,2025-01-18,2025-01-21,CUST-1076,Ananya Wilson,Corporate,Central,Kansas City,Technology,Accessories,Sony WH-1000XM5 Headphones,1,349,0.05,331.55,99.14,29.9,Same Day,Credit Card,5
ORD-20240314,2025-01-18,2025-01-21,CUST-1131,Neha Deshmukh,Consumer,West,Denver,Technology,Accessories,Logitech MX Master 3S Mouse,1,99,0.0,99.0,33.23,33.57,Standard Class,Debit Card,2
ORD-20240697,2025-01-18,2025-01-22,CUST-1052,Sophia Mehta,Corporate,North,New York,Furniture,Chairs,Ergonomic Mesh Office Chair,1,249,0.1,224.1,39.91,17.81,First Class,UPI / Instant Transfer,3
ORD-20240396,2025-01-19,2025-01-23,CUST-1238,Kavita Wilson,Consumer,East,Baltimore,Furniture,Lighting,Ambient Floor Standing Lamp,1,119,0.0,119.0,29.61,24.88,Standard Class,UPI / Instant Transfer,5
ORD-20241761,2025-01-19,2025-01-21,CUST-1125,Priya Verma,Consumer,Central,Indianapolis,Furniture,Storage,3-Drawer Mobile Filing Cabinet,1,149,0.0,149.0,34.16,22.93,Standard Class,UPI / Instant Transfer,4
ORD-20240014,2025-01-19,2025-01-22,CUST-1184,Neha Sharma,Home Office,South,Atlanta,Office Supplies,Stationery,Parker Fountain Pen Set,2,65,0.0,130.0,40.71,31.32,Standard Class,Debit Card,4
ORD-20240332,2025-01-20,2025-01-25,CUST-1058,Neha Singh,Consumer,Central,Columbus,Furniture,Storage,Modular Wooden Bookshelf,3,189,0.2,453.6,56.03,12.35,Standard Class,UPI / Instant Transfer,3
ORD-20240128,2025-01-20,2025-01-22,CUST-1045,Arjun Patel,Consumer,West,Phoenix,Furniture,Storage,Steel Storage Credenza,3,279,0.1,753.3,70.48,9.36,First Class,UPI / Instant Transfer,4
ORD-20241340,2025-01-22,2025-01-23,CUST-1096,Pooja Patel,Consumer,North,Minneapolis,Technology,Smart Watches,Apple Watch Series 9,1,399,0.0,399.0,135.27,33.9,Same Day,Debit Card,5
ORD-20241441,2025-01-23,2025-01-25,CUST-1147,Olivia Patel,Corporate,North,Boston,Technology,Phones,OnePlus 12,6,649,0.1,3504.6,744.24,21.24,First Class,Debit Card,5
ORD-20240018,2025-01-23,2025-01-25,CUST-1127,Rohan Reddy,Corporate,East,Washington D.C.,Furniture,Desks,L-Shaped Corner Workstation,3,329,0.2,789.6,-25.87,-3.28,Standard Class,UPI / Instant Transfer,5
ORD-20241541,2025-01-23,2025-01-26,CUST-1020,Priya Johnson,Consumer,East,Philadelphia,Office Supplies,Paper & Notebooks,Premium Copy Paper 5-Pack,1,39,0.2,31.2,6.71,21.51,Second Class,UPI / Instant Transfer,5
ORD-20240053,2025-01-25,2025-01-29,CUST-1241,Ananya Anderson,Home Office,East,Philadelphia,Office Supplies,Stationery,Pilot G2 Gel Pens Bulk Pack,1,22,0.2,17.6,3.03,17.22,Standard Class,Credit Card,3
ORD-20241104,2025-01-26,2025-01-28,CUST-1220,Ananya Taylor,Home Office,West,Seattle,Furniture,Lighting,Ambient Floor Standing Lamp,3,119,0.25,267.75,-2.89,-1.08,Standard Class,Credit Card,5
ORD-20240414,2025-01-26,2025-01-29,CUST-1174,Vikram Mehta,Consumer,Central,Indianapolis,Furniture,Desks,Minimalist Solid Wood Desk,1,419,0.25,314.25,-47.66,-15.17,Standard Class,Credit Card,5
ORD-20241055,2025-01-26,2025-01-28,CUST-1144,Ananya Verma,Consumer,South,Dallas,Office Supplies,Packaging Supplies,Heavy Duty Packing Tape 6-Pack,1,21,0.0,21.0,8.08,38.48,Standard Class,UPI / Instant Transfer,5
ORD-20240040,2025-01-27,2025-01-29,CUST-1199,Sarah Wilson,Home Office,West,Los Angeles,Furniture,Lighting,Ambient Floor Standing Lamp,1,119,0.1,107.1,6.22,5.81,Second Class,Credit Card,1
ORD-20240301,2025-01-28,2025-01-31,CUST-1156,Rahul Smith,Consumer,South,Miami,Furniture,Storage,Modular Wooden Bookshelf,2,189,0.0,378.0,85.32,22.57,Standard Class,Credit Card,4
ORD-20241714,2025-01-28,2025-02-01,CUST-1157,Pooja Mehta,Corporate,East,Richmond,Technology,Laptops,Lenovo ThinkPad X1,1,1299,0.05,1234.05,279.51,22.65,Standard Class,Credit Card,2
ORD-20240427,2025-01-28,2025-01-31,CUST-1131,Neha Deshmukh,Consumer,Central,Indianapolis,Furniture,Lighting,Architect LED Desk Lamp,3,79,0.2,189.6,-0.42,-0.22,Same Day,Net Banking,4
ORD-20240901,2025-01-28,2025-02-01,CUST-1108,Alex Taylor,Corporate,North,New York,Office Supplies,Binders & Organizers,Heavy Duty Ring Binders 6-Pack,10,29,0.15,246.5,51.82,21.02,Standard Class,UPI / Instant Transfer,4
ORD-20240393,2025-01-29,2025-01-31,CUST-1135,Jessica Wilson,Home Office,South,Austin,Office Supplies,Stationery,Sharpie Highlighters Box,3,16,0.05,45.6,18.19,39.89,Standard Class,Credit Card,4
ORD-20240865,2025-01-29,2025-02-03,CUST-1223,Jessica Johnson,Consumer,Central,Nashville,Technology,Smart Watches,Apple Watch Series 9,1,399,0.05,379.05,78.63,20.74,Standard Class,Net Banking,2
ORD-20241680,2025-01-29,2025-02-01,CUST-1137,Rahul Iyer,Consumer,East,Baltimore,Office Supplies,Stationery,Parker Fountain Pen Set,2,65,0.1,117.0,33.76,28.85,Standard Class,Net Banking,4
ORD-20241244,2025-01-31,2025-02-02,CUST-1036,Arjun Patel,Corporate,South,Atlanta,Furniture,Chairs,Ergonomic Mesh Office Chair,3,249,0.05,709.65,150.66,21.23,Second Class,Cash on Delivery,4
ORD-20241143,2025-01-31,2025-02-04,CUST-1031,Pooja Singh,Corporate,South,Atlanta,Office Supplies,Paper & Notebooks,Moleskine Executive Journal,12,24,0.1,259.2,84.53,32.61,Standard Class,Debit Card,4
ORD-20240235,2025-02-01,2025-02-03,CUST-1007,Aarav Patel,Consumer,East,Richmond,Technology,Phones,Google Pixel 8,1,699,0.3,489.3,-20.56,-4.2,Same Day,Credit Card,4
ORD-20241556,2025-02-02,2025-02-06,CUST-1139,Alex Wilson,Consumer,East,Philadelphia,Furniture,Chairs,Ergonomic Mesh Office Chair,3,249,0.2,597.6,-11.55,-1.93,Second Class,Debit Card,4
ORD-20240171,2025-02-02,2025-02-04,CUST-1028,Rahul Patel,Consumer,North,New York,Furniture,Lighting,Ambient Floor Standing Lamp,3,119,0.0,357.0,101.49,28.43,Standard Class,Credit Card,5
ORD-20240638,2025-02-03,2025-02-04,CUST-1037,Olivia Deshmukh,Consumer,West,Seattle,Furniture,Lighting,Architect LED Desk Lamp,1,79,0.0,79.0,15.21,19.25,Standard Class,UPI / Instant Transfer,5
ORD-20241140,2025-02-04,2025-02-07,CUST-1243,David Wilson,Home Office,East,Richmond,Technology,Laptops,Dell XPS 13,2,1099,0.0,2198.0,531.53,24.18,Same Day,Credit Card,5
ORD-20240892,2025-02-04,2025-02-05,CUST-1032,David Mehta,Consumer,East,Pittsburgh,Furniture,Desks,Motorized Standing Desk 60x30,3,549,0.05,1564.65,168.15,10.75,Standard Class,UPI / Instant Transfer,4
ORD-20241535,2025-02-05,2025-02-09,CUST-1041,Sophia Reddy,Consumer,Central,Indianapolis,Technology,Phones,Samsung Galaxy S24,1,849,0.0,849.0,193.21,22.76,Standard Class,Debit Card,5
ORD-20241213,2025-02-06,2025-02-08,CUST-1090,Jessica Chopra,Consumer,West,Los Angeles,Technology,Smart Watches,Apple Watch Series 9,3,399,0.2,957.6,145.74,15.22,Standard Class,Net Banking,5
ORD-20241585,2025-02-06,2025-02-09,CUST-1204,Ananya Smith,Home Office,South,Austin,Technology,Accessories,Keychron K2 Mechanical Keyboard,5,89,0.2,356.0,36.28,10.19,Second Class,Credit Card,4
ORD-20240791,2025-02-07,2025-02-10,CUST-1049,James Gupta,Corporate,North,Chicago,Technology,Smart Watches,Apple Watch Series 9,9,399,0.0,3591.0,973.1,27.1,Standard Class,Cash on Delivery,4
ORD-20241297,2025-02-08,2025-02-10,CUST-1136,Emily Gupta,Consumer,South,Atlanta,Technology,Smart Watches,Apple Watch Series 9,1,399,0.05,379.05,62.33,16.44,Second Class,Net Banking,4
ORD-20241587,2025-02-08,2025-02-09,CUST-1245,Kavita Chopra,Consumer,South,Houston,Office Supplies,Stationery,Parker Fountain Pen Set,4,65,0.0,260.0,97.76,37.6,Second Class,Debit Card,5
ORD-20240423,2025-02-09,2025-02-14,CUST-1011,Rahul Wilson,Consumer,Central,Columbus,Office Supplies,Paper & Notebooks,Moleskine Executive Journal,1,24,0.0,24.0,9.34,38.92,Standard Class,Credit Card,4
ORD-20241721,2025-02-10,2025-02-13,CUST-1142,Alex Miller,Consumer,Central,Kansas City,Technology,Laptops,Lenovo ThinkPad X1,2,1299,0.0,2598.0,706.62,27.2,Standard Class,Debit Card,4
ORD-20240169,2025-02-10,2025-02-15,CUST-1084,Rohan Miller,Consumer,North,Boston,Furniture,Lighting,Architect LED Desk Lamp,1,79,0.2,63.2,1.76,2.78,Standard Class,Credit Card,4
ORD-20240167,2025-02-11,2025-02-15,CUST-1077,Daniel Sharma,Corporate,South,Austin,Technology,Smart Watches,Garmin Venu 3,4,449,0.15,1526.6,321.5,21.06,Same Day,UPI / Instant Transfer,1
ORD-20240212,2025-02-11,2025-02-14,CUST-1161,Aarav Jones,Consumer,Central,Columbus,Furniture,Lighting,Architect LED Desk Lamp,2,79,0.05,150.1,35.16,23.42,First Class,Credit Card,5
ORD-20241410,2025-02-11,2025-02-16,CUST-1194,Jessica Gupta,Corporate,Central,Kansas City,Office Supplies,Binders & Organizers,Heavy Duty Ring Binders 6-Pack,7,29,0.15,172.55,25.66,14.87,Same Day,Credit Card,2
ORD-20240693,2025-02-12,2025-02-16,CUST-1102,Pooja Patel,Corporate,North,New York,Furniture,Chairs,Executive Leather Recliner,10,399,0.05,3790.5,938.21,24.75,Second Class,Net Banking,4
ORD-20241474,2025-02-14,2025-02-16,CUST-1181,Emily Mehta,Consumer,South,Atlanta,Technology,Smart Watches,Apple Watch Series 9,1,399,0.15,339.15,39.32,11.59,Standard Class,Net Banking,5
ORD-20240521,2025-02-15,2025-02-18,CUST-1057,Emily Patel,Consumer,West,Seattle,Technology,Accessories,Sony WH-1000XM5 Headphones,2,349,0.0,698.0,189.18,27.1,Standard Class,Credit Card,4
ORD-20240725,2025-02-15,2025-02-18,CUST-1228,Arjun Verma,Consumer,South,Atlanta,Office Supplies,Paper & Notebooks,Spiral Dot Grid Notebook Pack,1,19,0.1,17.1,3.55,20.76,Standard Class,Cash on Delivery,5
ORD-20241407,2025-02-16,2025-02-20,CUST-1128,Ananya Brown,Home Office,South,Houston,Office Supplies,Stationery,Parker Fountain Pen Set,1,65,0.0,65.0,22.22,34.18,Standard Class,UPI / Instant Transfer,5
ORD-20241021,2025-02-16,2025-02-17,CUST-1219,Priya Mehta,Corporate,Central,Kansas City,Office Supplies,Packaging Supplies,Heavy Duty Packing Tape 6-Pack,11,21,0.0,231.0,90.47,39.16,Standard Class,UPI / Instant Transfer,5
ORD-20240679,2025-02-17,2025-02-21,CUST-1211,Kavita Reddy,Corporate,Central,Kansas City,Furniture,Desks,L-Shaped Corner Workstation,6,329,0.05,1875.3,310.22,16.54,Standard Class,Credit Card,4
ORD-20241645,2025-02-17,2025-02-20,CUST-1146,Ananya Patel,Consumer,West,Denver,Technology,Smart Watches,Apple Watch Series 9,1,399,0.05,379.05,66.24,17.48,Standard Class,UPI / Instant Transfer,5
ORD-20240457,2025-02-19,2025-02-20,CUST-1028,Rahul Patel,Consumer,Central,Columbus,Furniture,Lighting,Architect LED Desk Lamp,1,79,0.15,67.15,-0.77,-1.15,Standard Class,Credit Card,3
ORD-20240336,2025-02-19,2025-02-22,CUST-1145,Daniel Patel,Consumer,North,Boston,Technology,Laptops,HP Spectre x360,2,999,0.05,1898.1,455.04,23.97,Standard Class,Net Banking,5
ORD-20240461,2025-02-19,2025-02-22,CUST-1140,Neha Smith,Home Office,South,Dallas,Furniture,Desks,Motorized Standing Desk 60x30,2,549,0.15,933.3,93.49,10.02,Standard Class,UPI / Instant Transfer,5
ORD-20241612,2025-02-19,2025-02-20,CUST-1185,Michael Gupta,Consumer,East,Baltimore,Furniture,Lighting,Ambient Floor Standing Lamp,2,119,0.15,202.3,18.51,9.15,Second Class,UPI / Instant Transfer,4
ORD-20240969,2025-02-20,2025-02-24,CUST-1069,Ananya Jones,Consumer,South,Austin,Furniture,Lighting,Ambient Floor Standing Lamp,5,119,0.0,595.0,129.09,21.7,First Class,Net Banking,5
ORD-20240653,2025-02-20,2025-02-22,CUST-1175,Priya Singh,Corporate,Central,Columbus,Furniture,Storage,Steel Storage Credenza,6,279,0.0,1674.0,225.47,13.47,First Class,Credit Card,5
ORD-20241786,2025-02-20,2025-02-21,CUST-1038,Sophia Reddy,Consumer,South,Miami,Furniture,Desks,Motorized Standing Desk 60x30,1,549,0.0,549.0,125.44,22.85,Standard Class,Credit Card,5
ORD-20241702,2025-02-20,2025-02-23,CUST-1153,Jessica Taylor,Consumer,Central,St. Louis,Office Supplies,Paper & Notebooks,Spiral Dot Grid Notebook Pack,1,19,0.1,17.1,6.23,36.43,Standard Class,Debit Card,5
ORD-20241317,2025-02-21,2025-02-22,CUST-1134,James Iyer,Consumer,East,Richmond,Office Supplies,Stationery,Pilot G2 Gel Pens Bulk Pack,2,22,0.0,44.0,17.94,40.77,First Class,Credit Card,4
ORD-20240814,2025-02-21,2025-02-25,CUST-1129,Emily Miller,Consumer,North,Minneapolis,Technology,Phones,OnePlus 12,2,649,0.15,1103.3,252.32,22.87,Standard Class,UPI / Instant Transfer,5
ORD-20241359,2025-02-21,2025-02-23,CUST-1006,Jessica Verma,Consumer,South,Houston,Office Supplies,Stationery,Pilot G2 Gel Pens Bulk Pack,3,22,0.15,56.1,14.11,25.15,Second Class,Debit Card,5
ORD-20241372,2025-02-21,2025-02-23,CUST-1209,Pooja Chopra,Consumer,South,Dallas,Office Supplies,Stationery,Parker Fountain Pen Set,1,65,0.0,65.0,24.86,38.25,First Class,UPI / Instant Transfer,5
ORD-20241763,2025-02-23,2025-02-24,CUST-1235,Kavita Davis,Consumer,South,Miami,Technology,Phones,OnePlus 12,3,649,0.0,1947.0,442.85,22.75,Second Class,UPI / Instant Transfer,4
ORD-20241173,2025-02-23,2025-02-26,CUST-1119,Rahul Wilson,Home Office,East,Pittsburgh,Furniture,Lighting,Ambient Floor Standing Lamp,1,119,0.1,107.1,15.54,14.51,Standard Class,Credit Card,2
ORD-20240337,2025-02-24,2025-02-27,CUST-1204,Ananya Smith,Home Office,Central,Indianapolis,Office Supplies,Binders & Organizers,Heavy Duty Ring Binders 6-Pack,3,29,0.0,87.0,31.26,35.93,Standard Class,Net Banking,5
ORD-20240088,2025-02-24,2025-02-27,CUST-1185,Michael Gupta,Consumer,South,Houston,Office Supplies,Binders & Organizers,Cable Management Tray Kit,3,25,0.0,75.0,30.16,40.21,Standard Class,Credit Card,2
ORD-20241091,2025-02-24,2025-02-26,CUST-1124,James Wilson,Consumer,South,Dallas,Furniture,Desks,Minimalist Solid Wood Desk,1,419,0.05,398.05,86.0,21.61,First Class,UPI / Instant Transfer,5
ORD-20241444,2025-02-25,2025-03-01,CUST-1245,Kavita Chopra,Consumer,North,Detroit,Furniture,Chairs,Steelcase Series 1 Task Chair,1,499,0.05,474.05,103.51,21.84,Second Class,Debit Card,5
ORD-20241396,2025-02-25,2025-02-28,CUST-1153,Jessica Taylor,Consumer,South,Miami,Technology,Phones,OnePlus 12,3,649,0.15,1654.95,119.89,7.24,Standard Class,Credit Card,3
ORD-20240045,2025-02-25,2025-02-28,CUST-1203,Jessica Sharma,Consumer,South,Dallas,Technology,Phones,OnePlus 12,2,649,0.0,1298.0,276.57,21.31,Second Class,UPI / Instant Transfer,5
ORD-20241661,2025-02-26,2025-03-01,CUST-1121,Jessica Deshmukh,Corporate,Central,Indianapolis,Technology,Phones,Samsung Galaxy S24,1,849,0.05,806.55,146.67,18.18,First Class,Credit Card,5
ORD-20240354,2025-02-26,2025-03-03,CUST-1133,David Mehta,Consumer,Central,Kansas City,Office Supplies,Binders & Organizers,Heavy Duty Ring Binders 6-Pack,1,29,0.0,29.0,8.71,30.03,Standard Class,UPI / Instant Transfer,5
ORD-20241169,2025-02-26,2025-03-01,CUST-1074,Olivia Chopra,Corporate,South,Houston,Furniture,Storage,Steel Storage Credenza,1,279,0.2,223.2,-6.43,-2.88,Second Class,Credit Card,5
ORD-20240373,2025-02-26,2025-02-28,CUST-1078,Olivia Smith,Consumer,North,New York,Office Supplies,Stationery,Pilot G2 Gel Pens Bulk Pack,1,22,0.05,20.9,5.77,27.61,Standard Class,Credit Card,5
ORD-20241677,2025-02-27,2025-03-03,CUST-1067,Michael Singh,Consumer,Central,Columbus,Office Supplies,Paper & Notebooks,Premium Copy Paper 5-Pack,2,39,0.1,70.2,22.29,31.75,Standard Class,Credit Card,5
ORD-20240173,2025-02-27,2025-03-02,CUST-1022,Arjun Verma,Consumer,Central,Indianapolis,Office Supplies,Stationery,Sharpie Highlighters Box,1,16,0.0,16.0,6.24,39.0,Standard Class,Net Banking,5
ORD-20240334,2025-02-28,2025-03-04,CUST-1185,Michael Gupta,Consumer,North,Detroit,Office Supplies,Packaging Supplies,Heavy Duty Packing Tape 6-Pack,1,21,0.0,21.0,5.95,28.33,Standard Class,Credit Card,5
ORD-20241430,2025-03-01,2025-03-05,CUST-1116,Neha Williams,Home Office,Central,Columbus,Furniture,Storage,3-Drawer Mobile Filing Cabinet,1,149,0.1,134.1,16.12,12.02,Standard Class,UPI / Instant Transfer,1
ORD-20241078,2025-03-01,2025-03-05,CUST-1138,Rahul Verma,Corporate,West,San Francisco,Office Supplies,Paper & Notebooks,Premium Copy Paper 5-Pack,7,39,0.0,273.0,87.01,31.87,Standard Class,UPI / Instant Transfer,5
ORD-20240615,2025-03-01,2025-03-05,CUST-1002,Arjun Reddy,Home Office,South,Houston,Furniture,Storage,Steel Storage Credenza,1,279,0.0,279.0,47.78,17.13,Second Class,Debit Card,5
ORD-20240064,2025-03-01,2025-03-04,CUST-1081,Kavita Reddy,Home Office,West,Seattle,Office Supplies,Binders & Organizers,Desktop Acrylic Organizer,5,34,0.1,153.0,43.37,28.35,Standard Class,Debit Card,5
ORD-20241682,2025-03-01,2025-03-05,CUST-1191,Sophia Verma,Consumer,Central,Kansas City,Office Supplies,Paper & Notebooks,Premium Copy Paper 5-Pack,4,39,0.15,132.6,31.68,23.89,Standard Class,Credit Card,4
ORD-20240260,2025-03-02,2025-03-05,CUST-1023,James Wilson,Consumer,South,Houston,Technology,Smart Watches,Garmin Venu 3,2,449,0.05,853.1,219.03,25.67,First Class,Credit Card,5
ORD-20240885,2025-03-02,2025-03-05,CUST-1078,Olivia Smith,Consumer,East,Philadelphia,Furniture,Lighting,Architect LED Desk Lamp,1,79,0.2,63.2,1.69,2.67,First Class,Credit Card,5
ORD-20240494,2025-03-02,2025-03-05,CUST-1203,Jessica Sharma,Consumer,West,San Francisco,Technology,Laptops,Lenovo ThinkPad X1,2,1299,0.05,2468.1,413.83,16.77,Standard Class,Net Banking,4
ORD-20240127,2025-03-04,2025-03-06,CUST-1177,Arjun Iyer,Corporate,South,Houston,Office Supplies,Packaging Supplies,Bubble Cushion Wrap Roll,3,28,0.05,79.8,16.83,21.09,Standard Class,Credit Card,5
ORD-20240776,2025-03-04,2025-03-06,CUST-1230,Daniel Wilson,Corporate,North,Chicago,Technology,Phones,Apple iPhone 15 Pro,2,999,0.0,1998.0,615.34,30.8,Standard Class,Cash on Delivery,4
ORD-20240514,2025-03-06,2025-03-09,CUST-1166,Vikram Johnson,Corporate,North,Boston,Technology,Phones,Apple iPhone 15 Pro,4,999,0.2,3196.8,212.98,6.66,Standard Class,Credit Card,5
ORD-20240630,2025-03-07,2025-03-08,CUST-1229,Jessica Sharma,Home Office,East,Baltimore,Technology,Laptops,HP Spectre x360,1,999,0.05,949.05,289.58,30.51,Standard Class,UPI / Instant Transfer,5
ORD-20240937,2025-03-07,2025-03-10,CUST-1038,Sophia Reddy,Consumer,Central,Columbus,Office Supplies,Stationery,Parker Fountain Pen Set,4,65,0.0,260.0,110.72,42.58,Standard Class,Cash on Delivery,5
ORD-20240468,2025-03-07,2025-03-10,CUST-1205,Jessica Reddy,Corporate,East,Baltimore,Technology,Phones,Google Pixel 8,3,699,0.0,2097.0,585.12,27.9,First Class,Credit Card,5
ORD-20241133,2025-03-08,2025-03-11,CUST-1182,Neha Patel,Consumer,East,Washington D.C.,Office Supplies,Binders & Organizers,Desktop Acrylic Organizer,2,34,0.05,64.6,21.57,33.39,Standard Class,UPI / Instant Transfer,5
ORD-20240939,2025-03-08,2025-03-11,CUST-1103,Neha Smith,Consumer,Central,Indianapolis,Office Supplies,Binders & Organizers,Heavy Duty Ring Binders 6-Pack,1,29,0.15,24.65,6.75,27.38,Second Class,UPI / Instant Transfer,4
ORD-20240850,2025-03-09,2025-03-12,CUST-1070,Aarav Mehta,Home Office,East,Richmond,Technology,Smart Watches,Samsung Galaxy Watch 6,1,299,0.0,299.0,64.38,21.53,Standard Class,Credit Card,4
ORD-20240511,2025-03-09,2025-03-11,CUST-1017,Vikram Chopra,Consumer,East,Baltimore,Furniture,Lighting,Architect LED Desk Lamp,2,79,0.05,150.1,16.03,10.68,Standard Class,UPI / Instant Transfer,3
ORD-20240761,2025-03-10,2025-03-13,CUST-1239,Vikram Chopra,Corporate,South,Houston,Furniture,Chairs,Gaming Bucket Chair,1,199,0.15,169.15,29.59,17.49,Standard Class,UPI / Instant Transfer,5
ORD-20240801,2025-03-10,2025-03-13,CUST-1106,Emily Chopra,Consumer,Central,St. Louis,Technology,Laptops,HP Spectre x360,1,999,0.05,949.05,219.71,23.15,Second Class,Credit Card,5
ORD-20241010,2025-03-10,2025-03-13,CUST-1099,Pooja Taylor,Consumer,North,Chicago,Technology,Accessories,Keychron K2 Mechanical Keyboard,1,89,0.15,75.65,8.09,10.69,Second Class,Credit Card,5
ORD-20240626,2025-03-11,2025-03-15,CUST-1122,Arjun Jones,Home Office,South,Houston,Technology,Accessories,Anker 100W Fast Charger,2,59,0.05,112.1,28.41,25.34,First Class,UPI / Instant Transfer,5
ORD-20241770,2025-03-11,2025-03-15,CUST-1246,Jessica Taylor,Home Office,Central,Kansas City,Technology,Smart Watches,Samsung Galaxy Watch 6,3,299,0.15,762.45,174.68,22.91,Standard Class,Credit Card,5
ORD-20240598,2025-03-11,2025-03-14,CUST-1119,Rahul Wilson,Home Office,Central,St. Louis,Furniture,Storage,Steel Storage Credenza,1,279,0.05,265.05,64.03,24.16,Standard Class,Net Banking,4
ORD-20240682,2025-03-11,2025-03-14,CUST-1104,Rohan Davis,Consumer,Central,St. Louis,Furniture,Chairs,Ergonomic Mesh Office Chair,5,249,0.0,1245.0,160.01,12.85,Second Class,UPI / Instant Transfer,5
ORD-20241346,2025-03-13,2025-03-16,CUST-1215,Rohan Mehta,Corporate,South,Dallas,Technology,Phones,Samsung Galaxy S24,2,849,0.1,1528.2,285.25,18.67,Standard Class,Credit Card,4
ORD-20241689,2025-03-13,2025-03-16,CUST-1054,Alex Williams,Home Office,South,Austin,Office Supplies,Binders & Organizers,Desktop Acrylic Organizer,1,34,0.0,34.0,9.04,26.59,Standard Class,Credit Card,5
ORD-20240208,2025-03-15,2025-03-17,CUST-1036,Arjun Patel,Corporate,South,Miami,Office Supplies,Paper & Notebooks,Moleskine Executive Journal,12,24,0.0,288.0,75.38,26.17,Standard Class,Credit Card,5
ORD-20240913,2025-03-16,2025-03-19,CUST-1141,Neha Verma,Home Office,South,Atlanta,Furniture,Chairs,Steelcase Series 1 Task Chair,1,499,0.0,499.0,67.24,13.47,First Class,Net Banking,5
ORD-20241119,2025-03-16,2025-03-20,CUST-1128,Ananya Brown,Home Office,North,Chicago,Furniture,Lighting,Architect LED Desk Lamp,1,79,0.3,55.3,-9.0,-16.27,Same Day,UPI / Instant Transfer,5
ORD-20240063,2025-03-16,2025-03-17,CUST-1180,Arjun Davis,Consumer,North,Minneapolis,Office Supplies,Stationery,Pilot G2 Gel Pens Bulk Pack,2,22,0.0,44.0,16.82,38.23,Second Class,Credit Card,5
ORD-20240777,2025-03-17,2025-03-19,CUST-1243,David Wilson,Home Office,West,Seattle,Furniture,Storage,3-Drawer Mobile Filing Cabinet,1,149,0.0,149.0,29.9,20.07,Second Class,Credit Card,3
ORD-20240340,2025-03-17,2025-03-20,CUST-1095,Priya Reddy,Corporate,North,Minneapolis,Furniture,Desks,L-Shaped Corner Workstation,3,329,0.05,937.65,115.03,12.27,Standard Class,UPI / Instant Transfer,4
ORD-20240403,2025-03-18,2025-03-20,CUST-1101,Rohan Verma,Consumer,South,Dallas,Furniture,Chairs,Gaming Bucket Chair,2,199,0.0,398.0,90.8,22.81,Second Class,Cash on Delivery,5
ORD-20241150,2025-03-18,2025-03-20,CUST-1114,Jessica Jones,Corporate,North,Chicago,Furniture,Desks,L-Shaped Corner Workstation,5,329,0.1,1480.5,158.72,10.72,Standard Class,Credit Card,4
ORD-20241545,2025-03-19,2025-03-22,CUST-1134,James Iyer,Consumer,Central,Kansas City,Furniture,Lighting,Architect LED Desk Lamp,1,79,0.0,79.0,15.29,19.35,Second Class,UPI / Instant Transfer,5
ORD-20240232,2025-03-19,2025-03-23,CUST-1102,Pooja Patel,Corporate,West,Los Angeles,Furniture,Lighting,Architect LED Desk Lamp,7,79,0.0,553.0,77.96,14.1,Standard Class,UPI / Instant Transfer,5
ORD-20240291,2025-03-19,2025-03-22,CUST-1064,Arjun Wilson,Consumer,West,Seattle,Office Supplies,Packaging Supplies,Bubble Cushion Wrap Roll,3,28,0.05,79.8,17.01,21.32,Standard Class,Credit Card,5
ORD-20240869,2025-03-19,2025-03-21,CUST-1013,James Taylor,Corporate,South,Atlanta,Technology,Phones,Apple iPhone 15 Pro,4,999,0.0,3996.0,1079.64,27.02,Standard Class,Debit Card,5
ORD-20240670,2025-03-20,2025-03-24,CUST-1017,Vikram Chopra,Consumer,North,Chicago,Technology,Laptops,Dell XPS 13,2,1099,0.1,1978.2,444.67,22.48,Standard Class,Credit Card,5
ORD-20240401,2025-03-20,2025-03-23,CUST-1223,Jessica Johnson,Consumer,North,Chicago,Office Supplies,Paper & Notebooks,Spiral Dot Grid Notebook Pack,3,19,0.0,57.0,22.18,38.91,Standard Class,Net Banking,5
ORD-20241634,2025-03-21,2025-03-25,CUST-1196,Sarah Verma,Consumer,East,Richmond,Furniture,Lighting,Ambient Floor Standing Lamp,1,119,0.05,113.05,24.12,21.34,First Class,Credit Card,5
ORD-20241341,2025-03-21,2025-03-23,CUST-1209,Pooja Chopra,Consumer,South,Miami,Office Supplies,Binders & Organizers,Desktop Acrylic Organizer,1,34,0.3,23.8,1.48,6.22,Standard Class,UPI / Instant Transfer,5
ORD-20240859,2025-03-22,2025-03-24,CUST-1023,James Wilson,Consumer,South,Miami,Office Supplies,Paper & Notebooks,Spiral Dot Grid Notebook Pack,4,19,0.0,76.0,22.27,29.3,Standard Class,Credit Card,5
ORD-20240017,2025-03-22,2025-03-26,CUST-1152,Olivia Patel,Consumer,East,Baltimore,Technology,Phones,Google Pixel 8,4,699,0.0,2796.0,783.7,28.03,Standard Class,Credit Card,4
ORD-20240636,2025-03-23,2025-03-25,CUST-1007,Aarav Patel,Consumer,Central,St. Louis,Furniture,Storage,3-Drawer Mobile Filing Cabinet,1,149,0.0,149.0,40.19,26.97,First Class,Credit Card,5
ORD-20240613,2025-03-24,2025-03-28,CUST-1247,Olivia Smith,Consumer,North,New York,Office Supplies,Paper & Notebooks,Spiral Dot Grid Notebook Pack,1,19,0.0,19.0,6.16,32.42,Standard Class,Credit Card,3
ORD-20240768,2025-03-25,2025-03-28,CUST-1113,Sarah Brown,Home Office,South,Dallas,Furniture,Lighting,Architect LED Desk Lamp,1,79,0.2,63.2,5.08,8.04,Second Class,UPI / Instant Transfer,5
ORD-20241069,2025-03-25,2025-03-28,CUST-1053,Alex Brown,Home Office,West,Phoenix,Technology,Phones,Samsung Galaxy S24,2,849,0.05,1613.1,377.85,23.42,Standard Class,Credit Card,5
ORD-20240915,2025-03-25,2025-03-27,CUST-1012,Jessica Reddy,Home Office,East,Baltimore,Office Supplies,Stationery,Pilot G2 Gel Pens Bulk Pack,1,22,0.0,22.0,7.01,31.86,Standard Class,Cash on Delivery,4
ORD-20240333,2025-03-26,2025-03-28,CUST-1020,Priya Johnson,Consumer,Central,St. Louis,Technology,Laptops,Dell XPS 13,1,1099,0.1,989.1,140.07,14.16,Standard Class,UPI / Instant Transfer,4
ORD-20241141,2025-03-27,2025-03-28,CUST-1063,James Davis,Corporate,Central,Nashville,Furniture,Desks,Motorized Standing Desk 60x30,2,549,0.0,1098.0,316.53,28.83,Same Day,UPI / Instant Transfer,5
ORD-20240079,2025-03-28,2025-03-31,CUST-1204,Ananya Smith,Home Office,East,Richmond,Technology,Accessories,Sony WH-1000XM5 Headphones,1,349,0.05,331.55,101.72,30.68,First Class,Credit Card,4
ORD-20240886,2025-03-28,2025-03-31,CUST-1129,Emily Miller,Consumer,East,Pittsburgh,Furniture,Lighting,Ambient Floor Standing Lamp,1,119,0.05,113.05,29.16,25.79,Second Class,Cash on Delivery,5
ORD-20241466,2025-03-29,2025-04-01,CUST-1247,Olivia Smith,Consumer,North,Detroit,Furniture,Chairs,Gaming Bucket Chair,1,199,0.0,199.0,49.62,24.93,Second Class,Credit Card,4
ORD-20240071,2025-03-29,2025-04-01,CUST-1125,Priya Verma,Consumer,Central,Columbus,Furniture,Storage,3-Drawer Mobile Filing Cabinet,3,149,0.0,447.0,99.51,22.26,First Class,Cash on Delivery,5
ORD-20241147,2025-03-30,2025-04-04,CUST-1119,Rahul Wilson,Home Office,East,Baltimore,Furniture,Lighting,Architect LED Desk Lamp,3,79,0.0,237.0,61.84,26.09,Second Class,Debit Card,5
ORD-20240987,2025-03-30,2025-04-02,CUST-1016,Michael Mehta,Consumer,East,Philadelphia,Office Supplies,Binders & Organizers,Heavy Duty Ring Binders 6-Pack,2,29,0.1,52.2,16.44,31.49,Standard Class,Credit Card,4
ORD-20241716,2025-03-31,2025-04-02,CUST-1122,Arjun Jones,Home Office,South,Austin,Furniture,Lighting,Ambient Floor Standing Lamp,1,119,0.05,113.05,16.5,14.6,Standard Class,Debit Card,5
ORD-20241171,2025-04-01,2025-04-02,CUST-1191,Sophia Verma,Consumer,North,Boston,Office Supplies,Binders & Organizers,Cable Management Tray Kit,2,25,0.1,45.0,16.84,37.42,Second Class,Debit Card,5
ORD-20241660,2025-04-01,2025-04-03,CUST-1177,Arjun Iyer,Corporate,South,Atlanta,Furniture,Chairs,Gaming Bucket Chair,11,199,0.0,2189.0,543.59,24.83,Second Class,Debit Card,4
ORD-20240641,2025-04-01,2025-04-02,CUST-1163,Priya Patel,Corporate,Central,Indianapolis,Technology,Accessories,Logitech MX Master 3S Mouse,3,99,0.05,282.15,48.49,17.19,Standard Class,Credit Card,5
ORD-20240748,2025-04-02,2025-04-06,CUST-1032,David Mehta,Consumer,North,Chicago,Office Supplies,Stationery,Sharpie Highlighters Box,1,16,0.05,15.2,3.68,24.21,Standard Class,Credit Card,5
ORD-20241342,2025-04-04,2025-04-07,CUST-1157,Pooja Mehta,Corporate,West,Seattle,Furniture,Storage,Steel Storage Credenza,3,279,0.0,837.0,206.57,24.68,Second Class,Credit Card,4
ORD-20240632,2025-04-04,2025-04-06,CUST-1187,James Wilson,Corporate,East,Philadelphia,Office Supplies,Packaging Supplies,Heavy Duty Packing Tape 6-Pack,1,21,0.05,19.95,4.38,21.95,Second Class,Cash on Delivery,3
ORD-20240408,2025-04-05,2025-04-08,CUST-1085,Rohan Wilson,Consumer,South,Austin,Technology,Laptops,Lenovo ThinkPad X1,2,1299,0.1,2338.2,262.8,11.24,Standard Class,Credit Card,4
ORD-20241144,2025-04-05,2025-04-09,CUST-1061,Rohan Williams,Consumer,West,Phoenix,Furniture,Storage,Steel Storage Credenza,2,279,0.2,446.4,40.42,9.05,First Class,Debit Card,5
ORD-20241163,2025-04-05,2025-04-09,CUST-1022,Arjun Verma,Consumer,East,Richmond,Technology,Phones,Samsung Galaxy S24,3,849,0.0,2547.0,863.02,33.88,Standard Class,Credit Card,5
ORD-20241183,2025-04-05,2025-04-08,CUST-1050,Arjun Gupta,Consumer,East,Washington D.C.,Furniture,Chairs,Gaming Bucket Chair,1,199,0.1,179.1,28.08,15.68,Second Class,Credit Card,4
ORD-20240851,2025-04-05,2025-04-07,CUST-1009,Daniel Anderson,Corporate,Central,St. Louis,Office Supplies,Packaging Supplies,Heavy Duty Packing Tape 6-Pack,11,21,0.0,231.0,102.57,44.4,Standard Class,Credit Card,5
ORD-20241651,2025-04-05,2025-04-09,CUST-1227,Alex Chopra,Home Office,North,Detroit,Technology,Smart Watches,Samsung Galaxy Watch 6,1,299,0.3,209.3,3.43,1.64,Standard Class,Debit Card,5
ORD-20241026,2025-04-05,2025-04-07,CUST-1224,Michael Brown,Consumer,South,Houston,Furniture,Chairs,Steelcase Series 1 Task Chair,3,499,0.1,1347.3,115.26,8.55,Standard Class,Debit Card,5
ORD-20240692,2025-04-06,2025-04-08,CUST-1054,Alex Williams,Home Office,Central,Kansas City,Furniture,Chairs,Ergonomic Mesh Office Chair,2,249,0.1,448.2,58.19,12.98,Standard Class,UPI / Instant Transfer,5
ORD-20240443,2025-04-07,2025-04-11,CUST-1078,Olivia Smith,Consumer,South,Austin,Furniture,Desks,Motorized Standing Desk 60x30,1,549,0.0,549.0,144.73,26.36,Standard Class,UPI / Instant Transfer,5
ORD-20240512,2025-04-07,2025-04-10,CUST-1205,Jessica Reddy,Corporate,North,Chicago,Furniture,Chairs,Ergonomic Mesh Office Chair,1,249,0.25,186.75,9.0,4.82,First Class,Debit Card,5
ORD-20241197,2025-04-07,2025-04-08,CUST-1155,Michael Mehta,Home Office,Central,Columbus,Technology,Laptops,MacBook Air M2,1,1199,0.15,1019.15,106.21,10.42,Standard Class,Debit Card,3
ORD-20241222,2025-04-07,2025-04-09,CUST-1042,Michael Verma,Consumer,North,Boston,Office Supplies,Binders & Organizers,Desktop Acrylic Organizer,1,34,0.0,34.0,9.61,28.26,Standard Class,Credit Card,5
ORD-20241623,2025-04-08,2025-04-10,CUST-1111,Rahul Singh,Consumer,West,Seattle,Furniture,Desks,Motorized Standing Desk 60x30,2,549,0.0,1098.0,149.34,13.6,First Class,UPI / Instant Transfer,4
ORD-20241546,2025-04-09,2025-04-13,CUST-1146,Ananya Patel,Consumer,West,Denver,Technology,Laptops,Dell XPS 13,1,1099,0.0,1099.0,313.5,28.53,Second Class,Net Banking,4
ORD-20240433,2025-04-11,2025-04-14,CUST-1093,Sarah Jones,Corporate,North,New York,Furniture,Storage,Modular Wooden Bookshelf,9,189,0.15,1445.85,235.27,16.27,Standard Class,UPI / Instant Transfer,5
ORD-20241440,2025-04-11,2025-04-13,CUST-1047,Michael Chopra,Consumer,East,Pittsburgh,Furniture,Storage,Modular Wooden Bookshelf,3,189,0.0,567.0,106.03,18.7,Standard Class,Cash on Delivery,5
ORD-20240262,2025-04-12,2025-04-13,CUST-1093,Sarah Jones,Corporate,South,Miami,Furniture,Lighting,Ambient Floor Standing Lamp,2,119,0.0,238.0,55.44,23.29,First Class,Credit Card,5
ORD-20240689,2025-04-12,2025-04-14,CUST-1216,Sarah Davis,Consumer,East,Pittsburgh,Office Supplies,Stationery,Pilot G2 Gel Pens Bulk Pack,1,22,0.2,17.6,2.27,12.9,Second Class,Credit Card,5
ORD-20241035,2025-04-14,2025-04-18,CUST-1126,Sophia Sharma,Consumer,South,Miami,Furniture,Storage,Steel Storage Credenza,1,279,0.15,237.15,6.72,2.83,Standard Class,Credit Card,5
ORD-20240200,2025-04-14,2025-04-17,CUST-1179,Michael Chopra,Home Office,East,Philadelphia,Office Supplies,Packaging Supplies,Bubble Cushion Wrap Roll,5,28,0.15,119.0,28.15,23.66,Second Class,Debit Card,5
ORD-20240581,2025-04-14,2025-04-15,CUST-1121,Jessica Deshmukh,Corporate,South,Miami,Office Supplies,Packaging Supplies,Bubble Cushion Wrap Roll,12,28,0.0,336.0,144.8,43.1,First Class,Credit Card,5
ORD-20241102,2025-04-14,2025-04-17,CUST-1163,Priya Patel,Corporate,East,Washington D.C.,Technology,Accessories,Anker 100W Fast Charger,5,59,0.15,250.75,21.09,8.41,Same Day,UPI / Instant Transfer,5
ORD-20241554,2025-04-15,2025-04-17,CUST-1212,Pooja Sharma,Corporate,South,Miami,Furniture,Desks,Minimalist Solid Wood Desk,1,419,0.0,419.0,71.31,17.02,Standard Class,UPI / Instant Transfer,4
ORD-20241600,2025-04-15,2025-04-18,CUST-1232,Jessica Patel,Consumer,Central,Kansas City,Office Supplies,Stationery,Parker Fountain Pen Set,3,65,0.1,175.5,42.83,24.4,Second Class,UPI / Instant Transfer,1
ORD-20241800,2025-04-15,2025-04-18,CUST-1159,Kavita Jones,Consumer,North,Detroit,Technology,Accessories,Keychron K2 Mechanical Keyboard,2,89,0.15,151.3,33.41,22.08,Standard Class,Debit Card,3
ORD-20241470,2025-04-17,2025-04-20,CUST-1029,Neha Reddy,Corporate,North,Minneapolis,Technology,Phones,Apple iPhone 15 Pro,1,999,0.2,799.2,31.09,3.89,Standard Class,Debit Card,5
ORD-20240046,2025-04-17,2025-04-20,CUST-1118,Pooja Chopra,Consumer,East,Philadelphia,Furniture,Storage,Steel Storage Credenza,2,279,0.0,558.0,72.46,12.99,Standard Class,UPI / Instant Transfer,1
ORD-20241775,2025-04-17,2025-04-19,CUST-1069,Ananya Jones,Consumer,East,Philadelphia,Technology,Phones,OnePlus 12,2,649,0.15,1103.3,206.62,18.73,Standard Class,Credit Card,5
ORD-20241663,2025-04-17,2025-04-19,CUST-1101,Rohan Verma,Consumer,East,Richmond,Office Supplies,Packaging Supplies,Bubble Cushion Wrap Roll,1,28,0.0,28.0,8.81,31.46,Same Day,Net Banking,5
ORD-20241783,2025-04-17,2025-04-19,CUST-1119,Rahul Wilson,Home Office,North,Chicago,Technology,Smart Watches,Apple Watch Series 9,1,399,0.0,399.0,107.3,26.89,Second Class,Credit Card,5
ORD-20240424,2025-04-17,2025-04-19,CUST-1076,Ananya Wilson,Corporate,Central,Kansas City,Office Supplies,Stationery,Pilot G2 Gel Pens Bulk Pack,3,22,0.1,59.4,21.61,36.38,Standard Class,Credit Card,4
ORD-20241081,2025-04-18,2025-04-21,CUST-1134,James Iyer,Consumer,Central,Nashville,Furniture,Desks,L-Shaped Corner Workstation,1,329,0.1,296.1,31.49,10.63,Standard Class,UPI / Instant Transfer,2
ORD-20241693,2025-04-19,2025-04-22,CUST-1208,Neha Miller,Corporate,South,Houston,Technology,Accessories,Logitech MX Master 3S Mouse,1,99,0.0,99.0,30.8,31.11,Standard Class,Credit Card,5
ORD-20240711,2025-04-19,2025-04-21,CUST-1073,Kavita Davis,Consumer,West,Phoenix,Office Supplies,Packaging Supplies,Bubble Cushion Wrap Roll,1,28,0.1,25.2,8.7,34.52,First Class,Credit Card,3
ORD-20240379,2025-04-19,2025-04-22,CUST-1009,Daniel Anderson,Corporate,East,Philadelphia,Technology,Phones,Google Pixel 8,3,699,0.05,1992.15,568.65,28.54,Second Class,UPI / Instant Transfer,4
ORD-20240895,2025-04-20,2025-04-23,CUST-1109,Emily Reddy,Consumer,South,Atlanta,Furniture,Lighting,Architect LED Desk Lamp,2,79,0.0,158.0,38.79,24.55,Standard Class,Credit Card,4
ORD-20241278,2025-04-20,2025-04-24,CUST-1238,Kavita Wilson,Consumer,North,Minneapolis,Office Supplies,Binders & Organizers,Desktop Acrylic Organizer,3,34,0.05,96.9,34.04,35.13,Same Day,UPI / Instant Transfer,5
ORD-20240116,2025-04-20,2025-04-22,CUST-1156,Rahul Smith,Consumer,South,Miami,Office Supplies,Binders & Organizers,Cable Management Tray Kit,8,25,0.0,200.0,74.05,37.02,Standard Class,UPI / Instant Transfer,4
ORD-20240676,2025-04-21,2025-04-24,CUST-1087,Emily Wilson,Corporate,West,Denver,Furniture,Lighting,Ambient Floor Standing Lamp,1,119,0.0,119.0,35.17,29.55,First Class,Credit Card,5
ORD-20241789,2025-04-21,2025-04-24,CUST-1077,Daniel Sharma,Corporate,Central,Kansas City,Office Supplies,Stationery,Pilot G2 Gel Pens Bulk Pack,8,22,0.05,167.2,58.05,34.72,Standard Class,UPI / Instant Transfer,5
ORD-20241451,2025-04-21,2025-04-24,CUST-1130,Rahul Williams,Consumer,Central,Columbus,Furniture,Desks,Minimalist Solid Wood Desk,3,419,0.1,1131.3,167.19,14.78,Standard Class,UPI / Instant Transfer,5
ORD-20241343,2025-04-21,2025-04-25,CUST-1224,Michael Brown,Consumer,Central,Kansas City,Office Supplies,Stationery,Parker Fountain Pen Set,1,65,0.1,58.5,10.41,17.79,Standard Class,Debit Card,5
ORD-20240549,2025-04-22,2025-04-24,CUST-1170,Sophia Iyer,Corporate,West,Denver,Office Supplies,Binders & Organizers,Cable Management Tray Kit,11,25,0.0,275.0,81.73,29.72,Standard Class,Credit Card,1
ORD-20240759,2025-04-24,2025-04-27,CUST-1071,Daniel Deshmukh,Corporate,West,Phoenix,Office Supplies,Stationery,Pilot G2 Gel Pens Bulk Pack,2,22,0.0,44.0,13.02,29.59,Standard Class,Debit Card,4
ORD-20241754,2025-04-24,2025-04-27,CUST-1095,Priya Reddy,Corporate,East,Washington D.C.,Office Supplies,Packaging Supplies,Heavy Duty Packing Tape 6-Pack,2,21,0.15,35.7,11.85,33.19,Standard Class,Credit Card,4
ORD-20241275,2025-04-25,2025-04-30,CUST-1067,Michael Singh,Consumer,Central,Nashville,Office Supplies,Binders & Organizers,Cable Management Tray Kit,2,25,0.05,47.5,13.32,28.04,Second Class,Cash on Delivery,4
ORD-20241253,2025-04-25,2025-04-30,CUST-1176,Sophia Gupta,Consumer,Central,Indianapolis,Office Supplies,Paper & Notebooks,Premium Copy Paper 5-Pack,3,39,0.0,117.0,39.27,33.56,Standard Class,Net Banking,5
ORD-20240807,2025-04-26,2025-04-29,CUST-1087,Emily Wilson,Corporate,West,Los Angeles,Furniture,Chairs,Executive Leather Recliner,12,399,0.15,4069.8,284.44,6.99,Second Class,Credit Card,5
ORD-20240452,2025-04-26,2025-04-28,CUST-1058,Neha Singh,Consumer,South,Austin,Furniture,Storage,Modular Wooden Bookshelf,1,189,0.2,151.2,7.66,5.07,First Class,UPI / Instant Transfer,3
ORD-20241362,2025-04-26,2025-04-29,CUST-1106,Emily Chopra,Consumer,East,Baltimore,Office Supplies,Paper & Notebooks,Moleskine Executive Journal,3,24,0.0,72.0,24.39,33.88,Standard Class,Debit Card,5
ORD-20241737,2025-04-27,2025-04-29,CUST-1094,Daniel Jones,Corporate,South,Miami,Technology,Accessories,Anker 100W Fast Charger,7,59,0.0,413.0,95.64,23.16,First Class,Net Banking,5
ORD-20240005,2025-05-01,2025-05-04,CUST-1193,Sophia Gupta,Home Office,South,Miami,Office Supplies,Packaging Supplies,Bubble Cushion Wrap Roll,1,28,0.0,28.0,11.0,39.29,Second Class,UPI / Instant Transfer,5
ORD-20241780,2025-05-01,2025-05-02,CUST-1140,Neha Smith,Home Office,West,Denver,Office Supplies,Stationery,Parker Fountain Pen Set,5,65,0.0,325.0,143.97,44.3,Standard Class,Credit Card,5
ORD-20241782,2025-05-02,2025-05-05,CUST-1008,Rahul Reddy,Home Office,North,New York,Furniture,Desks,Motorized Standing Desk 60x30,1,549,0.15,466.65,-13.08,-2.8,Standard Class,Credit Card,5
ORD-20240276,2025-05-03,2025-05-06,CUST-1010,Aarav Wilson,Corporate,Central,Indianapolis,Office Supplies,Binders & Organizers,Heavy Duty Ring Binders 6-Pack,11,29,0.0,319.0,100.37,31.46,First Class,Debit Card,4
ORD-20241177,2025-05-03,2025-05-06,CUST-1037,Olivia Deshmukh,Consumer,South,Austin,Furniture,Desks,L-Shaped Corner Workstation,2,329,0.25,493.5,-41.9,-8.49,Standard Class,Debit Card,5
ORD-20241492,2025-05-03,2025-05-06,CUST-1013,James Taylor,Corporate,East,Philadelphia,Office Supplies,Binders & Organizers,Heavy Duty Ring Binders 6-Pack,3,29,0.15,73.95,12.35,16.7,Second Class,Credit Card,5
ORD-20240737,2025-05-04,2025-05-07,CUST-1056,Vikram Davis,Home Office,West,Seattle,Office Supplies,Packaging Supplies,Bubble Cushion Wrap Roll,8,28,0.0,224.0,63.71,28.44,Standard Class,Credit Card,5
ORD-20240024,2025-05-05,2025-05-08,CUST-1048,Emily Williams,Corporate,North,Boston,Furniture,Chairs,Ergonomic Mesh Office Chair,1,249,0.1,224.1,47.4,21.15,Standard Class,Debit Card,5
ORD-20240155,2025-05-05,2025-05-07,CUST-1233,Michael Anderson,Corporate,East,Baltimore,Technology,Laptops,Dell XPS 13,5,1099,0.3,3846.5,-120.0,-3.12,Standard Class,Debit Card,5
ORD-20241344,2025-05-05,2025-05-08,CUST-1167,Rohan Reddy,Consumer,Central,Indianapolis,Technology,Laptops,Dell XPS 13,3,1099,0.0,3297.0,1128.85,34.24,Standard Class,Debit Card,3
ORD-20241580,2025-05-05,2025-05-08,CUST-1178,Olivia Chopra,Consumer,South,Dallas,Office Supplies,Stationery,Sharpie Highlighters Box,3,16,0.0,48.0,14.89,31.02,Same Day,Credit Card,1
ORD-20241498,2025-05-06,2025-05-08,CUST-1193,Sophia Gupta,Home Office,Central,Columbus,Office Supplies,Paper & Notebooks,Premium Copy Paper 5-Pack,1,39,0.15,33.15,11.0,33.18,Second Class,Debit Card,5
ORD-20240709,2025-05-07,2025-05-08,CUST-1249,James Chopra,Home Office,East,Pittsburgh,Furniture,Desks,L-Shaped Corner Workstation,1,329,0.05,312.55,38.73,12.39,First Class,Credit Card,4
ORD-20240631,2025-05-07,2025-05-10,CUST-1145,Daniel Patel,Consumer,West,Seattle,Furniture,Lighting,Architect LED Desk Lamp,3,79,0.05,225.15,39.59,17.58,Second Class,Debit Card,5
ORD-20240741,2025-05-09,2025-05-11,CUST-1038,Sophia Reddy,Consumer,South,Dallas,Office Supplies,Stationery,Sharpie Highlighters Box,2,16,0.0,32.0,8.92,27.88,Second Class,Credit Card,5
ORD-20241184,2025-05-09,2025-05-12,CUST-1201,Vikram Reddy,Corporate,East,Baltimore,Furniture,Storage,Steel Storage Credenza,4,279,0.15,948.6,129.6,13.66,Standard Class,Credit Card,3
ORD-20241223,2025-05-12,2025-05-14,CUST-1100,Pooja Sharma,Consumer,South,Houston,Technology,Accessories,Logitech MX Master 3S Mouse,1,99,0.15,84.15,11.13,13.23,Standard Class,Cash on Delivery,5
ORD-20240772,2025-05-12,2025-05-13,CUST-1110,Emily Brown,Consumer,South,Austin,Technology,Laptops,Dell XPS 13,1,1099,0.0,1099.0,341.21,31.05,Second Class,UPI / Instant Transfer,4
ORD-20241248,2025-05-12,2025-05-14,CUST-1064,Arjun Wilson,Consumer,West,San Francisco,Technology,Smart Watches,Garmin Venu 3,1,449,0.0,449.0,142.31,31.69,Standard Class,UPI / Instant Transfer,5
ORD-20240720,2025-05-13,2025-05-15,CUST-1243,David Wilson,Home Office,North,Detroit,Office Supplies,Stationery,Parker Fountain Pen Set,1,65,0.1,58.5,12.23,20.91,Standard Class,UPI / Instant Transfer,5
ORD-20241176,2025-05-13,2025-05-16,CUST-1128,Ananya Brown,Home Office,West,Denver,Technology,Smart Watches,Garmin Venu 3,1,449,0.25,336.75,40.39,11.99,Standard Class,UPI / Instant Transfer,5
ORD-20240330,2025-05-14,2025-05-16,CUST-1068,Kavita Brown,Corporate,East,Washington D.C.,Technology,Laptops,Lenovo ThinkPad X1,3,1299,0.0,3897.0,984.85,25.27,Standard Class,Credit Card,5
ORD-20240767,2025-05-14,2025-05-15,CUST-1197,Sarah Chopra,Corporate,East,Washington D.C.,Furniture,Lighting,Ambient Floor Standing Lamp,1,119,0.0,119.0,18.32,15.39,First Class,UPI / Instant Transfer,5
ORD-20241525,2025-05-16,2025-05-18,CUST-1050,Arjun Gupta,Consumer,Central,Nashville,Furniture,Desks,Motorized Standing Desk 60x30,4,549,0.0,2196.0,653.81,29.77,Standard Class,Credit Card,5
ORD-20240177,2025-05-17,2025-05-22,CUST-1201,Vikram Reddy,Corporate,South,Miami,Furniture,Storage,Modular Wooden Bookshelf,6,189,0.05,1077.3,172.13,15.98,Standard Class,Credit Card,4
ORD-20241753,2025-05-18,2025-05-22,CUST-1021,Sarah Anderson,Corporate,East,Baltimore,Office Supplies,Paper & Notebooks,Moleskine Executive Journal,12,24,0.1,259.2,91.19,35.18,Second Class,Credit Card,5
ORD-20241524,2025-05-18,2025-05-21,CUST-1159,Kavita Jones,Consumer,North,Detroit,Furniture,Lighting,Architect LED Desk Lamp,1,79,0.0,79.0,14.58,18.46,Standard Class,UPI / Instant Transfer,4
ORD-20241374,2025-05-19,2025-05-23,CUST-1110,Emily Brown,Consumer,West,Los Angeles,Office Supplies,Paper & Notebooks,Moleskine Executive Journal,3,24,0.05,68.4,16.61,24.28,First Class,Credit Card,2
ORD-20241282,2025-05-19,2025-05-23,CUST-1240,Jessica Williams,Consumer,South,Atlanta,Technology,Smart Watches,Apple Watch Series 9,1,399,0.0,399.0,89.16,22.35,Second Class,UPI / Instant Transfer,4
ORD-20241309,2025-05-21,2025-05-24,CUST-1142,Alex Miller,Consumer,East,Philadelphia,Office Supplies,Paper & Notebooks,Spiral Dot Grid Notebook Pack,1,19,0.0,19.0,5.43,28.58,Standard Class,UPI / Instant Transfer,5
ORD-20240674,2025-05-21,2025-05-24,CUST-1149,Priya Taylor,Consumer,West,Phoenix,Office Supplies,Paper & Notebooks,Moleskine Executive Journal,1,24,0.0,24.0,6.66,27.75,Standard Class,Credit Card,5
ORD-20241167,2025-05-22,2025-05-25,CUST-1048,Emily Williams,Corporate,West,Seattle,Office Supplies,Paper & Notebooks,Premium Copy Paper 5-Pack,1,39,0.0,39.0,16.01,41.05,First Class,UPI / Instant Transfer,5
ORD-20240041,2025-05-22,2025-05-27,CUST-1033,James Johnson,Consumer,Central,Nashville,Furniture,Chairs,Gaming Bucket Chair,1,199,0.2,159.2,19.35,12.15,Standard Class,Credit Card,5
ORD-20241643,2025-05-23,2025-05-26,CUST-1048,Emily Williams,Corporate,North,Detroit,Technology,Laptops,MacBook Air M2,1,1199,0.0,1199.0,416.97,34.78,Standard Class,Credit Card,4
ORD-20241449,2025-05-24,2025-05-27,CUST-1055,Sarah Reddy,Corporate,West,Seattle,Technology,Laptops,Dell XPS 13,4,1099,0.0,4396.0,1298.38,29.54,Standard Class,Net Banking,4
ORD-20240877,2025-05-24,2025-05-25,CUST-1148,Pooja Williams,Consumer,West,Seattle,Technology,Phones,Samsung Galaxy S24,5,849,0.0,4245.0,1417.02,33.38,Standard Class,Net Banking,5
ORD-20240482,2025-05-24,2025-05-26,CUST-1164,Sophia Chopra,Corporate,North,New York,Office Supplies,Packaging Supplies,Heavy Duty Packing Tape 6-Pack,1,21,0.0,21.0,9.43,44.9,Standard Class,Credit Card,4
ORD-20240855,2025-05-25,2025-05-26,CUST-1071,Daniel Deshmukh,Corporate,West,Los Angeles,Technology,Smart Watches,Apple Watch Series 9,2,399,0.0,798.0,276.75,34.68,Standard Class,UPI / Instant Transfer,5
ORD-20240627,2025-05-25,2025-05-28,CUST-1113,Sarah Brown,Home Office,West,Denver,Technology,Laptops,Dell XPS 13,2,1099,0.05,2088.1,340.24,16.29,Standard Class,Credit Card,5
ORD-20240165,2025-05-26,2025-05-30,CUST-1166,Vikram Johnson,Corporate,East,Richmond,Technology,Phones,Samsung Galaxy S24,12,849,0.05,9678.6,2985.24,30.84,First Class,UPI / Instant Transfer,5
ORD-20240519,2025-05-26,2025-05-30,CUST-1243,David Wilson,Home Office,West,Seattle,Technology,Phones,Google Pixel 8,2,699,0.0,1398.0,301.41,21.56,Standard Class,Credit Card,2
ORD-20241436,2025-05-26,2025-05-31,CUST-1177,Arjun Iyer,Corporate,South,Houston,Furniture,Lighting,Ambient Floor Standing Lamp,2,119,0.0,238.0,55.71,23.41,Standard Class,Credit Card,5
ORD-20240771,2025-05-27,2025-05-28,CUST-1176,Sophia Gupta,Consumer,South,Atlanta,Office Supplies,Binders & Organizers,Desktop Acrylic Organizer,8,34,0.1,244.8,71.57,29.24,Standard Class,Credit Card,5
ORD-20240030,2025-05-27,2025-05-30,CUST-1113,Sarah Brown,Home Office,North,Minneapolis,Technology,Smart Watches,Garmin Venu 3,1,449,0.0,449.0,151.0,33.63,Standard Class,Debit Card,2
ORD-20240413,2025-05-28,2025-05-30,CUST-1016,Michael Mehta,Consumer,East,Pittsburgh,Technology,Accessories,Logitech MX Master 3S Mouse,1,99,0.2,79.2,5.09,6.43,Standard Class,Cash on Delivery,5
ORD-20240404,2025-05-28,2025-05-31,CUST-1179,Michael Chopra,Home Office,South,Dallas,Furniture,Desks,L-Shaped Corner Workstation,1,329,0.05,312.55,49.02,15.68,Standard Class,Debit Card,1
ORD-20241687,2025-05-29,2025-06-02,CUST-1128,Ananya Brown,Home Office,Central,Nashville,Office Supplies,Binders & Organizers,Heavy Duty Ring Binders 6-Pack,1,29,0.0,29.0,12.09,41.69,Standard Class,Credit Card,3
ORD-20240419,2025-05-29,2025-06-02,CUST-1121,Jessica Deshmukh,Corporate,East,Washington D.C.,Furniture,Lighting,Ambient Floor Standing Lamp,1,119,0.0,119.0,19.32,16.24,Standard Class,UPI / Instant Transfer,5
ORD-20241497,2025-05-29,2025-06-03,CUST-1246,Jessica Taylor,Home Office,South,Miami,Office Supplies,Packaging Supplies,Bubble Cushion Wrap Roll,2,28,0.2,44.8,12.46,27.81,Standard Class,UPI / Instant Transfer,5
ORD-20241591,2025-05-30,2025-06-02,CUST-1138,Rahul Verma,Corporate,East,Baltimore,Office Supplies,Paper & Notebooks,Spiral Dot Grid Notebook Pack,2,19,0.1,34.2,8.05,23.54,Standard Class,UPI / Instant Transfer,5
ORD-20240560,2025-05-31,2025-06-04,CUST-1111,Rahul Singh,Consumer,Central,St. Louis,Technology,Smart Watches,Samsung Galaxy Watch 6,1,299,0.05,284.05,59.58,20.98,First Class,Credit Card,5
ORD-20240729,2025-05-31,2025-06-01,CUST-1128,Ananya Brown,Home Office,North,Boston,Office Supplies,Packaging Supplies,Bubble Cushion Wrap Roll,4,28,0.25,84.0,11.6,13.81,Standard Class,UPI / Instant Transfer,5
ORD-20240388,2025-06-02,2025-06-05,CUST-1048,Emily Williams,Corporate,North,Minneapolis,Furniture,Desks,L-Shaped Corner Workstation,11,329,0.15,3076.15,419.17,13.63,Same Day,Net Banking,4
ORD-20240444,2025-06-02,2025-06-03,CUST-1124,James Wilson,Consumer,Central,Indianapolis,Technology,Accessories,Anker 100W Fast Charger,3,59,0.05,168.15,32.51,19.33,Standard Class,Net Banking,5
ORD-20241221,2025-06-02,2025-06-05,CUST-1129,Emily Miller,Consumer,South,Houston,Furniture,Lighting,Architect LED Desk Lamp,1,79,0.0,79.0,16.35,20.7,Standard Class,UPI / Instant Transfer,5
ORD-20240124,2025-06-03,2025-06-07,CUST-1137,Rahul Iyer,Consumer,West,Phoenix,Furniture,Lighting,Architect LED Desk Lamp,1,79,0.1,71.1,1.87,2.63,Standard Class,UPI / Instant Transfer,5
ORD-20240942,2025-06-04,2025-06-07,CUST-1072,Daniel Singh,Consumer,North,Chicago,Furniture,Lighting,Ambient Floor Standing Lamp,1,119,0.05,113.05,18.5,16.36,Standard Class,UPI / Instant Transfer,5
ORD-20240639,2025-06-04,2025-06-08,CUST-1099,Pooja Taylor,Consumer,North,Boston,Technology,Accessories,Anker 100W Fast Charger,2,59,0.0,118.0,40.79,34.57,Standard Class,Credit Card,4
ORD-20241130,2025-06-04,2025-06-07,CUST-1046,Rahul Taylor,Corporate,Central,St. Louis,Office Supplies,Paper & Notebooks,Moleskine Executive Journal,6,24,0.1,129.6,48.3,37.27,Standard Class,Debit Card,5
ORD-20241739,2025-06-06,2025-06-09,CUST-1057,Emily Patel,Consumer,South,Atlanta,Office Supplies,Stationery,Pilot G2 Gel Pens Bulk Pack,1,22,0.15,18.7,3.57,19.09,First Class,Credit Card,5
ORD-20241029,2025-06-07,2025-06-11,CUST-1218,Michael Sharma,Corporate,South,Houston,Furniture,Desks,Motorized Standing Desk 60x30,6,549,0.0,3294.0,814.49,24.73,Standard Class,Credit Card,3
ORD-20241696,2025-06-07,2025-06-10,CUST-1227,Alex Chopra,Home Office,North,Boston,Office Supplies,Stationery,Pilot G2 Gel Pens Bulk Pack,2,22,0.05,41.8,8.88,21.24,Standard Class,Credit Card,5
ORD-20240285,2025-06-07,2025-06-08,CUST-1186,Arjun Deshmukh,Corporate,North,Boston,Office Supplies,Stationery,Pilot G2 Gel Pens Bulk Pack,8,22,0.05,167.2,66.89,40.01,Standard Class,Credit Card,5
ORD-20240980,2025-06-07,2025-06-11,CUST-1109,Emily Reddy,Consumer,West,Seattle,Furniture,Chairs,Executive Leather Recliner,2,399,0.0,798.0,184.02,23.06,First Class,Credit Card,5
ORD-20241199,2025-06-07,2025-06-08,CUST-1004,Priya Wilson,Corporate,South,Dallas,Furniture,Desks,L-Shaped Corner Workstation,5,329,0.0,1645.0,202.07,12.28,Standard Class,Cash on Delivery,4
ORD-20240001,2025-06-07,2025-06-10,CUST-1231,Rahul Johnson,Corporate,South,Atlanta,Furniture,Storage,3-Drawer Mobile Filing Cabinet,7,149,0.0,1043.0,275.52,26.42,First Class,Credit Card,5
ORD-20241531,2025-06-08,2025-06-11,CUST-1224,Michael Brown,Consumer,Central,Columbus,Office Supplies,Packaging Supplies,Bubble Cushion Wrap Roll,4,28,0.15,95.2,20.19,21.21,Standard Class,Debit Card,5
ORD-20241000,2025-06-08,2025-06-10,CUST-1077,Daniel Sharma,Corporate,Central,Nashville,Technology,Laptops,Dell XPS 13,3,1099,0.25,2472.75,176.75,7.15,First Class,UPI / Instant Transfer,4
ORD-20241551,2025-06-08,2025-06-11,CUST-1116,Neha Williams,Home Office,North,Boston,Office Supplies,Binders & Organizers,Desktop Acrylic Organizer,4,34,0.0,136.0,46.14,33.93,Standard Class,Credit Card,4
ORD-20240949,2025-06-09,2025-06-12,CUST-1019,Rohan Williams,Consumer,East,Philadelphia,Furniture,Chairs,Steelcase Series 1 Task Chair,1,499,0.05,474.05,49.51,10.44,First Class,UPI / Instant Transfer,4
ORD-20241562,2025-06-11,2025-06-15,CUST-1122,Arjun Jones,Home Office,South,Miami,Office Supplies,Paper & Notebooks,Moleskine Executive Journal,4,24,0.1,86.4,32.24,37.31,Standard Class,Credit Card,5
ORD-20240743,2025-06-11,2025-06-14,CUST-1152,Olivia Patel,Consumer,West,San Francisco,Office Supplies,Packaging Supplies,Bubble Cushion Wrap Roll,1,28,0.0,28.0,9.86,35.21,Standard Class,Credit Card,4
ORD-20240117,2025-06-11,2025-06-14,CUST-1082,Neha Reddy,Corporate,South,Houston,Technology,Accessories,Anker 100W Fast Charger,1,59,0.0,59.0,17.25,29.24,Second Class,UPI / Instant Transfer,4
ORD-20240890,2025-06-12,2025-06-14,CUST-1190,Rohan Gupta,Consumer,West,San Francisco,Technology,Laptops,Lenovo ThinkPad X1,2,1299,0.1,2338.2,284.53,12.17,Same Day,Credit Card,4
ORD-20240996,2025-06-13,2025-06-16,CUST-1048,Emily Williams,Corporate,West,San Francisco,Furniture,Storage,Modular Wooden Bookshelf,3,189,0.0,567.0,159.42,28.12,Standard Class,Debit Card,5
ORD-20240106,2025-06-14,2025-06-17,CUST-1144,Ananya Verma,Consumer,North,Boston,Furniture,Lighting,Architect LED Desk Lamp,10,79,0.0,790.0,106.68,13.5,Standard Class,Credit Card,5
ORD-20240663,2025-06-14,2025-06-17,CUST-1174,Vikram Mehta,Consumer,South,Atlanta,Technology,Phones,OnePlus 12,1,649,0.25,486.75,2.54,0.52,First Class,Credit Card,5
ORD-20240205,2025-06-15,2025-06-18,CUST-1003,Pooja Gupta,Corporate,North,Boston,Technology,Smart Watches,Garmin Venu 3,1,449,0.0,449.0,107.93,24.04,Standard Class,UPI / Instant Transfer,5
ORD-20240123,2025-06-15,2025-06-18,CUST-1156,Rahul Smith,Consumer,Central,Indianapolis,Furniture,Storage,3-Drawer Mobile Filing Cabinet,1,149,0.1,134.1,7.2,5.37,Standard Class,UPI / Instant Transfer,5
ORD-20240944,2025-06-15,2025-06-17,CUST-1226,Priya Williams,Consumer,Central,St. Louis,Technology,Accessories,Keychron K2 Mechanical Keyboard,1,89,0.0,89.0,24.65,27.7,First Class,Credit Card,5
ORD-20241797,2025-06-15,2025-06-18,CUST-1204,Ananya Smith,Home Office,East,Pittsburgh,Furniture,Desks,Minimalist Solid Wood Desk,1,419,0.0,419.0,86.77,20.71,Standard Class,UPI / Instant Transfer,5
ORD-20241386,2025-06-16,2025-06-19,CUST-1084,Rohan Miller,Consumer,Central,St. Louis,Office Supplies,Stationery,Sharpie Highlighters Box,1,16,0.2,12.8,1.58,12.34,Second Class,Credit Card,4
ORD-20241439,2025-06-16,2025-06-18,CUST-1068,Kavita Brown,Corporate,West,San Francisco,Technology,Smart Watches,Samsung Galaxy Watch 6,1,299,0.05,284.05,66.44,23.39,Second Class,UPI / Instant Transfer,5
ORD-20240331,2025-06-17,2025-06-20,CUST-1071,Daniel Deshmukh,Corporate,East,Richmond,Office Supplies,Stationery,Pilot G2 Gel Pens Bulk Pack,2,22,0.1,39.6,8.05,20.33,Standard Class,UPI / Instant Transfer,5
ORD-20240297,2025-06-18,2025-06-21,CUST-1028,Rahul Patel,Consumer,North,Chicago,Furniture,Desks,Minimalist Solid Wood Desk,3,419,0.05,1194.15,256.71,21.5,Second Class,Credit Card,5
ORD-20240816,2025-06-19,2025-06-23,CUST-1088,Ananya Mehta,Corporate,West,San Francisco,Furniture,Storage,Modular Wooden Bookshelf,3,189,0.2,453.6,-22.31,-4.92,Standard Class,UPI / Instant Transfer,5
ORD-20241752,2025-06-19,2025-06-21,CUST-1047,Michael Chopra,Consumer,South,Atlanta,Technology,Accessories,Anker 100W Fast Charger,3,59,0.0,177.0,59.78,33.77,First Class,Credit Card,5
ORD-20240405,2025-06-20,2025-06-22,CUST-1019,Rohan Williams,Consumer,East,Pittsburgh,Furniture,Chairs,Ergonomic Mesh Office Chair,2,249,0.05,473.1,93.28,19.72,Standard Class,UPI / Instant Transfer,5
ORD-20240934,2025-06-21,2025-06-24,CUST-1082,Neha Reddy,Corporate,East,Washington D.C.,Office Supplies,Binders & Organizers,Heavy Duty Ring Binders 6-Pack,8,29,0.0,232.0,89.79,38.7,Standard Class,Credit Card,2
ORD-20241368,2025-06-21,2025-06-25,CUST-1003,Pooja Gupta,Corporate,South,Dallas,Technology,Phones,Apple iPhone 15 Pro,1,999,0.05,949.05,174.19,18.35,First Class,UPI / Instant Transfer,5
ORD-20241040,2025-06-21,2025-06-24,CUST-1124,James Wilson,Consumer,West,Los Angeles,Office Supplies,Paper & Notebooks,Premium Copy Paper 5-Pack,1,39,0.0,39.0,16.38,42.0,Standard Class,UPI / Instant Transfer,4
ORD-20240110,2025-06-22,2025-06-25,CUST-1105,Pooja Mehta,Home Office,Central,Kansas City,Technology,Accessories,Sony WH-1000XM5 Headphones,1,349,0.1,314.1,69.21,22.03,First Class,Credit Card,3
ORD-20240589,2025-06-22,2025-06-26,CUST-1047,Michael Chopra,Consumer,West,Los Angeles,Technology,Smart Watches,Garmin Venu 3,1,449,0.0,449.0,138.0,30.73,Same Day,Credit Card,1
ORD-20240371,2025-06-23,2025-06-27,CUST-1008,Rahul Reddy,Home Office,North,Boston,Furniture,Lighting,Ambient Floor Standing Lamp,8,119,0.05,904.4,191.32,21.15,First Class,Debit Card,5
ORD-20240471,2025-06-24,2025-06-28,CUST-1088,Ananya Mehta,Corporate,North,Chicago,Office Supplies,Stationery,Pilot G2 Gel Pens Bulk Pack,3,22,0.0,66.0,20.98,31.79,Second Class,Credit Card,4
ORD-20241751,2025-06-25,2025-06-27,CUST-1248,James Jones,Home Office,East,Baltimore,Technology,Accessories,Logitech MX Master 3S Mouse,1,99,0.15,84.15,17.43,20.71,First Class,Net Banking,1
ORD-20240628,2025-06-25,2025-06-27,CUST-1055,Sarah Reddy,Corporate,West,Denver,Technology,Laptops,Lenovo ThinkPad X1,5,1299,0.15,5520.75,1191.5,21.58,Standard Class,Credit Card,5
ORD-20241620,2025-06-27,2025-07-01,CUST-1236,Kavita Brown,Corporate,South,Dallas,Technology,Phones,Google Pixel 8,3,699,0.2,1677.6,139.35,8.31,Standard Class,Credit Card,5
ORD-20240867,2025-06-27,2025-06-30,CUST-1068,Kavita Brown,Corporate,North,Minneapolis,Technology,Accessories,Anker 100W Fast Charger,1,59,0.05,56.05,14.75,26.32,First Class,UPI / Instant Transfer,5
ORD-20241311,2025-06-27,2025-06-30,CUST-1128,Ananya Brown,Home Office,East,Baltimore,Furniture,Chairs,Ergonomic Mesh Office Chair,8,249,0.0,1992.0,342.38,17.19,Standard Class,Net Banking,3
ORD-20241706,2025-06-30,2025-07-03,CUST-1042,Michael Verma,Consumer,West,Denver,Technology,Laptops,Dell XPS 13,3,1099,0.3,2307.9,62.57,2.71,First Class,UPI / Instant Transfer,3
ORD-20240451,2025-06-30,2025-07-01,CUST-1237,Michael Williams,Consumer,West,Phoenix,Technology,Phones,OnePlus 12,1,649,0.0,649.0,164.42,25.33,First Class,Debit Card,4
ORD-20240113,2025-06-30,2025-07-01,CUST-1165,Daniel Mehta,Consumer,South,Austin,Office Supplies,Stationery,Parker Fountain Pen Set,2,65,0.1,117.0,29.77,25.44,First Class,UPI / Instant Transfer,4
ORD-20240762,2025-07-01,2025-07-04,CUST-1063,James Davis,Corporate,Central,Nashville,Technology,Smart Watches,Apple Watch Series 9,11,399,0.2,3511.2,543.26,15.47,Second Class,Net Banking,5
ORD-20241236,2025-07-02,2025-07-05,CUST-1236,Kavita Brown,Corporate,East,Pittsburgh,Office Supplies,Packaging Supplies,Heavy Duty Packing Tape 6-Pack,12,21,0.1,226.8,41.66,18.37,Standard Class,Net Banking,4
ORD-20240227,2025-07-02,2025-07-05,CUST-1198,Pooja Singh,Home Office,South,Houston,Furniture,Lighting,Ambient Floor Standing Lamp,4,119,0.0,476.0,73.61,15.46,Standard Class,Credit Card,5
ORD-20240484,2025-07-02,2025-07-06,CUST-1092,Kavita Williams,Corporate,East,Baltimore,Furniture,Chairs,Ergonomic Mesh Office Chair,8,249,0.0,1992.0,432.79,21.73,Standard Class,Credit Card,4
ORD-20240352,2025-07-04,2025-07-08,CUST-1148,Pooja Williams,Consumer,East,Pittsburgh,Furniture,Lighting,Architect LED Desk Lamp,3,79,0.25,177.75,-7.72,-4.34,Second Class,Credit Card,5
ORD-20240055,2025-07-04,2025-07-06,CUST-1117,Michael Singh,Corporate,East,Richmond,Furniture,Desks,L-Shaped Corner Workstation,12,329,0.05,3750.6,310.81,8.29,Standard Class,Net Banking,5
ORD-20241218,2025-07-05,2025-07-09,CUST-1109,Emily Reddy,Consumer,Central,Nashville,Furniture,Lighting,Architect LED Desk Lamp,1,79,0.25,59.25,-6.84,-11.54,Standard Class,Credit Card,5
ORD-20240402,2025-07-06,2025-07-09,CUST-1084,Rohan Miller,Consumer,Central,Indianapolis,Technology,Phones,OnePlus 12,8,649,0.15,4413.2,590.39,13.38,Standard Class,Net Banking,5
ORD-20240764,2025-07-06,2025-07-10,CUST-1220,Ananya Taylor,Home Office,North,Boston,Furniture,Lighting,Ambient Floor Standing Lamp,1,119,0.0,119.0,22.18,18.64,Standard Class,UPI / Instant Transfer,5
ORD-20240552,2025-07-06,2025-07-09,CUST-1122,Arjun Jones,Home Office,Central,Indianapolis,Office Supplies,Paper & Notebooks,Premium Copy Paper 5-Pack,1,39,0.05,37.05,12.65,34.14,Standard Class,Credit Card,4
ORD-20240487,2025-07-07,2025-07-10,CUST-1128,Ananya Brown,Home Office,Central,Columbus,Technology,Phones,Google Pixel 8,1,699,0.15,594.15,135.31,22.77,Standard Class,Credit Card,5
ORD-20241089,2025-07-07,2025-07-11,CUST-1157,Pooja Mehta,Corporate,West,San Francisco,Furniture,Chairs,Gaming Bucket Chair,9,199,0.2,1432.8,28.22,1.97,First Class,Credit Card,5
ORD-20241231,2025-07-08,2025-07-12,CUST-1019,Rohan Williams,Consumer,South,Dallas,Office Supplies,Stationery,Parker Fountain Pen Set,2,65,0.3,91.0,17.61,19.35,Standard Class,Debit Card,5
ORD-20240634,2025-07-08,2025-07-11,CUST-1014,Arjun Sharma,Consumer,Central,Nashville,Technology,Smart Watches,Garmin Venu 3,4,449,0.0,1796.0,376.39,20.96,Standard Class,UPI / Instant Transfer,5
ORD-20240699,2025-07-08,2025-07-11,CUST-1110,Emily Brown,Consumer,North,Chicago,Technology,Phones,Google Pixel 8,1,699,0.0,699.0,176.08,25.19,Second Class,Credit Card,5
ORD-20240415,2025-07-09,2025-07-11,CUST-1168,Sarah Iyer,Consumer,South,Austin,Office Supplies,Stationery,Parker Fountain Pen Set,1,65,0.1,58.5,15.94,27.25,Second Class,Credit Card,5
ORD-20240924,2025-07-09,2025-07-11,CUST-1147,Olivia Patel,Corporate,West,Los Angeles,Office Supplies,Binders & Organizers,Desktop Acrylic Organizer,1,34,0.1,30.6,6.65,21.73,Second Class,UPI / Instant Transfer,5
ORD-20241168,2025-07-09,2025-07-12,CUST-1049,James Gupta,Corporate,North,New York,Technology,Laptops,Lenovo ThinkPad X1,3,1299,0.0,3897.0,875.24,22.46,Standard Class,UPI / Instant Transfer,5
ORD-20240136,2025-07-10,2025-07-13,CUST-1228,Arjun Verma,Consumer,South,Austin,Furniture,Storage,3-Drawer Mobile Filing Cabinet,3,149,0.0,447.0,75.27,16.84,Standard Class,UPI / Instant Transfer,4
ORD-20241345,2025-07-10,2025-07-14,CUST-1062,David Anderson,Consumer,Central,Nashville,Technology,Accessories,Sony WH-1000XM5 Headphones,1,349,0.0,349.0,115.02,32.96,Standard Class,Cash on Delivery,5
ORD-20241760,2025-07-11,2025-07-13,CUST-1224,Michael Brown,Consumer,West,Los Angeles,Furniture,Storage,Modular Wooden Bookshelf,2,189,0.0,378.0,90.65,23.98,Standard Class,Credit Card,5
ORD-20240456,2025-07-11,2025-07-14,CUST-1045,Arjun Patel,Consumer,North,Minneapolis,Furniture,Chairs,Gaming Bucket Chair,1,199,0.0,199.0,43.75,21.98,Standard Class,Debit Card,5
ORD-20241565,2025-07-12,2025-07-15,CUST-1191,Sophia Verma,Consumer,West,Denver,Technology,Laptops,Lenovo ThinkPad X1,4,1299,0.2,4156.8,387.07,9.31,Standard Class,Credit Card,5
ORD-20240308,2025-07-13,2025-07-16,CUST-1051,Pooja Wilson,Home Office,South,Miami,Furniture,Desks,Minimalist Solid Wood Desk,1,419,0.25,314.25,-34.49,-10.98,Standard Class,Credit Card,5
ORD-20240245,2025-07-13,2025-07-16,CUST-1213,Rahul Williams,Corporate,West,Phoenix,Office Supplies,Stationery,Parker Fountain Pen Set,3,65,0.0,195.0,75.32,38.63,First Class,Credit Card,2
ORD-20240574,2025-07-14,2025-07-17,CUST-1117,Michael Singh,Corporate,North,New York,Office Supplies,Stationery,Sharpie Highlighters Box,3,16,0.05,45.6,13.17,28.88,First Class,Credit Card,5
ORD-20240455,2025-07-15,2025-07-17,CUST-1124,James Wilson,Consumer,West,Los Angeles,Furniture,Desks,Minimalist Solid Wood Desk,2,419,0.15,712.3,60.03,8.43,First Class,Net Banking,4
ORD-20240739,2025-07-15,2025-07-18,CUST-1109,Emily Reddy,Consumer,West,Seattle,Furniture,Lighting,Architect LED Desk Lamp,2,79,0.0,158.0,27.6,17.47,Standard Class,UPI / Instant Transfer,5
ORD-20241544,2025-07-15,2025-07-17,CUST-1142,Alex Miller,Consumer,South,Houston,Office Supplies,Packaging Supplies,Bubble Cushion Wrap Roll,1,28,0.05,26.6,11.11,41.77,Second Class,Net Banking,5
ORD-20241086,2025-07-17,2025-07-20,CUST-1033,James Johnson,Consumer,East,Baltimore,Furniture,Lighting,Architect LED Desk Lamp,5,79,0.25,296.25,6.77,2.29,Standard Class,Credit Card,4
ORD-20240178,2025-07-17,2025-07-18,CUST-1187,James Wilson,Corporate,West,San Francisco,Furniture,Storage,Steel Storage Credenza,9,279,0.1,2259.9,439.29,19.44,Standard Class,Credit Card,5
ORD-20241243,2025-07-17,2025-07-20,CUST-1071,Daniel Deshmukh,Corporate,Central,Nashville,Furniture,Desks,L-Shaped Corner Workstation,1,329,0.3,230.3,-35.25,-15.31,Same Day,Net Banking,5
ORD-20240293,2025-07-17,2025-07-20,CUST-1104,Rohan Davis,Consumer,South,Atlanta,Furniture,Lighting,Ambient Floor Standing Lamp,1,119,0.05,113.05,22.98,20.33,Standard Class,UPI / Instant Transfer,1
ORD-20241377,2025-07-17,2025-07-19,CUST-1147,Olivia Patel,Corporate,North,Detroit,Office Supplies,Packaging Supplies,Heavy Duty Packing Tape 6-Pack,5,21,0.1,94.5,16.09,17.03,Second Class,Credit Card,4
ORD-20241550,2025-07-18,2025-07-20,CUST-1024,Priya Williams,Consumer,Central,Nashville,Furniture,Desks,L-Shaped Corner Workstation,1,329,0.0,329.0,62.98,19.14,Standard Class,Credit Card,5
ORD-20241354,2025-07-19,2025-07-22,CUST-1161,Aarav Jones,Consumer,West,Los Angeles,Furniture,Desks,Motorized Standing Desk 60x30,1,549,0.15,466.65,27.18,5.82,Second Class,Debit Card,4
ORD-20240344,2025-07-19,2025-07-23,CUST-1124,James Wilson,Consumer,South,Miami,Office Supplies,Packaging Supplies,Heavy Duty Packing Tape 6-Pack,8,21,0.05,159.6,41.19,25.81,Standard Class,Credit Card,5
ORD-20240027,2025-07-19,2025-07-20,CUST-1001,Priya Sharma,Consumer,West,Denver,Office Supplies,Packaging Supplies,Heavy Duty Packing Tape 6-Pack,1,21,0.0,21.0,8.26,39.33,Standard Class,UPI / Instant Transfer,3
ORD-20241188,2025-07-19,2025-07-22,CUST-1037,Olivia Deshmukh,Consumer,East,Pittsburgh,Office Supplies,Paper & Notebooks,Spiral Dot Grid Notebook Pack,1,19,0.0,19.0,7.87,41.42,First Class,Credit Card,4
ORD-20240185,2025-07-19,2025-07-21,CUST-1144,Ananya Verma,Consumer,West,Denver,Technology,Smart Watches,Garmin Venu 3,1,449,0.1,404.1,83.15,20.58,Standard Class,Debit Card,5
ORD-20240398,2025-07-20,2025-07-23,CUST-1147,Olivia Patel,Corporate,Central,Indianapolis,Technology,Phones,OnePlus 12,1,649,0.0,649.0,170.48,26.27,Second Class,Net Banking,5
ORD-20241633,2025-07-20,2025-07-22,CUST-1247,Olivia Smith,Consumer,Central,Nashville,Office Supplies,Stationery,Sharpie Highlighters Box,1,16,0.15,13.6,2.67,19.63,First Class,Net Banking,4
ORD-20240219,2025-07-20,2025-07-24,CUST-1183,Jessica Mehta,Home Office,West,San Francisco,Furniture,Desks,L-Shaped Corner Workstation,4,329,0.0,1316.0,199.14,15.13,Standard Class,UPI / Instant Transfer,5
ORD-20240221,2025-07-20,2025-07-23,CUST-1095,Priya Reddy,Corporate,South,Miami,Office Supplies,Binders & Organizers,Cable Management Tray Kit,2,25,0.05,47.5,15.07,31.73,Standard Class,Credit Card,4
ORD-20240248,2025-07-21,2025-07-24,CUST-1187,James Wilson,Corporate,Central,St. Louis,Office Supplies,Binders & Organizers,Desktop Acrylic Organizer,1,34,0.05,32.3,7.89,24.43,Standard Class,Credit Card,5
ORD-20240058,2025-07-21,2025-07-23,CUST-1056,Vikram Davis,Home Office,South,Miami,Technology,Phones,Google Pixel 8,4,699,0.0,2796.0,924.08,33.05,Standard Class,Net Banking,5
ORD-20240668,2025-07-21,2025-07-23,CUST-1051,Pooja Wilson,Home Office,North,Chicago,Furniture,Chairs,Ergonomic Mesh Office Chair,3,249,0.0,747.0,136.05,18.21,Standard Class,Cash on Delivery,3
ORD-20240938,2025-07-21,2025-07-24,CUST-1121,Jessica Deshmukh,Corporate,North,Chicago,Technology,Smart Watches,Apple Watch Series 9,5,399,0.05,1895.25,440.1,23.22,Standard Class,Cash on Delivery,5
ORD-20240355,2025-07-21,2025-07-25,CUST-1122,Arjun Jones,Home Office,East,Baltimore,Technology,Accessories,Logitech MX Master 3S Mouse,5,99,0.1,445.5,56.19,12.61,Standard Class,Credit Card,5
ORD-20240970,2025-07-22,2025-07-26,CUST-1188,Jessica Wilson,Corporate,North,New York,Furniture,Chairs,Gaming Bucket Chair,1,199,0.05,189.05,45.4,24.01,Second Class,Debit Card,5
ORD-20241435,2025-07-22,2025-07-25,CUST-1175,Priya Singh,Corporate,North,Boston,Furniture,Storage,Steel Storage Credenza,2,279,0.05,530.1,39.55,7.46,Standard Class,Credit Card,5
ORD-20241608,2025-07-22,2025-07-25,CUST-1069,Ananya Jones,Consumer,South,Atlanta,Office Supplies,Paper & Notebooks,Spiral Dot Grid Notebook Pack,3,19,0.2,45.6,7.48,16.4,Standard Class,Credit Card,4
ORD-20240526,2025-07-23,2025-07-26,CUST-1146,Ananya Patel,Consumer,South,Dallas,Technology,Smart Watches,Samsung Galaxy Watch 6,2,299,0.0,598.0,135.19,22.61,Second Class,Credit Card,4
ORD-20240747,2025-07-23,2025-07-27,CUST-1201,Vikram Reddy,Corporate,Central,Columbus,Technology,Phones,Samsung Galaxy S24,5,849,0.15,3608.25,406.32,11.26,Second Class,Debit Card,5
ORD-20240172,2025-07-24,2025-07-27,CUST-1105,Pooja Mehta,Home Office,North,New York,Technology,Accessories,Sony WH-1000XM5 Headphones,2,349,0.15,593.3,49.17,8.29,Second Class,Credit Card,5
ORD-20241725,2025-07-25,2025-07-27,CUST-1145,Daniel Patel,Consumer,South,Houston,Office Supplies,Binders & Organizers,Desktop Acrylic Organizer,1,34,0.0,34.0,10.12,29.76,Second Class,Net Banking,3
ORD-20241429,2025-07-25,2025-07-29,CUST-1090,Jessica Chopra,Consumer,West,San Francisco,Technology,Accessories,Anker 100W Fast Charger,1,59,0.25,44.25,-1.75,-3.95,Standard Class,Debit Card,5
ORD-20240386,2025-07-26,2025-07-28,CUST-1179,Michael Chopra,Home Office,West,San Francisco,Office Supplies,Stationery,Sharpie Highlighters Box,1,16,0.1,14.4,4.72,32.78,Standard Class,UPI / Instant Transfer,4
ORD-20241207,2025-07-26,2025-07-31,CUST-1126,Sophia Sharma,Consumer,South,Atlanta,Furniture,Storage,3-Drawer Mobile Filing Cabinet,2,149,0.05,283.1,49.16,17.36,First Class,Credit Card,5
ORD-20241636,2025-07-27,2025-08-01,CUST-1220,Ananya Taylor,Home Office,Central,Indianapolis,Office Supplies,Stationery,Parker Fountain Pen Set,3,65,0.0,195.0,85.52,43.86,Standard Class,Credit Card,5
ORD-20240295,2025-07-29,2025-07-31,CUST-1172,Aarav Wilson,Consumer,West,Seattle,Furniture,Chairs,Executive Leather Recliner,3,399,0.0,1197.0,193.75,16.19,Standard Class,UPI / Instant Transfer,5
ORD-20241717,2025-07-29,2025-07-30,CUST-1201,Vikram Reddy,Corporate,Central,Columbus,Furniture,Lighting,Ambient Floor Standing Lamp,12,119,0.0,1428.0,357.51,25.04,Standard Class,Debit Card,2
ORD-20240132,2025-07-29,2025-08-01,CUST-1036,Arjun Patel,Corporate,North,Minneapolis,Office Supplies,Stationery,Parker Fountain Pen Set,6,65,0.1,351.0,132.41,37.72,Standard Class,Net Banking,5
ORD-20241490,2025-07-30,2025-07-31,CUST-1153,Jessica Taylor,Consumer,West,Los Angeles,Office Supplies,Paper & Notebooks,Moleskine Executive Journal,2,24,0.05,45.6,11.36,24.91,Standard Class,Credit Card,5
ORD-20240025,2025-07-30,2025-08-03,CUST-1022,Arjun Verma,Consumer,South,Atlanta,Office Supplies,Packaging Supplies,Bubble Cushion Wrap Roll,3,28,0.0,84.0,22.54,26.83,Standard Class,UPI / Instant Transfer,5
ORD-20241586,2025-07-30,2025-08-02,CUST-1140,Neha Smith,Home Office,West,Seattle,Office Supplies,Stationery,Parker Fountain Pen Set,1,65,0.1,58.5,12.73,21.76,Standard Class,Debit Card,5
ORD-20240114,2025-07-31,2025-08-01,CUST-1222,Priya Anderson,Corporate,North,New York,Technology,Accessories,Logitech MX Master 3S Mouse,3,99,0.1,267.3,52.06,19.48,Same Day,Credit Card,4
ORD-20241572,2025-08-02,2025-08-05,CUST-1247,Olivia Smith,Consumer,North,New York,Technology,Smart Watches,Garmin Venu 3,4,449,0.0,1796.0,598.7,33.34,First Class,Net Banking,5
ORD-20240968,2025-08-03,2025-08-07,CUST-1016,Michael Mehta,Consumer,West,Seattle,Furniture,Storage,Steel Storage Credenza,1,279,0.0,279.0,67.56,24.22,Standard Class,UPI / Instant Transfer,5
ORD-20240874,2025-08-03,2025-08-06,CUST-1075,Vikram Johnson,Corporate,South,Austin,Office Supplies,Stationery,Parker Fountain Pen Set,3,65,0.15,165.75,45.41,27.4,Second Class,Cash on Delivery,5
ORD-20241037,2025-08-04,2025-08-07,CUST-1122,Arjun Jones,Home Office,West,Seattle,Technology,Laptops,Dell XPS 13,2,1099,0.15,1868.3,354.77,18.99,Second Class,UPI / Instant Transfer,5
ORD-20240906,2025-08-05,2025-08-06,CUST-1201,Vikram Reddy,Corporate,Central,St. Louis,Technology,Phones,OnePlus 12,8,649,0.0,5192.0,1177.55,22.68,Standard Class,Credit Card,5
ORD-20240289,2025-08-05,2025-08-08,CUST-1047,Michael Chopra,Consumer,Central,Columbus,Furniture,Chairs,Executive Leather Recliner,2,399,0.05,758.1,72.01,9.5,First Class,Credit Card,5
ORD-20241316,2025-08-05,2025-08-08,CUST-1027,Sarah Taylor,Consumer,North,Detroit,Technology,Laptops,Dell XPS 13,3,1099,0.15,2802.45,321.9,11.49,Standard Class,Credit Card,5
ORD-20241273,2025-08-05,2025-08-07,CUST-1205,Jessica Reddy,Corporate,South,Houston,Office Supplies,Binders & Organizers,Heavy Duty Ring Binders 6-Pack,1,29,0.15,24.65,7.16,29.05,Standard Class,Credit Card,5
ORD-20240196,2025-08-06,2025-08-09,CUST-1072,Daniel Singh,Consumer,Central,Nashville,Technology,Accessories,Keychron K2 Mechanical Keyboard,1,89,0.0,89.0,19.7,22.13,Standard Class,Credit Card,1
ORD-20240947,2025-08-07,2025-08-10,CUST-1114,Jessica Jones,Corporate,Central,Indianapolis,Furniture,Storage,3-Drawer Mobile Filing Cabinet,4,149,0.05,566.2,102.63,18.13,Standard Class,Debit Card,5
ORD-20241454,2025-08-07,2025-08-11,CUST-1223,Jessica Johnson,Consumer,North,New York,Technology,Laptops,Lenovo ThinkPad X1,2,1299,0.0,2598.0,831.81,32.02,Second Class,Net Banking,5
ORD-20240096,2025-08-07,2025-08-10,CUST-1171,Olivia Davis,Corporate,North,Minneapolis,Furniture,Chairs,Ergonomic Mesh Office Chair,1,249,0.1,224.1,5.83,2.6,Standard Class,Credit Card,5
ORD-20241083,2025-08-08,2025-08-11,CUST-1220,Ananya Taylor,Home Office,East,Washington D.C.,Office Supplies,Packaging Supplies,Heavy Duty Packing Tape 6-Pack,10,21,0.05,199.5,72.96,36.57,Standard Class,UPI / Instant Transfer,5
ORD-20241420,2025-08-09,2025-08-13,CUST-1088,Ananya Mehta,Corporate,West,San Francisco,Furniture,Chairs,Steelcase Series 1 Task Chair,10,499,0.0,4990.0,648.18,12.99,Standard Class,UPI / Instant Transfer,5
ORD-20240139,2025-08-09,2025-08-10,CUST-1168,Sarah Iyer,Consumer,East,Washington D.C.,Technology,Phones,OnePlus 12,1,649,0.05,616.55,145.78,23.64,Standard Class,Credit Card,3
ORD-20240661,2025-08-09,2025-08-11,CUST-1131,Neha Deshmukh,Consumer,East,Baltimore,Furniture,Lighting,Ambient Floor Standing Lamp,1,119,0.0,119.0,34.76,29.21,Standard Class,UPI / Instant Transfer,5
ORD-20241017,2025-08-10,2025-08-13,CUST-1195,Neha Iyer,Consumer,West,Seattle,Office Supplies,Stationery,Pilot G2 Gel Pens Bulk Pack,2,22,0.0,44.0,16.29,37.02,Standard Class,UPI / Instant Transfer,5
ORD-20240449,2025-08-10,2025-08-12,CUST-1019,Rohan Williams,Consumer,East,Richmond,Furniture,Lighting,Architect LED Desk Lamp,1,79,0.05,75.05,10.14,13.51,First Class,Debit Card,5
ORD-20240317,2025-08-11,2025-08-15,CUST-1234,Michael Singh,Consumer,East,Pittsburgh,Furniture,Lighting,Ambient Floor Standing Lamp,1,119,0.0,119.0,21.28,17.88,Second Class,Credit Card,5
ORD-20240351,2025-08-11,2025-08-12,CUST-1045,Arjun Patel,Consumer,West,Phoenix,Technology,Phones,Google Pixel 8,1,699,0.0,699.0,190.83,27.3,Standard Class,UPI / Instant Transfer,5
ORD-20241321,2025-08-11,2025-08-12,CUST-1054,Alex Williams,Home Office,North,New York,Furniture,Chairs,Steelcase Series 1 Task Chair,1,499,0.0,499.0,84.64,16.96,First Class,Credit Card,4
ORD-20240150,2025-08-12,2025-08-14,CUST-1154,Alex Davis,Consumer,East,Washington D.C.,Furniture,Desks,Minimalist Solid Wood Desk,2,419,0.05,796.1,168.0,21.1,Second Class,UPI / Instant Transfer,5
ORD-20241421,2025-08-12,2025-08-14,CUST-1243,David Wilson,Home Office,Central,Indianapolis,Office Supplies,Stationery,Pilot G2 Gel Pens Bulk Pack,2,22,0.15,37.4,9.94,26.58,Standard Class,UPI / Instant Transfer,5
ORD-20240182,2025-08-12,2025-08-14,CUST-1096,Pooja Patel,Consumer,West,Denver,Office Supplies,Stationery,Pilot G2 Gel Pens Bulk Pack,10,22,0.05,209.0,75.0,35.89,Second Class,UPI / Instant Transfer,3
ORD-20241659,2025-08-12,2025-08-15,CUST-1137,Rahul Iyer,Consumer,Central,Nashville,Furniture,Chairs,Executive Leather Recliner,1,399,0.25,299.25,-51.71,-17.28,Second Class,UPI / Instant Transfer,4
ORD-20241756,2025-08-12,2025-08-14,CUST-1150,Pooja Taylor,Consumer,North,New York,Technology,Laptops,HP Spectre x360,1,999,0.1,899.1,202.52,22.52,First Class,Credit Card,5
ORD-20241416,2025-08-13,2025-08-15,CUST-1192,Sarah Taylor,Home Office,North,Minneapolis,Furniture,Chairs,Gaming Bucket Chair,2,199,0.1,358.2,22.83,6.37,First Class,Debit Card,5
ORD-20240866,2025-08-14,2025-08-17,CUST-1038,Sophia Reddy,Consumer,West,Los Angeles,Office Supplies,Paper & Notebooks,Moleskine Executive Journal,1,24,0.05,22.8,8.32,36.49,First Class,Credit Card,5
ORD-20241447,2025-08-14,2025-08-18,CUST-1199,Sarah Wilson,Home Office,West,Phoenix,Office Supplies,Paper & Notebooks,Moleskine Executive Journal,4,24,0.1,86.4,17.32,20.05,First Class,UPI / Instant Transfer,5
ORD-20241576,2025-08-15,2025-08-17,CUST-1072,Daniel Singh,Consumer,East,Washington D.C.,Technology,Laptops,HP Spectre x360,1,999,0.1,899.1,104.05,11.57,Standard Class,Credit Card,5
ORD-20240928,2025-08-16,2025-08-18,CUST-1142,Alex Miller,Consumer,South,Atlanta,Office Supplies,Binders & Organizers,Desktop Acrylic Organizer,1,34,0.15,28.9,4.42,15.29,Second Class,Debit Card,5
ORD-20241034,2025-08-16,2025-08-20,CUST-1029,Neha Reddy,Corporate,South,Miami,Furniture,Storage,3-Drawer Mobile Filing Cabinet,6,149,0.0,894.0,215.09,24.06,Standard Class,Credit Card,4
ORD-20241509,2025-08-16,2025-08-18,CUST-1096,Pooja Patel,Consumer,Central,Kansas City,Furniture,Lighting,Architect LED Desk Lamp,1,79,0.05,75.05,10.49,13.98,Standard Class,UPI / Instant Transfer,5
ORD-20240843,2025-08-16,2025-08-20,CUST-1029,Neha Reddy,Corporate,West,Phoenix,Technology,Phones,Samsung Galaxy S24,4,849,0.0,3396.0,758.35,22.33,Second Class,UPI / Instant Transfer,3
ORD-20240499,2025-08-16,2025-08-18,CUST-1051,Pooja Wilson,Home Office,East,Washington D.C.,Technology,Accessories,Logitech MX Master 3S Mouse,1,99,0.1,89.1,11.83,13.28,Second Class,Credit Card,5
ORD-20241027,2025-08-17,2025-08-20,CUST-1108,Alex Taylor,Corporate,West,San Francisco,Office Supplies,Paper & Notebooks,Spiral Dot Grid Notebook Pack,11,19,0.3,146.3,6.29,4.3,Standard Class,UPI / Instant Transfer,4
ORD-20241105,2025-08-18,2025-08-20,CUST-1130,Rahul Williams,Consumer,Central,St. Louis,Office Supplies,Stationery,Pilot G2 Gel Pens Bulk Pack,2,22,0.0,44.0,18.98,43.14,Second Class,UPI / Instant Transfer,4
ORD-20240529,2025-08-18,2025-08-21,CUST-1112,Priya Brown,Consumer,East,Pittsburgh,Office Supplies,Paper & Notebooks,Premium Copy Paper 5-Pack,2,39,0.05,74.1,18.01,24.3,First Class,Debit Card,5
ORD-20241313,2025-08-19,2025-08-23,CUST-1060,Jessica Anderson,Consumer,North,Boston,Furniture,Chairs,Steelcase Series 1 Task Chair,4,499,0.1,1796.4,363.12,20.21,Standard Class,Debit Card,5
ORD-20241748,2025-08-19,2025-08-22,CUST-1044,Michael Williams,Home Office,Central,St. Louis,Furniture,Storage,Steel Storage Credenza,3,279,0.0,837.0,172.77,20.64,Standard Class,Credit Card,2
ORD-20241463,2025-08-20,2025-08-23,CUST-1005,Rohan Taylor,Consumer,North,Chicago,Furniture,Chairs,Executive Leather Recliner,1,399,0.05,379.05,73.97,19.51,Standard Class,Credit Card,5
ORD-20240126,2025-08-20,2025-08-23,CUST-1135,Jessica Wilson,Home Office,Central,Columbus,Technology,Laptops,MacBook Air M2,2,1199,0.1,2158.2,530.87,24.6,Same Day,UPI / Instant Transfer,5
ORD-20240662,2025-08-21,2025-08-24,CUST-1246,Jessica Taylor,Home Office,East,Baltimore,Office Supplies,Stationery,Parker Fountain Pen Set,2,65,0.1,117.0,37.93,32.42,Standard Class,Debit Card,2
ORD-20240722,2025-08-22,2025-08-24,CUST-1125,Priya Verma,Consumer,North,New York,Technology,Accessories,Sony WH-1000XM5 Headphones,2,349,0.15,593.3,135.22,22.79,Standard Class,Credit Card,5
ORD-20241479,2025-08-22,2025-08-24,CUST-1197,Sarah Chopra,Corporate,Central,Kansas City,Office Supplies,Binders & Organizers,Cable Management Tray Kit,1,25,0.3,17.5,3.42,19.54,First Class,Net Banking,4
ORD-20240032,2025-08-22,2025-08-25,CUST-1209,Pooja Chopra,Consumer,West,Los Angeles,Furniture,Storage,Modular Wooden Bookshelf,1,189,0.1,170.1,8.62,5.07,Standard Class,Credit Card,5
ORD-20240300,2025-08-22,2025-08-25,CUST-1131,Neha Deshmukh,Consumer,South,Austin,Technology,Laptops,MacBook Air M2,1,1199,0.1,1079.1,141.0,13.07,Same Day,UPI / Instant Transfer,5
ORD-20240353,2025-08-23,2025-08-27,CUST-1124,James Wilson,Consumer,North,Boston,Technology,Smart Watches,Garmin Venu 3,3,449,0.0,1347.0,329.78,24.48,First Class,Credit Card,4
ORD-20241156,2025-08-23,2025-08-26,CUST-1210,James Johnson,Consumer,East,Pittsburgh,Office Supplies,Stationery,Pilot G2 Gel Pens Bulk Pack,4,22,0.25,66.0,0.94,1.42,Standard Class,Debit Card,5
ORD-20240984,2025-08-23,2025-08-25,CUST-1025,Rohan Wilson,Consumer,East,Baltimore,Office Supplies,Paper & Notebooks,Spiral Dot Grid Notebook Pack,1,19,0.1,17.1,4.21,24.62,Standard Class,Debit Card,5
ORD-20240651,2025-08-25,2025-08-27,CUST-1017,Vikram Chopra,Consumer,South,Miami,Office Supplies,Stationery,Sharpie Highlighters Box,3,16,0.0,48.0,13.46,28.04,Second Class,Cash on Delivery,5
ORD-20240026,2025-08-25,2025-08-30,CUST-1079,Emily Sharma,Consumer,Central,Nashville,Technology,Phones,Samsung Galaxy S24,2,849,0.0,1698.0,573.62,33.78,Standard Class,Credit Card,5
ORD-20241518,2025-08-25,2025-08-28,CUST-1102,Pooja Patel,Corporate,West,Denver,Office Supplies,Stationery,Parker Fountain Pen Set,4,65,0.05,247.0,55.03,22.28,First Class,UPI / Instant Transfer,5
ORD-20240713,2025-08-25,2025-08-26,CUST-1227,Alex Chopra,Home Office,North,New York,Furniture,Desks,Motorized Standing Desk 60x30,3,549,0.25,1235.25,-146.3,-11.84,First Class,Debit Card,4
ORD-20241276,2025-08-26,2025-08-29,CUST-1072,Daniel Singh,Consumer,Central,Indianapolis,Technology,Phones,OnePlus 12,2,649,0.0,1298.0,355.23,27.37,Standard Class,Debit Card,5
ORD-20240328,2025-08-26,2025-08-29,CUST-1075,Vikram Johnson,Corporate,South,Houston,Office Supplies,Paper & Notebooks,Premium Copy Paper 5-Pack,1,39,0.0,39.0,10.03,25.72,Standard Class,Credit Card,1
ORD-20240076,2025-08-26,2025-08-29,CUST-1021,Sarah Anderson,Corporate,West,Seattle,Office Supplies,Binders & Organizers,Heavy Duty Ring Binders 6-Pack,1,29,0.05,27.55,10.94,39.71,Second Class,Credit Card,5
ORD-20240569,2025-08-26,2025-08-27,CUST-1137,Rahul Iyer,Consumer,East,Philadelphia,Furniture,Lighting,Ambient Floor Standing Lamp,2,119,0.25,178.5,-25.77,-14.44,Standard Class,Debit Card,2
ORD-20241469,2025-08-27,2025-08-30,CUST-1090,Jessica Chopra,Consumer,East,Baltimore,Furniture,Desks,Motorized Standing Desk 60x30,1,549,0.15,466.65,68.83,14.75,Standard Class,Credit Card,4
ORD-20240151,2025-08-28,2025-09-01,CUST-1234,Michael Singh,Consumer,South,Houston,Office Supplies,Packaging Supplies,Bubble Cushion Wrap Roll,8,28,0.2,179.2,25.92,14.46,Second Class,UPI / Instant Transfer,4
ORD-20241295,2025-08-28,2025-08-31,CUST-1138,Rahul Verma,Corporate,West,Los Angeles,Furniture,Storage,3-Drawer Mobile Filing Cabinet,4,149,0.05,566.2,54.78,9.68,Standard Class,Debit Card,3
ORD-20240503,2025-08-28,2025-08-31,CUST-1119,Rahul Wilson,Home Office,East,Philadelphia,Office Supplies,Packaging Supplies,Bubble Cushion Wrap Roll,1,28,0.05,26.6,9.95,37.41,Standard Class,UPI / Instant Transfer,3
ORD-20241534,2025-08-29,2025-09-01,CUST-1134,James Iyer,Consumer,South,Dallas,Office Supplies,Paper & Notebooks,Moleskine Executive Journal,8,24,0.3,134.4,3.47,2.58,Second Class,UPI / Instant Transfer,5
ORD-20240622,2025-08-29,2025-08-31,CUST-1214,Michael Mehta,Consumer,East,Pittsburgh,Office Supplies,Paper & Notebooks,Spiral Dot Grid Notebook Pack,1,19,0.0,19.0,6.17,32.47,Standard Class,Credit Card,5
ORD-20240555,2025-08-29,2025-08-30,CUST-1177,Arjun Iyer,Corporate,North,Boston,Technology,Accessories,Logitech MX Master 3S Mouse,1,99,0.05,94.05,16.88,17.95,Standard Class,Credit Card,5
ORD-20240576,2025-08-30,2025-09-03,CUST-1205,Jessica Reddy,Corporate,East,Washington D.C.,Technology,Smart Watches,Samsung Galaxy Watch 6,12,299,0.0,3588.0,745.53,20.78,Second Class,Credit Card,3
ORD-20240889,2025-08-31,2025-09-01,CUST-1075,Vikram Johnson,Corporate,Central,Columbus,Office Supplies,Binders & Organizers,Heavy Duty Ring Binders 6-Pack,1,29,0.05,27.55,7.44,27.01,Standard Class,Debit Card,4
ORD-20241036,2025-08-31,2025-09-01,CUST-1036,Arjun Patel,Corporate,South,Austin,Furniture,Chairs,Executive Leather Recliner,4,399,0.1,1436.4,231.1,16.09,Standard Class,Net Banking,4
ORD-20240406,2025-08-31,2025-09-03,CUST-1198,Pooja Singh,Home Office,East,Washington D.C.,Furniture,Lighting,Architect LED Desk Lamp,1,79,0.2,63.2,4.58,7.25,Second Class,Net Banking,4
ORD-20240176,2025-08-31,2025-09-02,CUST-1083,Alex Patel,Consumer,Central,Indianapolis,Furniture,Storage,3-Drawer Mobile Filing Cabinet,5,149,0.25,558.75,-1.83,-0.33,Standard Class,Credit Card,4
ORD-20241723,2025-09-01,2025-09-04,CUST-1068,Kavita Brown,Corporate,North,Minneapolis,Furniture,Lighting,Architect LED Desk Lamp,10,79,0.15,671.5,-11.64,-1.73,Standard Class,Credit Card,5
ORD-20240321,2025-09-02,2025-09-05,CUST-1141,Neha Verma,Home Office,North,Boston,Technology,Accessories,Logitech MX Master 3S Mouse,1,99,0.1,89.1,17.14,19.24,Standard Class,Debit Card,5
ORD-20241731,2025-09-03,2025-09-05,CUST-1112,Priya Brown,Consumer,East,Washington D.C.,Technology,Laptops,Dell XPS 13,1,1099,0.05,1044.05,316.21,30.29,Same Day,Credit Card,5
ORD-20240083,2025-09-04,2025-09-05,CUST-1162,Olivia Taylor,Corporate,East,Philadelphia,Furniture,Chairs,Gaming Bucket Chair,12,199,0.2,1910.4,95.51,5.0,Standard Class,UPI / Instant Transfer,5
ORD-20241569,2025-09-06,2025-09-08,CUST-1060,Jessica Anderson,Consumer,North,New York,Technology,Smart Watches,Garmin Venu 3,5,449,0.0,2245.0,453.62,20.21,First Class,Credit Card,5
ORD-20240846,2025-09-06,2025-09-09,CUST-1041,Sophia Reddy,Consumer,Central,St. Louis,Technology,Laptops,MacBook Air M2,2,1199,0.05,2278.1,445.68,19.56,Standard Class,Credit Card,5
ORD-20241628,2025-09-07,2025-09-10,CUST-1148,Pooja Williams,Consumer,West,San Francisco,Furniture,Desks,Minimalist Solid Wood Desk,1,419,0.1,377.1,21.41,5.68,Standard Class,Net Banking,3
ORD-20241530,2025-09-09,2025-09-12,CUST-1116,Neha Williams,Home Office,Central,Kansas City,Technology,Accessories,Logitech MX Master 3S Mouse,2,99,0.0,198.0,53.36,26.95,Standard Class,Credit Card,2
ORD-20240811,2025-09-09,2025-09-13,CUST-1086,Vikram Gupta,Consumer,North,Chicago,Furniture,Desks,Minimalist Solid Wood Desk,1,419,0.0,419.0,124.87,29.8,Second Class,Debit Card,3
ORD-20240156,2025-09-10,2025-09-13,CUST-1102,Pooja Patel,Corporate,South,Austin,Furniture,Storage,Modular Wooden Bookshelf,7,189,0.0,1323.0,274.78,20.77,Second Class,Debit Card,5
ORD-20241185,2025-09-11,2025-09-13,CUST-1188,Jessica Wilson,Corporate,North,Chicago,Office Supplies,Binders & Organizers,Heavy Duty Ring Binders 6-Pack,3,29,0.15,73.95,25.91,35.04,Standard Class,Debit Card,5
ORD-20241691,2025-09-11,2025-09-13,CUST-1168,Sarah Iyer,Consumer,East,Richmond,Office Supplies,Stationery,Parker Fountain Pen Set,2,65,0.0,130.0,50.11,38.55,Second Class,Debit Card,3
ORD-20240442,2025-09-12,2025-09-15,CUST-1153,Jessica Taylor,Consumer,North,Boston,Office Supplies,Binders & Organizers,Cable Management Tray Kit,1,25,0.05,23.75,7.51,31.62,Standard Class,Credit Card,5
ORD-20241481,2025-09-12,2025-09-15,CUST-1127,Rohan Reddy,Corporate,South,Atlanta,Technology,Smart Watches,Garmin Venu 3,1,449,0.05,426.55,94.09,22.06,Second Class,Credit Card,4
ORD-20240391,2025-09-12,2025-09-15,CUST-1004,Priya Wilson,Corporate,South,Houston,Technology,Smart Watches,Garmin Venu 3,1,449,0.2,359.2,39.34,10.95,First Class,Credit Card,5
ORD-20241476,2025-09-13,2025-09-16,CUST-1211,Kavita Reddy,Corporate,West,Seattle,Furniture,Lighting,Ambient Floor Standing Lamp,3,119,0.05,339.15,55.54,16.38,Standard Class,UPI / Instant Transfer,4
ORD-20241456,2025-09-15,2025-09-20,CUST-1038,Sophia Reddy,Consumer,West,Los Angeles,Office Supplies,Stationery,Sharpie Highlighters Box,1,16,0.0,16.0,6.82,42.62,Standard Class,Credit Card,4
ORD-20241707,2025-09-16,2025-09-20,CUST-1173,Kavita Singh,Consumer,South,Dallas,Furniture,Lighting,Architect LED Desk Lamp,2,79,0.1,142.2,6.48,4.56,Standard Class,Credit Card,2
ORD-20240129,2025-09-16,2025-09-19,CUST-1246,Jessica Taylor,Home Office,South,Miami,Office Supplies,Binders & Organizers,Heavy Duty Ring Binders 6-Pack,5,29,0.3,101.5,-0.61,-0.6,Standard Class,Net Banking,4
ORD-20241495,2025-09-16,2025-09-19,CUST-1140,Neha Smith,Home Office,South,Miami,Office Supplies,Packaging Supplies,Bubble Cushion Wrap Roll,1,28,0.05,26.6,10.35,38.91,Same Day,UPI / Instant Transfer,5
ORD-20241670,2025-09-16,2025-09-20,CUST-1109,Emily Reddy,Consumer,West,Seattle,Technology,Smart Watches,Samsung Galaxy Watch 6,3,299,0.15,762.45,77.31,10.14,Second Class,Credit Card,5
ORD-20240910,2025-09-16,2025-09-19,CUST-1196,Sarah Verma,Consumer,North,Boston,Technology,Smart Watches,Garmin Venu 3,3,449,0.2,1077.6,22.73,2.11,Standard Class,Credit Card,5
ORD-20240188,2025-09-17,2025-09-20,CUST-1030,Kavita Patel,Consumer,East,Baltimore,Furniture,Desks,Minimalist Solid Wood Desk,3,419,0.0,1257.0,238.07,18.94,Standard Class,UPI / Instant Transfer,5
ORD-20241415,2025-09-17,2025-09-20,CUST-1099,Pooja Taylor,Consumer,Central,Indianapolis,Office Supplies,Packaging Supplies,Heavy Duty Packing Tape 6-Pack,3,21,0.0,63.0,17.84,28.32,Standard Class,Credit Card,5
ORD-20240418,2025-09-18,2025-09-21,CUST-1156,Rahul Smith,Consumer,Central,Nashville,Technology,Laptops,Dell XPS 13,2,1099,0.0,2198.0,542.42,24.68,First Class,Net Banking,5
ORD-20241701,2025-09-18,2025-09-20,CUST-1056,Vikram Davis,Home Office,North,Boston,Office Supplies,Packaging Supplies,Bubble Cushion Wrap Roll,1,28,0.15,23.8,5.9,24.79,Same Day,Debit Card,4
ORD-20240493,2025-09-19,2025-09-22,CUST-1041,Sophia Reddy,Consumer,North,Detroit,Technology,Phones,Apple iPhone 15 Pro,1,999,0.0,999.0,251.98,25.22,Standard Class,UPI / Instant Transfer,3
ORD-20241270,2025-09-19,2025-09-22,CUST-1160,Michael Patel,Corporate,East,Baltimore,Furniture,Chairs,Ergonomic Mesh Office Chair,9,249,0.15,1904.85,321.57,16.88,Standard Class,Cash on Delivery,4
ORD-20240068,2025-09-20,2025-09-23,CUST-1143,Daniel Davis,Consumer,North,Minneapolis,Office Supplies,Binders & Organizers,Heavy Duty Ring Binders 6-Pack,1,29,0.1,26.1,8.36,32.03,First Class,Debit Card,5
ORD-20240481,2025-09-20,2025-09-23,CUST-1234,Michael Singh,Consumer,West,Seattle,Technology,Phones,Apple iPhone 15 Pro,1,999,0.1,899.1,133.28,14.82,Same Day,Credit Card,5
ORD-20240973,2025-09-20,2025-09-25,CUST-1096,Pooja Patel,Consumer,Central,Nashville,Furniture,Lighting,Ambient Floor Standing Lamp,1,119,0.0,119.0,19.7,16.55,Standard Class,Credit Card,1
ORD-20241688,2025-09-20,2025-09-23,CUST-1197,Sarah Chopra,Corporate,Central,St. Louis,Technology,Accessories,Logitech MX Master 3S Mouse,3,99,0.0,297.0,72.68,24.47,First Class,Credit Card,5
ORD-20240186,2025-09-20,2025-09-24,CUST-1116,Neha Williams,Home Office,Central,Columbus,Furniture,Chairs,Executive Leather Recliner,1,399,0.15,339.15,1.77,0.52,Second Class,Credit Card,5
ORD-20241079,2025-09-20,2025-09-23,CUST-1025,Rohan Wilson,Consumer,West,Denver,Office Supplies,Stationery,Parker Fountain Pen Set,1,65,0.0,65.0,17.0,26.15,Second Class,Credit Card,5
ORD-20241217,2025-09-21,2025-09-24,CUST-1174,Vikram Mehta,Consumer,West,Los Angeles,Furniture,Storage,Modular Wooden Bookshelf,1,189,0.1,170.1,8.5,5.0,First Class,Credit Card,5
ORD-20241103,2025-09-23,2025-09-26,CUST-1207,Priya Williams,Consumer,South,Miami,Furniture,Chairs,Ergonomic Mesh Office Chair,2,249,0.0,498.0,104.83,21.05,Standard Class,UPI / Instant Transfer,5
ORD-20241039,2025-09-25,2025-09-29,CUST-1249,James Chopra,Home Office,East,Washington D.C.,Office Supplies,Binders & Organizers,Cable Management Tray Kit,1,25,0.15,21.25,5.07,23.86,Same Day,Debit Card,5
ORD-20240726,2025-09-25,2025-09-28,CUST-1223,Jessica Johnson,Consumer,West,Phoenix,Furniture,Desks,Motorized Standing Desk 60x30,8,549,0.25,3294.0,-422.82,-12.84,Standard Class,Cash on Delivery,5
ORD-20241113,2025-09-25,2025-09-28,CUST-1152,Olivia Patel,Consumer,West,Los Angeles,Technology,Phones,OnePlus 12,2,649,0.0,1298.0,386.62,29.79,Second Class,UPI / Instant Transfer,3
ORD-20240620,2025-09-25,2025-09-28,CUST-1179,Michael Chopra,Home Office,East,Pittsburgh,Technology,Accessories,Sony WH-1000XM5 Headphones,1,349,0.0,349.0,84.19,24.12,Second Class,Credit Card,4
ORD-20240233,2025-09-26,2025-09-29,CUST-1166,Vikram Johnson,Corporate,East,Pittsburgh,Furniture,Lighting,Architect LED Desk Lamp,1,79,0.05,75.05,10.61,14.14,Standard Class,Credit Card,4
ORD-20241304,2025-09-27,2025-10-01,CUST-1204,Ananya Smith,Home Office,North,New York,Technology,Laptops,Lenovo ThinkPad X1,1,1299,0.15,1104.15,155.59,14.09,Standard Class,Credit Card,5
ORD-20241427,2025-09-27,2025-09-29,CUST-1217,David Wilson,Consumer,South,Atlanta,Furniture,Chairs,Ergonomic Mesh Office Chair,3,249,0.0,747.0,172.61,23.11,Second Class,Net Banking,5
ORD-20241306,2025-09-27,2025-09-30,CUST-1199,Sarah Wilson,Home Office,Central,Kansas City,Office Supplies,Stationery,Sharpie Highlighters Box,5,16,0.15,68.0,15.08,22.18,Standard Class,Net Banking,5
ORD-20241647,2025-09-28,2025-10-01,CUST-1140,Neha Smith,Home Office,West,Seattle,Technology,Laptops,Lenovo ThinkPad X1,1,1299,0.1,1169.1,202.0,17.28,First Class,Credit Card,5
ORD-20240313,2025-09-28,2025-09-30,CUST-1011,Rahul Wilson,Consumer,East,Pittsburgh,Technology,Smart Watches,Samsung Galaxy Watch 6,2,299,0.0,598.0,127.55,21.33,Standard Class,Credit Card,4
ORD-20241076,2025-09-28,2025-09-30,CUST-1201,Vikram Reddy,Corporate,North,Boston,Technology,Smart Watches,Apple Watch Series 9,3,399,0.05,1137.15,262.24,23.06,Second Class,Credit Card,4
ORD-20241505,2025-09-29,2025-10-01,CUST-1101,Rohan Verma,Consumer,West,Seattle,Office Supplies,Packaging Supplies,Bubble Cushion Wrap Roll,2,28,0.05,53.2,14.6,27.44,Standard Class,Credit Card,5
ORD-20241123,2025-09-29,2025-09-30,CUST-1138,Rahul Verma,Corporate,North,Boston,Furniture,Chairs,Steelcase Series 1 Task Chair,2,499,0.0,998.0,281.49,28.21,Standard Class,UPI / Instant Transfer,5
ORD-20240891,2025-09-30,2025-10-03,CUST-1030,Kavita Patel,Consumer,North,New York,Technology,Phones,Apple iPhone 15 Pro,1,999,0.0,999.0,345.96,34.63,Second Class,Credit Card,5
ORD-20240600,2025-09-30,2025-10-04,CUST-1088,Ananya Mehta,Corporate,South,Dallas,Technology,Phones,Google Pixel 8,4,699,0.05,2656.2,836.35,31.49,First Class,Net Banking,5
ORD-20240204,2025-10-02,2025-10-04,CUST-1180,Arjun Davis,Consumer,South,Houston,Office Supplies,Paper & Notebooks,Spiral Dot Grid Notebook Pack,1,19,0.0,19.0,8.25,43.42,Standard Class,Credit Card,5
ORD-20240657,2025-10-02,2025-10-05,CUST-1032,David Mehta,Consumer,North,New York,Technology,Smart Watches,Samsung Galaxy Watch 6,4,299,0.1,1076.4,158.59,14.73,Standard Class,Debit Card,5
ORD-20241049,2025-10-02,2025-10-05,CUST-1194,Jessica Gupta,Corporate,South,Houston,Technology,Accessories,Anker 100W Fast Charger,2,59,0.15,100.3,11.69,11.66,Second Class,UPI / Instant Transfer,5
ORD-20240878,2025-10-03,2025-10-06,CUST-1231,Rahul Johnson,Corporate,West,Phoenix,Technology,Accessories,Keychron K2 Mechanical Keyboard,4,89,0.05,338.2,53.72,15.88,Standard Class,Credit Card,5
ORD-20241232,2025-10-03,2025-10-07,CUST-1215,Rohan Mehta,Corporate,East,Washington D.C.,Furniture,Lighting,Architect LED Desk Lamp,3,79,0.0,237.0,54.27,22.9,Standard Class,Credit Card,5
ORD-20241127,2025-10-03,2025-10-06,CUST-1112,Priya Brown,Consumer,West,Los Angeles,Furniture,Chairs,Gaming Bucket Chair,1,199,0.05,189.05,27.91,14.76,Second Class,UPI / Instant Transfer,5
ORD-20241331,2025-10-05,2025-10-08,CUST-1216,Sarah Davis,Consumer,Central,Nashville,Office Supplies,Binders & Organizers,Heavy Duty Ring Binders 6-Pack,1,29,0.1,26.1,4.99,19.12,Standard Class,Credit Card,5
ORD-20240207,2025-10-05,2025-10-08,CUST-1236,Kavita Brown,Corporate,West,Phoenix,Office Supplies,Packaging Supplies,Bubble Cushion Wrap Roll,1,28,0.15,23.8,5.1,21.43,Same Day,UPI / Instant Transfer,5
ORD-20240616,2025-10-06,2025-10-09,CUST-1039,Ananya Jones,Corporate,Central,Columbus,Technology,Laptops,HP Spectre x360,1,999,0.05,949.05,171.97,18.12,Standard Class,Debit Card,4
ORD-20240753,2025-10-06,2025-10-09,CUST-1163,Priya Patel,Corporate,South,Miami,Office Supplies,Stationery,Pilot G2 Gel Pens Bulk Pack,3,22,0.15,56.1,14.8,26.38,Standard Class,Cash on Delivery,2
ORD-20240683,2025-10-06,2025-10-10,CUST-1234,Michael Singh,Consumer,Central,Nashville,Furniture,Lighting,Architect LED Desk Lamp,5,79,0.0,395.0,91.02,23.04,Standard Class,Credit Card,5
ORD-20241537,2025-10-08,2025-10-11,CUST-1223,Jessica Johnson,Consumer,Central,Columbus,Office Supplies,Packaging Supplies,Bubble Cushion Wrap Roll,1,28,0.0,28.0,10.95,39.11,Standard Class,Debit Card,5
ORD-20240715,2025-10-08,2025-10-11,CUST-1008,Rahul Reddy,Home Office,South,Miami,Office Supplies,Packaging Supplies,Bubble Cushion Wrap Roll,1,28,0.1,25.2,4.47,17.74,Standard Class,Credit Card,4
ORD-20241366,2025-10-08,2025-10-11,CUST-1127,Rohan Reddy,Corporate,South,Dallas,Furniture,Storage,3-Drawer Mobile Filing Cabinet,1,149,0.0,149.0,42.64,28.62,Same Day,Credit Card,5
ORD-20241293,2025-10-08,2025-10-11,CUST-1088,Ananya Mehta,Corporate,Central,St. Louis,Furniture,Chairs,Ergonomic Mesh Office Chair,11,249,0.0,2739.0,748.83,27.34,Standard Class,Credit Card,4
ORD-20240467,2025-10-10,2025-10-13,CUST-1149,Priya Taylor,Consumer,East,Richmond,Technology,Accessories,Sony WH-1000XM5 Headphones,2,349,0.05,663.1,160.27,24.17,Standard Class,UPI / Instant Transfer,4
ORD-20240834,2025-10-11,2025-10-13,CUST-1159,Kavita Jones,Consumer,North,New York,Technology,Phones,Apple iPhone 15 Pro,2,999,0.05,1898.1,450.63,23.74,Second Class,Net Banking,4
ORD-20240760,2025-10-11,2025-10-12,CUST-1187,James Wilson,Corporate,South,Atlanta,Technology,Phones,Apple iPhone 15 Pro,3,999,0.05,2847.15,506.03,17.77,Standard Class,Credit Card,2
ORD-20241046,2025-10-11,2025-10-12,CUST-1123,Pooja Patel,Consumer,North,Detroit,Technology,Smart Watches,Apple Watch Series 9,1,399,0.05,379.05,83.89,22.13,Standard Class,Debit Card,5
ORD-20240707,2025-10-11,2025-10-16,CUST-1241,Ananya Anderson,Home Office,South,Dallas,Technology,Laptops,Dell XPS 13,1,1099,0.0,1099.0,265.14,24.13,Standard Class,Net Banking,5
ORD-20240990,2025-10-12,2025-10-15,CUST-1215,Rohan Mehta,Corporate,North,Boston,Furniture,Storage,3-Drawer Mobile Filing Cabinet,1,149,0.1,134.1,14.61,10.89,Standard Class,Credit Card,5
ORD-20240458,2025-10-13,2025-10-17,CUST-1194,Jessica Gupta,Corporate,South,Dallas,Furniture,Storage,Modular Wooden Bookshelf,2,189,0.0,378.0,53.7,14.21,Second Class,Credit Card,5
ORD-20240718,2025-10-13,2025-10-16,CUST-1205,Jessica Reddy,Corporate,East,Washington D.C.,Furniture,Desks,Minimalist Solid Wood Desk,1,419,0.3,293.3,-61.57,-20.99,First Class,Credit Card,5
ORD-20240586,2025-10-13,2025-10-17,CUST-1014,Arjun Sharma,Consumer,South,Dallas,Technology,Laptops,Dell XPS 13,1,1099,0.0,1099.0,268.27,24.41,First Class,Credit Card,5
ORD-20240671,2025-10-13,2025-10-15,CUST-1012,Jessica Reddy,Home Office,Central,Nashville,Technology,Accessories,Logitech MX Master 3S Mouse,1,99,0.0,99.0,22.84,23.07,Second Class,UPI / Instant Transfer,3
ORD-20240562,2025-10-15,2025-10-18,CUST-1158,David Gupta,Corporate,West,Phoenix,Office Supplies,Paper & Notebooks,Spiral Dot Grid Notebook Pack,1,19,0.0,19.0,5.71,30.05,Standard Class,Net Banking,4
ORD-20241371,2025-10-16,2025-10-20,CUST-1074,Olivia Chopra,Corporate,North,Minneapolis,Furniture,Desks,Motorized Standing Desk 60x30,1,549,0.15,466.65,24.39,5.23,First Class,Credit Card,4
ORD-20240095,2025-10-16,2025-10-20,CUST-1118,Pooja Chopra,Consumer,North,New York,Furniture,Chairs,Executive Leather Recliner,3,399,0.0,1197.0,358.76,29.97,First Class,Debit Card,5
ORD-20241057,2025-10-16,2025-10-18,CUST-1138,Rahul Verma,Corporate,East,Pittsburgh,Furniture,Chairs,Gaming Bucket Chair,8,199,0.25,1194.0,-130.29,-10.91,Standard Class,Credit Card,4
ORD-20241385,2025-10-17,2025-10-19,CUST-1196,Sarah Verma,Consumer,West,Los Angeles,Office Supplies,Packaging Supplies,Bubble Cushion Wrap Roll,3,28,0.0,84.0,21.96,26.14,Standard Class,Credit Card,4
ORD-20240318,2025-10-18,2025-10-21,CUST-1017,Vikram Chopra,Consumer,Central,Kansas City,Office Supplies,Paper & Notebooks,Premium Copy Paper 5-Pack,5,39,0.0,195.0,57.06,29.26,Standard Class,Debit Card,5
ORD-20240745,2025-10-18,2025-10-21,CUST-1131,Neha Deshmukh,Consumer,South,Atlanta,Office Supplies,Packaging Supplies,Heavy Duty Packing Tape 6-Pack,2,21,0.0,42.0,13.92,33.14,Standard Class,Credit Card,5
ORD-20240422,2025-10-18,2025-10-22,CUST-1202,Ananya Deshmukh,Consumer,North,Minneapolis,Technology,Smart Watches,Samsung Galaxy Watch 6,3,299,0.0,897.0,179.96,20.06,Second Class,UPI / Instant Transfer,5
ORD-20241129,2025-10-18,2025-10-20,CUST-1013,James Taylor,Corporate,Central,Kansas City,Technology,Accessories,Anker 100W Fast Charger,3,59,0.15,150.45,17.24,11.46,Standard Class,Net Banking,5
ORD-20241734,2025-10-19,2025-10-22,CUST-1064,Arjun Wilson,Consumer,Central,St. Louis,Office Supplies,Binders & Organizers,Cable Management Tray Kit,2,25,0.05,47.5,18.29,38.51,Standard Class,Credit Card,5
ORD-20240292,2025-10-20,2025-10-24,CUST-1130,Rahul Williams,Consumer,West,Denver,Technology,Phones,OnePlus 12,1,649,0.0,649.0,200.07,30.83,Standard Class,Credit Card,5
ORD-20240266,2025-10-20,2025-10-22,CUST-1230,Daniel Wilson,Corporate,West,Seattle,Furniture,Storage,3-Drawer Mobile Filing Cabinet,12,149,0.0,1788.0,503.47,28.16,Second Class,UPI / Instant Transfer,5
ORD-20241740,2025-10-21,2025-10-24,CUST-1154,Alex Davis,Consumer,South,Houston,Technology,Smart Watches,Garmin Venu 3,2,449,0.0,898.0,191.24,21.3,Standard Class,Credit Card,5
ORD-20240746,2025-10-22,2025-10-25,CUST-1077,Daniel Sharma,Corporate,Central,Indianapolis,Technology,Accessories,Sony WH-1000XM5 Headphones,11,349,0.0,3839.0,875.56,22.81,Standard Class,Debit Card,5
ORD-20241446,2025-10-22,2025-10-25,CUST-1191,Sophia Verma,Consumer,West,San Francisco,Technology,Smart Watches,Samsung Galaxy Watch 6,1,299,0.0,299.0,89.73,30.01,Standard Class,Credit Card,3
ORD-20240181,2025-10-22,2025-10-25,CUST-1103,Neha Smith,Consumer,East,Pittsburgh,Technology,Phones,Apple iPhone 15 Pro,1,999,0.05,949.05,221.96,23.39,Second Class,Credit Card,5
ORD-20241210,2025-10-22,2025-10-25,CUST-1193,Sophia Gupta,Home Office,Central,Indianapolis,Technology,Accessories,Logitech MX Master 3S Mouse,2,99,0.05,188.1,34.69,18.44,Second Class,Debit Card,5
ORD-20241694,2025-10-23,2025-10-26,CUST-1087,Emily Wilson,Corporate,North,Chicago,Technology,Phones,Samsung Galaxy S24,3,849,0.0,2547.0,672.19,26.39,Standard Class,Net Banking,3
ORD-20240577,2025-10-24,2025-10-27,CUST-1059,Vikram Deshmukh,Consumer,North,Detroit,Technology,Accessories,Logitech MX Master 3S Mouse,1,99,0.1,89.1,15.83,17.77,Standard Class,Credit Card,5
ORD-20241263,2025-10-24,2025-10-28,CUST-1091,Sophia Chopra,Consumer,Central,Nashville,Office Supplies,Packaging Supplies,Heavy Duty Packing Tape 6-Pack,2,21,0.05,39.9,12.57,31.5,Standard Class,UPI / Instant Transfer,5
ORD-20240607,2025-10-25,2025-10-28,CUST-1122,Arjun Jones,Home Office,North,Detroit,Office Supplies,Binders & Organizers,Desktop Acrylic Organizer,2,34,0.0,68.0,26.68,39.24,Second Class,Credit Card,5
ORD-20240485,2025-10-25,2025-10-27,CUST-1142,Alex Miller,Consumer,North,Detroit,Office Supplies,Stationery,Pilot G2 Gel Pens Bulk Pack,2,22,0.2,35.2,5.45,15.48,Second Class,UPI / Instant Transfer,5
ORD-20240933,2025-10-26,2025-10-27,CUST-1020,Priya Johnson,Consumer,South,Austin,Office Supplies,Packaging Supplies,Bubble Cushion Wrap Roll,3,28,0.05,79.8,32.74,41.03,First Class,UPI / Instant Transfer,5
ORD-20241644,2025-10-29,2025-11-01,CUST-1035,Sarah Chopra,Home Office,North,Chicago,Furniture,Chairs,Executive Leather Recliner,2,399,0.15,678.3,57.94,8.54,Standard Class,Credit Card,2
ORD-20240842,2025-10-30,2025-11-03,CUST-1077,Daniel Sharma,Corporate,South,Austin,Technology,Smart Watches,Samsung Galaxy Watch 6,2,299,0.2,478.4,33.42,6.99,Standard Class,UPI / Instant Transfer,4
ORD-20241445,2025-10-30,2025-11-02,CUST-1247,Olivia Smith,Consumer,South,Austin,Office Supplies,Stationery,Pilot G2 Gel Pens Bulk Pack,2,22,0.0,44.0,16.12,36.64,Second Class,UPI / Instant Transfer,5
ORD-20240528,2025-10-31,2025-11-03,CUST-1074,Olivia Chopra,Corporate,West,San Francisco,Furniture,Desks,Motorized Standing Desk 60x30,1,549,0.3,384.3,-6.59,-1.71,Standard Class,Debit Card,4
ORD-20240159,2025-11-01,2025-11-05,CUST-1087,Emily Wilson,Corporate,East,Pittsburgh,Office Supplies,Packaging Supplies,Heavy Duty Packing Tape 6-Pack,5,21,0.0,105.0,35.77,34.07,Standard Class,Credit Card,5
ORD-20240410,2025-11-01,2025-11-05,CUST-1018,Michael Singh,Corporate,West,Seattle,Office Supplies,Binders & Organizers,Heavy Duty Ring Binders 6-Pack,9,29,0.0,261.0,97.58,37.39,Standard Class,Credit Card,2
ORD-20240758,2025-11-04,2025-11-06,CUST-1097,Michael Sharma,Corporate,Central,St. Louis,Technology,Accessories,Logitech MX Master 3S Mouse,2,99,0.05,188.1,46.36,24.65,Standard Class,Credit Card,5
ORD-20241658,2025-11-04,2025-11-07,CUST-1044,Michael Williams,Home Office,South,Dallas,Technology,Accessories,Anker 100W Fast Charger,1,59,0.1,53.1,8.35,15.73,Standard Class,UPI / Instant Transfer,5
ORD-20241793,2025-11-04,2025-11-07,CUST-1023,James Wilson,Consumer,Central,Kansas City,Office Supplies,Paper & Notebooks,Premium Copy Paper 5-Pack,1,39,0.15,33.15,10.68,32.22,Standard Class,UPI / Instant Transfer,5
ORD-20241208,2025-11-05,2025-11-09,CUST-1186,Arjun Deshmukh,Corporate,Central,Nashville,Technology,Accessories,Keychron K2 Mechanical Keyboard,1,89,0.0,89.0,18.02,20.25,Second Class,UPI / Instant Transfer,4
ORD-20240170,2025-11-07,2025-11-10,CUST-1198,Pooja Singh,Home Office,Central,St. Louis,Technology,Phones,Apple iPhone 15 Pro,1,999,0.0,999.0,232.18,23.24,Standard Class,Credit Card,5
ORD-20241237,2025-11-07,2025-11-11,CUST-1036,Arjun Patel,Corporate,West,Seattle,Technology,Smart Watches,Samsung Galaxy Watch 6,4,299,0.0,1196.0,370.48,30.98,Second Class,Debit Card,5
ORD-20240087,2025-11-08,2025-11-10,CUST-1197,Sarah Chopra,Corporate,Central,Indianapolis,Office Supplies,Packaging Supplies,Bubble Cushion Wrap Roll,12,28,0.15,285.6,89.68,31.4,Second Class,Credit Card,5
ORD-20241750,2025-11-09,2025-11-13,CUST-1215,Rohan Mehta,Corporate,North,Chicago,Furniture,Desks,Minimalist Solid Wood Desk,4,419,0.05,1592.2,139.57,8.77,Standard Class,Credit Card,4
ORD-20240267,2025-11-09,2025-11-14,CUST-1215,Rohan Mehta,Corporate,East,Richmond,Office Supplies,Binders & Organizers,Desktop Acrylic Organizer,2,34,0.0,68.0,26.84,39.47,Standard Class,Credit Card,5
ORD-20241286,2025-11-11,2025-11-13,CUST-1122,Arjun Jones,Home Office,West,Seattle,Office Supplies,Binders & Organizers,Desktop Acrylic Organizer,2,34,0.15,57.8,14.72,25.47,Standard Class,Net Banking,2
ORD-20240691,2025-11-13,2025-11-17,CUST-1179,Michael Chopra,Home Office,South,Houston,Furniture,Chairs,Steelcase Series 1 Task Chair,1,499,0.0,499.0,80.85,16.2,Standard Class,Debit Card,5
ORD-20240773,2025-11-13,2025-11-17,CUST-1051,Pooja Wilson,Home Office,West,Los Angeles,Office Supplies,Stationery,Parker Fountain Pen Set,10,65,0.05,617.5,177.52,28.75,Second Class,Credit Card,5
ORD-20241108,2025-11-14,2025-11-19,CUST-1007,Aarav Patel,Consumer,West,San Francisco,Office Supplies,Stationery,Parker Fountain Pen Set,4,65,0.05,247.0,61.8,25.02,Standard Class,UPI / Instant Transfer,5
ORD-20240304,2025-11-14,2025-11-17,CUST-1173,Kavita Singh,Consumer,Central,St. Louis,Furniture,Chairs,Ergonomic Mesh Office Chair,1,249,0.0,249.0,44.66,17.94,Standard Class,Credit Card,5
ORD-20241380,2025-11-14,2025-11-17,CUST-1177,Arjun Iyer,Corporate,North,Minneapolis,Technology,Accessories,Sony WH-1000XM5 Headphones,3,349,0.0,1047.0,363.97,34.76,Standard Class,UPI / Instant Transfer,1
ORD-20240074,2025-11-15,2025-11-19,CUST-1019,Rohan Williams,Consumer,West,Los Angeles,Furniture,Chairs,Gaming Bucket Chair,5,199,0.15,845.75,46.13,5.45,First Class,Net Banking,5
ORD-20240409,2025-11-15,2025-11-16,CUST-1150,Pooja Taylor,Consumer,Central,Kansas City,Furniture,Desks,Motorized Standing Desk 60x30,1,549,0.15,466.65,21.28,4.56,Second Class,Credit Card,5
ORD-20241158,2025-11-15,2025-11-17,CUST-1163,Priya Patel,Corporate,East,Baltimore,Office Supplies,Paper & Notebooks,Premium Copy Paper 5-Pack,3,39,0.1,105.3,27.14,25.77,Standard Class,Credit Card,1
ORD-20240138,2025-11-16,2025-11-17,CUST-1036,Arjun Patel,Corporate,West,Seattle,Technology,Phones,Google Pixel 8,1,699,0.0,699.0,210.09,30.06,First Class,Debit Card,5
ORD-20241400,2025-11-16,2025-11-18,CUST-1120,James Gupta,Corporate,West,Phoenix,Office Supplies,Binders & Organizers,Desktop Acrylic Organizer,1,34,0.0,34.0,10.76,31.65,Standard Class,Credit Card,5
ORD-20240827,2025-11-16,2025-11-20,CUST-1048,Emily Williams,Corporate,North,New York,Furniture,Storage,Modular Wooden Bookshelf,1,189,0.05,179.55,31.07,17.3,Standard Class,Debit Card,4
ORD-20241320,2025-11-18,2025-11-20,CUST-1183,Jessica Mehta,Home Office,North,Chicago,Technology,Phones,Apple iPhone 15 Pro,2,999,0.0,1998.0,633.92,31.73,Standard Class,Debit Card,2
ORD-20241206,2025-11-18,2025-11-20,CUST-1224,Michael Brown,Consumer,South,Dallas,Office Supplies,Packaging Supplies,Bubble Cushion Wrap Roll,10,28,0.0,280.0,94.46,33.74,Second Class,UPI / Instant Transfer,3
ORD-20240695,2025-11-18,2025-11-22,CUST-1174,Vikram Mehta,Consumer,East,Washington D.C.,Furniture,Storage,3-Drawer Mobile Filing Cabinet,1,149,0.0,149.0,26.6,17.85,Standard Class,Cash on Delivery,5
ORD-20240120,2025-11-19,2025-11-22,CUST-1138,Rahul Verma,Corporate,North,New York,Furniture,Desks,L-Shaped Corner Workstation,8,329,0.0,2632.0,765.36,29.08,Standard Class,Cash on Delivery,5
ORD-20241022,2025-11-21,2025-11-24,CUST-1040,David Mehta,Consumer,Central,Nashville,Technology,Accessories,Anker 100W Fast Charger,1,59,0.15,50.15,5.15,10.27,Standard Class,Credit Card,5
ORD-20240660,2025-11-22,2025-11-26,CUST-1117,Michael Singh,Corporate,Central,St. Louis,Office Supplies,Stationery,Parker Fountain Pen Set,1,65,0.0,65.0,18.99,29.22,Standard Class,UPI / Instant Transfer,5
ORD-20240052,2025-11-23,2025-11-26,CUST-1102,Pooja Patel,Corporate,Central,St. Louis,Technology,Smart Watches,Apple Watch Series 9,1,399,0.0,399.0,94.82,23.76,First Class,UPI / Instant Transfer,5
ORD-20240606,2025-11-25,2025-11-29,CUST-1223,Jessica Johnson,Consumer,West,San Francisco,Office Supplies,Paper & Notebooks,Spiral Dot Grid Notebook Pack,1,19,0.05,18.05,5.5,30.47,Second Class,Credit Card,5
ORD-20240999,2025-11-25,2025-11-28,CUST-1011,Rahul Wilson,Consumer,South,Austin,Technology,Smart Watches,Samsung Galaxy Watch 6,3,299,0.25,672.75,35.78,5.32,Standard Class,Credit Card,5
ORD-20240474,2025-11-25,2025-11-27,CUST-1136,Emily Gupta,Consumer,North,New York,Office Supplies,Binders & Organizers,Desktop Acrylic Organizer,2,34,0.1,61.2,20.09,32.83,First Class,Cash on Delivery,5
ORD-20240548,2025-11-25,2025-11-26,CUST-1046,Rahul Taylor,Corporate,West,Phoenix,Office Supplies,Binders & Organizers,Heavy Duty Ring Binders 6-Pack,4,29,0.1,104.4,28.54,27.34,Second Class,Debit Card,5
ORD-20240072,2025-11-25,2025-11-28,CUST-1135,Jessica Wilson,Home Office,East,Philadelphia,Technology,Smart Watches,Garmin Venu 3,1,449,0.0,449.0,93.48,20.82,Standard Class,Credit Card,4
ORD-20240105,2025-11-26,2025-11-29,CUST-1095,Priya Reddy,Corporate,East,Pittsburgh,Technology,Laptops,Lenovo ThinkPad X1,6,1299,0.25,5845.5,749.1,12.81,Standard Class,Credit Card,5
ORD-20240197,2025-11-26,2025-11-30,CUST-1035,Sarah Chopra,Home Office,West,Los Angeles,Furniture,Desks,Minimalist Solid Wood Desk,4,419,0.0,1676.0,288.19,17.2,Standard Class,Credit Card,4
ORD-20240643,2025-11-27,2025-11-30,CUST-1090,Jessica Chopra,Consumer,South,Austin,Office Supplies,Binders & Organizers,Heavy Duty Ring Binders 6-Pack,1,29,0.05,27.55,11.19,40.62,Standard Class,Credit Card,5
ORD-20240269,2025-11-28,2025-11-30,CUST-1007,Aarav Patel,Consumer,West,Seattle,Furniture,Lighting,Ambient Floor Standing Lamp,1,119,0.0,119.0,20.53,17.25,First Class,UPI / Instant Transfer,5
ORD-20240815,2025-11-29,2025-12-02,CUST-1227,Alex Chopra,Home Office,North,Chicago,Technology,Laptops,Dell XPS 13,10,1099,0.05,10440.5,1661.23,15.91,Standard Class,Credit Card,4
ORD-20241629,2025-11-30,2025-12-02,CUST-1061,Rohan Williams,Consumer,South,Dallas,Technology,Smart Watches,Apple Watch Series 9,2,399,0.0,798.0,216.79,27.17,Second Class,Cash on Delivery,4
ORD-20240146,2025-11-30,2025-12-05,CUST-1224,Michael Brown,Consumer,Central,Indianapolis,Office Supplies,Binders & Organizers,Heavy Duty Ring Binders 6-Pack,1,29,0.05,27.55,8.53,30.96,Standard Class,Cash on Delivery,4
ORD-20240796,2025-12-01,2025-12-04,CUST-1227,Alex Chopra,Home Office,North,Detroit,Technology,Phones,Samsung Galaxy S24,1,849,0.25,636.75,39.4,6.19,Standard Class,Credit Card,4
ORD-20240597,2025-12-01,2025-12-05,CUST-1216,Sarah Davis,Consumer,South,Austin,Furniture,Storage,Steel Storage Credenza,1,279,0.0,279.0,81.44,29.19,Standard Class,UPI / Instant Transfer,5
ORD-20240329,2025-12-01,2025-12-03,CUST-1132,David Sharma,Consumer,South,Houston,Technology,Laptops,Dell XPS 13,3,1099,0.05,3132.15,811.66,25.91,First Class,Debit Card,5
ORD-20240596,2025-12-03,2025-12-06,CUST-1239,Vikram Chopra,Corporate,West,Phoenix,Office Supplies,Paper & Notebooks,Premium Copy Paper 5-Pack,2,39,0.15,66.3,18.71,28.22,Second Class,Cash on Delivery,1
ORD-20240849,2025-12-04,2025-12-08,CUST-1184,Neha Sharma,Home Office,East,Pittsburgh,Technology,Accessories,Logitech MX Master 3S Mouse,3,99,0.25,222.75,7.97,3.58,Standard Class,Credit Card,3
ORD-20240952,2025-12-05,2025-12-07,CUST-1098,Alex Wilson,Consumer,Central,Indianapolis,Office Supplies,Binders & Organizers,Desktop Acrylic Organizer,2,34,0.25,51.0,1.66,3.25,Standard Class,Debit Card,4
ORD-20241727,2025-12-05,2025-12-07,CUST-1060,Jessica Anderson,Consumer,East,Baltimore,Furniture,Storage,3-Drawer Mobile Filing Cabinet,2,149,0.2,238.4,8.7,3.65,Second Class,Credit Card,5
ORD-20240130,2025-12-07,2025-12-10,CUST-1082,Neha Reddy,Corporate,West,Seattle,Office Supplies,Binders & Organizers,Desktop Acrylic Organizer,9,34,0.2,244.8,52.35,21.38,First Class,Net Banking,5
ORD-20240602,2025-12-07,2025-12-10,CUST-1206,Arjun Deshmukh,Consumer,East,Philadelphia,Technology,Laptops,MacBook Air M2,1,1199,0.15,1019.15,114.62,11.25,Second Class,Net Banking,5
ORD-20240281,2025-12-07,2025-12-09,CUST-1114,Jessica Jones,Corporate,West,Los Angeles,Office Supplies,Binders & Organizers,Desktop Acrylic Organizer,3,34,0.1,91.8,35.51,38.68,Standard Class,Cash on Delivery,5
ORD-20240557,2025-12-08,2025-12-11,CUST-1087,Emily Wilson,Corporate,West,Phoenix,Office Supplies,Binders & Organizers,Heavy Duty Ring Binders 6-Pack,2,29,0.05,55.1,17.44,31.65,Standard Class,UPI / Instant Transfer,4
ORD-20240383,2025-12-08,2025-12-11,CUST-1153,Jessica Taylor,Consumer,South,Miami,Technology,Laptops,Dell XPS 13,2,1099,0.1,1978.2,437.92,22.14,Standard Class,Debit Card,2
ORD-20240180,2025-12-09,2025-12-12,CUST-1010,Aarav Wilson,Corporate,East,Richmond,Office Supplies,Paper & Notebooks,Moleskine Executive Journal,8,24,0.0,192.0,62.87,32.74,Standard Class,UPI / Instant Transfer,5
ORD-20241095,2025-12-09,2025-12-13,CUST-1125,Priya Verma,Consumer,East,Washington D.C.,Office Supplies,Paper & Notebooks,Moleskine Executive Journal,10,24,0.1,216.0,55.25,25.58,Standard Class,UPI / Instant Transfer,5
ORD-20240717,2025-12-09,2025-12-11,CUST-1248,James Jones,Home Office,Central,Columbus,Office Supplies,Binders & Organizers,Cable Management Tray Kit,1,25,0.2,20.0,2.61,13.05,Same Day,UPI / Instant Transfer,5
ORD-20241742,2025-12-09,2025-12-11,CUST-1084,Rohan Miller,Consumer,South,Miami,Office Supplies,Stationery,Pilot G2 Gel Pens Bulk Pack,3,22,0.15,56.1,19.14,34.12,Same Day,Credit Card,5
ORD-20241064,2025-12-10,2025-12-13,CUST-1243,David Wilson,Home Office,West,Los Angeles,Furniture,Storage,3-Drawer Mobile Filing Cabinet,2,149,0.0,298.0,88.94,29.85,Standard Class,Credit Card,5
ORD-20240935,2025-12-10,2025-12-12,CUST-1188,Jessica Wilson,Corporate,West,Seattle,Technology,Accessories,Sony WH-1000XM5 Headphones,12,349,0.0,4188.0,971.84,23.21,Second Class,Credit Card,5
ORD-20240652,2025-12-10,2025-12-13,CUST-1158,David Gupta,Corporate,East,Richmond,Furniture,Chairs,Gaming Bucket Chair,3,199,0.15,507.45,54.84,10.81,Second Class,Debit Card,4
ORD-20240376,2025-12-11,2025-12-14,CUST-1073,Kavita Davis,Consumer,Central,St. Louis,Furniture,Desks,Motorized Standing Desk 60x30,1,549,0.0,549.0,101.76,18.54,Standard Class,Credit Card,4
ORD-20240702,2025-12-11,2025-12-13,CUST-1045,Arjun Patel,Consumer,East,Pittsburgh,Technology,Accessories,Sony WH-1000XM5 Headphones,2,349,0.05,663.1,169.37,25.54,Standard Class,Credit Card,4
ORD-20240033,2025-12-11,2025-12-14,CUST-1170,Sophia Iyer,Corporate,West,Phoenix,Technology,Smart Watches,Apple Watch Series 9,1,399,0.25,299.25,15.71,5.25,Same Day,Debit Card,5
ORD-20241138,2025-12-11,2025-12-15,CUST-1062,David Anderson,Consumer,West,Phoenix,Furniture,Lighting,Architect LED Desk Lamp,1,79,0.15,67.15,2.42,3.6,Standard Class,Debit Card,5
ORD-20241136,2025-12-12,2025-12-15,CUST-1138,Rahul Verma,Corporate,East,Baltimore,Office Supplies,Binders & Organizers,Heavy Duty Ring Binders 6-Pack,3,29,0.2,69.6,18.23,26.19,Second Class,UPI / Instant Transfer,5
ORD-20241417,2025-12-13,2025-12-15,CUST-1008,Rahul Reddy,Home Office,East,Pittsburgh,Furniture,Storage,Steel Storage Credenza,2,279,0.0,558.0,99.8,17.89,First Class,Credit Card,5
ORD-20240985,2025-12-13,2025-12-16,CUST-1071,Daniel Deshmukh,Corporate,North,Minneapolis,Technology,Smart Watches,Garmin Venu 3,2,449,0.05,853.1,151.55,17.76,Standard Class,Net Banking,4
ORD-20240696,2025-12-14,2025-12-15,CUST-1163,Priya Patel,Corporate,Central,Kansas City,Furniture,Storage,Modular Wooden Bookshelf,1,189,0.15,160.65,2.25,1.4,First Class,UPI / Instant Transfer,3
ORD-20241502,2025-12-14,2025-12-16,CUST-1008,Rahul Reddy,Home Office,Central,Columbus,Furniture,Chairs,Gaming Bucket Chair,3,199,0.05,567.15,51.29,9.04,Standard Class,UPI / Instant Transfer,4
ORD-20241337,2025-12-14,2025-12-16,CUST-1092,Kavita Williams,Corporate,West,Phoenix,Office Supplies,Stationery,Parker Fountain Pen Set,12,65,0.0,780.0,308.06,39.49,Second Class,Debit Card,5
ORD-20240341,2025-12-14,2025-12-17,CUST-1109,Emily Reddy,Consumer,South,Miami,Furniture,Desks,Motorized Standing Desk 60x30,1,549,0.2,439.2,14.52,3.31,Standard Class,Credit Card,5
ORD-20240346,2025-12-14,2025-12-17,CUST-1014,Arjun Sharma,Consumer,South,Houston,Office Supplies,Paper & Notebooks,Moleskine Executive Journal,3,24,0.05,68.4,20.16,29.47,Standard Class,Credit Card,5
ORD-20240858,2025-12-14,2025-12-19,CUST-1127,Rohan Reddy,Corporate,North,Boston,Office Supplies,Paper & Notebooks,Moleskine Executive Journal,5,24,0.0,120.0,46.25,38.54,Standard Class,UPI / Instant Transfer,4
ORD-20240505,2025-12-14,2025-12-18,CUST-1116,Neha Williams,Home Office,West,San Francisco,Technology,Phones,OnePlus 12,5,649,0.0,3245.0,991.77,30.56,Standard Class,Credit Card,4
ORD-20240644,2025-12-16,2025-12-18,CUST-1036,Arjun Patel,Corporate,Central,St. Louis,Furniture,Desks,Minimalist Solid Wood Desk,8,419,0.1,3016.8,79.32,2.63,Standard Class,Credit Card,4
ORD-20240894,2025-12-17,2025-12-20,CUST-1122,Arjun Jones,Home Office,West,Seattle,Furniture,Chairs,Gaming Bucket Chair,1,199,0.0,199.0,45.88,23.06,Standard Class,Credit Card,4
ORD-20241477,2025-12-17,2025-12-21,CUST-1005,Rohan Taylor,Consumer,North,New York,Furniture,Lighting,Ambient Floor Standing Lamp,1,119,0.0,119.0,28.62,24.05,Standard Class,Credit Card,5
ORD-20241462,2025-12-18,2025-12-22,CUST-1248,James Jones,Home Office,East,Pittsburgh,Technology,Phones,Samsung Galaxy S24,3,849,0.05,2419.65,632.2,26.13,Standard Class,Credit Card,4
ORD-20240256,2025-12-18,2025-12-21,CUST-1134,James Iyer,Consumer,West,Los Angeles,Furniture,Desks,Motorized Standing Desk 60x30,2,549,0.05,1043.1,83.81,8.03,Second Class,Credit Card,5
ORD-20241457,2025-12-18,2025-12-23,CUST-1105,Pooja Mehta,Home Office,West,San Francisco,Technology,Phones,Apple iPhone 15 Pro,1,999,0.0,999.0,333.99,33.43,Standard Class,Credit Card,3
ORD-20240571,2025-12-18,2025-12-21,CUST-1208,Neha Miller,Corporate,North,Minneapolis,Technology,Smart Watches,Samsung Galaxy Watch 6,7,299,0.0,2093.0,438.59,20.96,Standard Class,Credit Card,4
ORD-20240361,2025-12-18,2025-12-22,CUST-1094,Daniel Jones,Corporate,West,Seattle,Furniture,Desks,Minimalist Solid Wood Desk,1,419,0.0,419.0,118.17,28.2,Standard Class,UPI / Instant Transfer,5
ORD-20241195,2025-12-19,2025-12-20,CUST-1226,Priya Williams,Consumer,East,Richmond,Technology,Smart Watches,Apple Watch Series 9,1,399,0.0,399.0,102.08,25.58,Second Class,Cash on Delivery,4
ORD-20240141,2025-12-19,2025-12-22,CUST-1121,Jessica Deshmukh,Corporate,Central,Indianapolis,Technology,Phones,OnePlus 12,2,649,0.2,1038.4,172.85,16.65,First Class,Debit Card,4
ORD-20241226,2025-12-19,2025-12-22,CUST-1017,Vikram Chopra,Consumer,North,Boston,Office Supplies,Binders & Organizers,Desktop Acrylic Organizer,1,34,0.2,27.2,2.34,8.6,Second Class,UPI / Instant Transfer,3
ORD-20240085,2025-12-20,2025-12-24,CUST-1190,Rohan Gupta,Consumer,Central,Kansas City,Office Supplies,Packaging Supplies,Heavy Duty Packing Tape 6-Pack,1,21,0.0,21.0,5.46,26.0,Standard Class,UPI / Instant Transfer,5
ORD-20241475,2025-12-21,2025-12-24,CUST-1065,Aarav Singh,Consumer,West,Los Angeles,Technology,Phones,Apple iPhone 15 Pro,1,999,0.3,699.3,-70.48,-10.08,First Class,Credit Card,4
ORD-20240140,2025-12-21,2025-12-25,CUST-1177,Arjun Iyer,Corporate,North,Boston,Furniture,Desks,Motorized Standing Desk 60x30,5,549,0.05,2607.75,197.67,7.58,Standard Class,Credit Card,5
ORD-20241060,2025-12-21,2025-12-23,CUST-1155,Michael Mehta,Home Office,North,Chicago,Technology,Smart Watches,Samsung Galaxy Watch 6,1,299,0.05,284.05,87.55,30.82,Standard Class,Credit Card,5
ORD-20241592,2025-12-21,2025-12-24,CUST-1098,Alex Wilson,Consumer,Central,Nashville,Technology,Phones,Google Pixel 8,4,699,0.05,2656.2,517.71,19.49,Same Day,Debit Card,4
ORD-20240228,2025-12-22,2025-12-25,CUST-1011,Rahul Wilson,Consumer,South,Miami,Technology,Phones,Samsung Galaxy S24,5,849,0.0,4245.0,1454.58,34.27,Standard Class,Credit Card,5
ORD-20241574,2025-12-22,2025-12-24,CUST-1034,Ananya Johnson,Home Office,West,Phoenix,Office Supplies,Paper & Notebooks,Premium Copy Paper 5-Pack,3,39,0.05,111.15,38.23,34.39,Same Day,Debit Card,5
ORD-20241549,2025-12-24,2025-12-25,CUST-1192,Sarah Taylor,Home Office,South,Houston,Furniture,Lighting,Architect LED Desk Lamp,3,79,0.0,237.0,42.39,17.89,Second Class,Credit Card,4
ORD-20240161,2025-12-25,2025-12-27,CUST-1056,Vikram Davis,Home Office,Central,Columbus,Furniture,Chairs,Gaming Bucket Chair,2,199,0.0,398.0,81.27,20.42,Standard Class,UPI / Instant Transfer,5
ORD-20240082,2025-12-25,2025-12-28,CUST-1113,Sarah Brown,Home Office,Central,Nashville,Office Supplies,Stationery,Pilot G2 Gel Pens Bulk Pack,1,22,0.0,22.0,8.1,36.82,Same Day,Cash on Delivery,5
ORD-20240392,2025-12-26,2025-12-27,CUST-1158,David Gupta,Corporate,East,Richmond,Technology,Phones,Google Pixel 8,1,699,0.05,664.05,199.09,29.98,Standard Class,Credit Card,5
ORD-20240023,2025-12-26,2025-12-29,CUST-1071,Daniel Deshmukh,Corporate,North,New York,Office Supplies,Binders & Organizers,Cable Management Tray Kit,10,25,0.0,250.0,111.89,44.76,Standard Class,Credit Card,5
ORD-20241517,2025-12-27,2026-01-01,CUST-1024,Priya Williams,Consumer,East,Richmond,Furniture,Lighting,Architect LED Desk Lamp,1,79,0.2,63.2,0.27,0.43,Standard Class,Net Banking,5
ORD-20240342,2025-12-27,2025-12-30,CUST-1002,Arjun Reddy,Home Office,Central,Nashville,Technology,Phones,OnePlus 12,2,649,0.1,1168.2,262.99,22.51,First Class,Cash on Delivery,5
ORD-20240108,2025-12-27,2025-12-28,CUST-1139,Alex Wilson,Consumer,East,Baltimore,Technology,Laptops,Lenovo ThinkPad X1,2,1299,0.0,2598.0,830.98,31.99,Standard Class,Cash on Delivery,5
ORD-20240075,2025-12-27,2025-12-30,CUST-1075,Vikram Johnson,Corporate,North,Detroit,Technology,Accessories,Logitech MX Master 3S Mouse,8,99,0.0,792.0,176.88,22.33,Standard Class,Debit Card,5
ORD-20241705,2025-12-27,2025-12-28,CUST-1091,Sophia Chopra,Consumer,Central,Indianapolis,Furniture,Desks,Minimalist Solid Wood Desk,3,419,0.15,1068.45,174.42,16.32,Standard Class,UPI / Instant Transfer,5
ORD-20240799,2025-12-29,2026-01-02,CUST-1202,Ananya Deshmukh,Consumer,North,Chicago,Office Supplies,Stationery,Pilot G2 Gel Pens Bulk Pack,1,22,0.05,20.9,5.29,25.31,Standard Class,Credit Card,2
ORD-20241650,2025-12-29,2025-12-30,CUST-1036,Arjun Patel,Corporate,West,Phoenix,Furniture,Lighting,Ambient Floor Standing Lamp,9,119,0.05,1017.45,210.35,20.67,Standard Class,Credit Card,5
ORD-20240325,2025-12-30,2026-01-02,CUST-1112,Priya Brown,Consumer,East,Baltimore,Technology,Accessories,Anker 100W Fast Charger,2,59,0.0,118.0,35.89,30.42,First Class,Credit Card,5
ORD-20241224,2025-12-31,2026-01-03,CUST-1180,Arjun Davis,Consumer,North,New York,Technology,Laptops,Dell XPS 13,3,1099,0.2,2637.6,216.23,8.2,Standard Class,UPI / Instant Transfer,5
ORD-20240694,2025-12-31,2026-01-05,CUST-1036,Arjun Patel,Corporate,West,Seattle,Technology,Laptops,MacBook Air M2,2,1199,0.0,2398.0,572.6,23.88,Standard Class,Credit Card,5
ORD-20240624,2026-01-01,2026-01-05,CUST-1161,Aarav Jones,Consumer,Central,Nashville,Technology,Accessories,Keychron K2 Mechanical Keyboard,1,89,0.15,75.65,8.26,10.92,Second Class,UPI / Instant Transfer,4
ORD-20240625,2026-01-01,2026-01-04,CUST-1189,Aarav Singh,Corporate,South,Atlanta,Furniture,Desks,L-Shaped Corner Workstation,2,329,0.05,625.1,115.7,18.51,Standard Class,Credit Card,5
ORD-20240770,2026-01-01,2026-01-03,CUST-1193,Sophia Gupta,Home Office,West,Phoenix,Office Supplies,Packaging Supplies,Bubble Cushion Wrap Roll,1,28,0.0,28.0,12.48,44.57,Second Class,Credit Card,5
ORD-20240898,2026-01-02,2026-01-06,CUST-1036,Arjun Patel,Corporate,East,Baltimore,Furniture,Chairs,Gaming Bucket Chair,1,199,0.1,179.1,19.17,10.7,Standard Class,Net Banking,3
ORD-20240375,2026-01-02,2026-01-05,CUST-1100,Pooja Sharma,Consumer,West,San Francisco,Furniture,Chairs,Gaming Bucket Chair,2,199,0.05,378.1,42.19,11.16,Standard Class,Cash on Delivery,4
ORD-20240296,2026-01-03,2026-01-06,CUST-1184,Neha Sharma,Home Office,West,Los Angeles,Technology,Laptops,MacBook Air M2,1,1199,0.15,1019.15,66.35,6.51,Second Class,Credit Card,5
ORD-20240854,2026-01-03,2026-01-06,CUST-1227,Alex Chopra,Home Office,North,Minneapolis,Office Supplies,Packaging Supplies,Heavy Duty Packing Tape 6-Pack,1,21,0.0,21.0,8.62,41.05,First Class,UPI / Instant Transfer,4
ORD-20240559,2026-01-04,2026-01-08,CUST-1025,Rohan Wilson,Consumer,Central,St. Louis,Furniture,Chairs,Gaming Bucket Chair,1,199,0.0,199.0,56.95,28.62,Standard Class,Debit Card,4
ORD-20241606,2026-01-04,2026-01-06,CUST-1107,Sophia Gupta,Consumer,East,Philadelphia,Furniture,Lighting,Architect LED Desk Lamp,2,79,0.0,158.0,42.6,26.96,Second Class,Credit Card,5
ORD-20240133,2026-01-04,2026-01-07,CUST-1175,Priya Singh,Corporate,South,Atlanta,Office Supplies,Stationery,Pilot G2 Gel Pens Bulk Pack,10,22,0.05,209.0,79.22,37.9,First Class,Credit Card,2
ORD-20240239,2026-01-04,2026-01-06,CUST-1206,Arjun Deshmukh,Consumer,East,Philadelphia,Technology,Laptops,Dell XPS 13,3,1099,0.15,2802.45,233.76,8.34,First Class,Credit Card,2
ORD-20240137,2026-01-05,2026-01-07,CUST-1189,Aarav Singh,Corporate,East,Baltimore,Office Supplies,Stationery,Parker Fountain Pen Set,9,65,0.15,497.25,115.21,23.17,Standard Class,Cash on Delivery,5
ORD-20241573,2026-01-06,2026-01-10,CUST-1233,Michael Anderson,Corporate,East,Richmond,Furniture,Lighting,Ambient Floor Standing Lamp,1,119,0.25,89.25,-4.6,-5.15,Standard Class,Net Banking,4
ORD-20240731,2026-01-06,2026-01-08,CUST-1122,Arjun Jones,Home Office,North,Chicago,Office Supplies,Packaging Supplies,Bubble Cushion Wrap Roll,3,28,0.0,84.0,34.04,40.52,Second Class,Credit Card,5
ORD-20241613,2026-01-07,2026-01-11,CUST-1069,Ananya Jones,Consumer,East,Washington D.C.,Furniture,Desks,L-Shaped Corner Workstation,1,329,0.05,312.55,31.48,10.07,Second Class,Debit Card,5
ORD-20240501,2026-01-07,2026-01-09,CUST-1092,Kavita Williams,Corporate,East,Washington D.C.,Furniture,Desks,Motorized Standing Desk 60x30,2,549,0.0,1098.0,161.08,14.67,Second Class,Debit Card,5
ORD-20240708,2026-01-08,2026-01-10,CUST-1109,Emily Reddy,Consumer,South,Austin,Technology,Accessories,Keychron K2 Mechanical Keyboard,2,89,0.25,133.5,12.42,9.3,Standard Class,Cash on Delivery,3
ORD-20241056,2026-01-08,2026-01-11,CUST-1244,Aarav Iyer,Consumer,North,Detroit,Office Supplies,Packaging Supplies,Bubble Cushion Wrap Roll,1,28,0.1,25.2,7.7,30.56,Standard Class,Credit Card,5
ORD-20240766,2026-01-09,2026-01-11,CUST-1091,Sophia Chopra,Consumer,North,New York,Furniture,Lighting,Architect LED Desk Lamp,1,79,0.05,75.05,17.56,23.4,First Class,Credit Card,5
ORD-20241077,2026-01-09,2026-01-12,CUST-1041,Sophia Reddy,Consumer,North,New York,Furniture,Desks,Motorized Standing Desk 60x30,1,549,0.0,549.0,68.97,12.56,Standard Class,Credit Card,5
ORD-20240184,2026-01-09,2026-01-12,CUST-1082,Neha Reddy,Corporate,North,Boston,Technology,Phones,Apple iPhone 15 Pro,5,999,0.2,3996.0,194.44,4.87,First Class,Credit Card,5
ORD-20241757,2026-01-10,2026-01-13,CUST-1147,Olivia Patel,Corporate,North,Minneapolis,Furniture,Chairs,Ergonomic Mesh Office Chair,1,249,0.2,199.2,11.48,5.76,Second Class,UPI / Instant Transfer,4
ORD-20240609,2026-01-10,2026-01-13,CUST-1246,Jessica Taylor,Home Office,West,Seattle,Furniture,Desks,Minimalist Solid Wood Desk,1,419,0.1,377.1,77.3,20.5,Standard Class,Cash on Delivery,5
ORD-20241277,2026-01-11,2026-01-16,CUST-1014,Arjun Sharma,Consumer,Central,St. Louis,Furniture,Chairs,Executive Leather Recliner,2,399,0.15,678.3,88.25,13.01,First Class,Net Banking,2
ORD-20240168,2026-01-11,2026-01-12,CUST-1191,Sophia Verma,Consumer,East,Philadelphia,Technology,Smart Watches,Apple Watch Series 9,3,399,0.0,1197.0,280.88,23.47,Standard Class,UPI / Instant Transfer,2
ORD-20240992,2026-01-11,2026-01-15,CUST-1079,Emily Sharma,Consumer,South,Dallas,Furniture,Chairs,Gaming Bucket Chair,3,199,0.0,597.0,164.01,27.47,Standard Class,Net Banking,5
ORD-20240148,2026-01-12,2026-01-16,CUST-1009,Daniel Anderson,Corporate,West,Phoenix,Technology,Laptops,Dell XPS 13,1,1099,0.05,1044.05,218.92,20.97,Second Class,UPI / Instant Transfer,3
ORD-20240546,2026-01-12,2026-01-15,CUST-1196,Sarah Verma,Consumer,Central,Nashville,Furniture,Lighting,Ambient Floor Standing Lamp,2,119,0.1,214.2,30.27,14.13,Standard Class,Credit Card,5
ORD-20241233,2026-01-13,2026-01-17,CUST-1101,Rohan Verma,Consumer,West,Phoenix,Technology,Laptops,HP Spectre x360,2,999,0.15,1698.3,133.24,7.85,Standard Class,Credit Card,4
ORD-20241450,2026-01-13,2026-01-17,CUST-1141,Neha Verma,Home Office,South,Dallas,Technology,Phones,Google Pixel 8,3,699,0.05,1992.15,374.05,18.78,Second Class,Debit Card,4
ORD-20240756,2026-01-15,2026-01-19,CUST-1151,Olivia Verma,Home Office,West,Los Angeles,Office Supplies,Binders & Organizers,Cable Management Tray Kit,2,25,0.0,50.0,19.79,39.58,Standard Class,UPI / Instant Transfer,5
ORD-20241041,2026-01-16,2026-01-20,CUST-1167,Rohan Reddy,Consumer,South,Miami,Furniture,Lighting,Architect LED Desk Lamp,3,79,0.15,201.45,2.14,1.06,Standard Class,Credit Card,5
ORD-20241271,2026-01-16,2026-01-19,CUST-1130,Rahul Williams,Consumer,North,Chicago,Furniture,Storage,Steel Storage Credenza,3,279,0.1,753.3,71.7,9.52,Same Day,Debit Card,5
ORD-20240436,2026-01-16,2026-01-19,CUST-1127,Rohan Reddy,Corporate,South,Austin,Technology,Accessories,Logitech MX Master 3S Mouse,1,99,0.1,89.1,23.0,25.81,Standard Class,Net Banking,4
ORD-20241568,2026-01-16,2026-01-20,CUST-1153,Jessica Taylor,Consumer,North,Minneapolis,Furniture,Storage,3-Drawer Mobile Filing Cabinet,1,149,0.1,134.1,21.5,16.03,Standard Class,Credit Card,5
ORD-20241004,2026-01-17,2026-01-21,CUST-1153,Jessica Taylor,Consumer,West,Phoenix,Technology,Accessories,Anker 100W Fast Charger,2,59,0.25,88.5,11.32,12.79,Standard Class,UPI / Instant Transfer,3
ORD-20240862,2026-01-18,2026-01-21,CUST-1024,Priya Williams,Consumer,East,Baltimore,Office Supplies,Paper & Notebooks,Premium Copy Paper 5-Pack,2,39,0.2,62.4,9.21,14.76,First Class,Credit Card,4
ORD-20240050,2026-01-19,2026-01-21,CUST-1233,Michael Anderson,Corporate,East,Baltimore,Office Supplies,Packaging Supplies,Bubble Cushion Wrap Roll,8,28,0.05,212.8,48.68,22.88,Standard Class,Credit Card,4
ORD-20240805,2026-01-20,2026-01-21,CUST-1248,James Jones,Home Office,West,Seattle,Technology,Phones,Apple iPhone 15 Pro,2,999,0.05,1898.1,552.0,29.08,Standard Class,Debit Card,5
ORD-20240738,2026-01-20,2026-01-24,CUST-1058,Neha Singh,Consumer,North,Chicago,Furniture,Lighting,Ambient Floor Standing Lamp,8,119,0.1,856.8,45.0,5.25,Standard Class,UPI / Instant Transfer,1
ORD-20241117,2026-01-20,2026-01-22,CUST-1154,Alex Davis,Consumer,South,Dallas,Technology,Smart Watches,Garmin Venu 3,1,449,0.0,449.0,93.43,20.81,First Class,Net Banking,5
ORD-20240941,2026-01-21,2026-01-23,CUST-1197,Sarah Chopra,Corporate,Central,Nashville,Technology,Laptops,MacBook Air M2,2,1199,0.1,2158.2,463.04,21.45,Standard Class,Credit Card,5
ORD-20241062,2026-01-22,2026-01-23,CUST-1024,Priya Williams,Consumer,Central,Kansas City,Office Supplies,Stationery,Sharpie Highlighters Box,3,16,0.0,48.0,12.74,26.54,First Class,UPI / Instant Transfer,4
ORD-20241107,2026-01-23,2026-01-27,CUST-1228,Arjun Verma,Consumer,East,Richmond,Office Supplies,Paper & Notebooks,Premium Copy Paper 5-Pack,10,39,0.05,370.5,152.82,41.25,First Class,UPI / Instant Transfer,5
ORD-20240633,2026-01-23,2026-01-25,CUST-1023,James Wilson,Consumer,South,Atlanta,Office Supplies,Binders & Organizers,Cable Management Tray Kit,2,25,0.1,45.0,16.65,37.0,Standard Class,Credit Card,2
ORD-20240568,2026-01-24,2026-01-27,CUST-1192,Sarah Taylor,Home Office,South,Houston,Technology,Laptops,MacBook Air M2,1,1199,0.25,899.25,40.86,4.54,Standard Class,UPI / Instant Transfer,5
ORD-20240350,2026-01-24,2026-01-27,CUST-1236,Kavita Brown,Corporate,North,Minneapolis,Furniture,Storage,Modular Wooden Bookshelf,5,189,0.1,850.5,155.91,18.33,First Class,Net Banking,3
ORD-20241334,2026-01-25,2026-01-27,CUST-1095,Priya Reddy,Corporate,North,New York,Furniture,Chairs,Gaming Bucket Chair,1,199,0.05,189.05,33.64,17.79,Second Class,Debit Card,5
ORD-20241406,2026-01-26,2026-01-27,CUST-1202,Ananya Deshmukh,Consumer,Central,Nashville,Office Supplies,Packaging Supplies,Heavy Duty Packing Tape 6-Pack,2,21,0.3,29.4,2.49,8.47,Same Day,Credit Card,4
ORD-20241437,2026-01-26,2026-01-29,CUST-1236,Kavita Brown,Corporate,East,Baltimore,Technology,Phones,Samsung Galaxy S24,3,849,0.05,2419.65,452.21,18.69,Standard Class,Credit Card,4
ORD-20240306,2026-01-27,2026-01-30,CUST-1058,Neha Singh,Consumer,Central,Columbus,Technology,Accessories,Sony WH-1000XM5 Headphones,5,349,0.0,1745.0,360.33,20.65,Standard Class,Debit Card,2
ORD-20241403,2026-01-28,2026-02-01,CUST-1171,Olivia Davis,Corporate,Central,Indianapolis,Technology,Phones,Apple iPhone 15 Pro,10,999,0.2,7992.0,615.89,7.71,Standard Class,UPI / Instant Transfer,4
ORD-20240218,2026-01-28,2026-01-31,CUST-1012,Jessica Reddy,Home Office,North,Chicago,Technology,Smart Watches,Samsung Galaxy Watch 6,1,299,0.0,299.0,62.89,21.03,Second Class,Net Banking,3
ORD-20241749,2026-01-29,2026-01-31,CUST-1152,Olivia Patel,Consumer,North,Chicago,Technology,Phones,OnePlus 12,3,649,0.05,1849.65,426.74,23.07,Standard Class,UPI / Instant Transfer,4
ORD-20241009,2026-01-29,2026-02-01,CUST-1155,Michael Mehta,Home Office,West,Phoenix,Furniture,Lighting,Ambient Floor Standing Lamp,3,119,0.25,267.75,10.67,3.99,Second Class,UPI / Instant Transfer,5
ORD-20240824,2026-01-29,2026-02-01,CUST-1072,Daniel Singh,Consumer,West,Los Angeles,Office Supplies,Stationery,Pilot G2 Gel Pens Bulk Pack,1,22,0.0,22.0,7.4,33.64,Second Class,UPI / Instant Transfer,1
ORD-20240316,2026-01-29,2026-02-02,CUST-1166,Vikram Johnson,Corporate,North,Chicago,Technology,Smart Watches,Garmin Venu 3,1,449,0.0,449.0,103.66,23.09,Standard Class,Credit Card,5
ORD-20241016,2026-01-30,2026-02-03,CUST-1215,Rohan Mehta,Corporate,West,Los Angeles,Technology,Accessories,Keychron K2 Mechanical Keyboard,2,89,0.15,151.3,17.06,11.28,Standard Class,Credit Card,5
ORD-20240619,2026-01-30,2026-02-01,CUST-1089,Daniel Anderson,Home Office,North,Boston,Office Supplies,Stationery,Sharpie Highlighters Box,1,16,0.1,14.4,2.76,19.17,Standard Class,Credit Card,4
ORD-20240779,2026-01-30,2026-02-02,CUST-1011,Rahul Wilson,Consumer,Central,Indianapolis,Technology,Smart Watches,Apple Watch Series 9,1,399,0.05,379.05,99.18,26.17,Second Class,UPI / Instant Transfer,4
ORD-20241785,2026-01-31,2026-02-03,CUST-1029,Neha Reddy,Corporate,West,Los Angeles,Office Supplies,Stationery,Sharpie Highlighters Box,10,16,0.15,136.0,33.45,24.6,First Class,Debit Card,5
ORD-20241023,2026-01-31,2026-02-03,CUST-1061,Rohan Williams,Consumer,West,Phoenix,Technology,Smart Watches,Garmin Venu 3,5,449,0.0,2245.0,652.48,29.06,Standard Class,Credit Card,5
ORD-20241084,2026-02-01,2026-02-03,CUST-1197,Sarah Chopra,Corporate,Central,St. Louis,Furniture,Desks,L-Shaped Corner Workstation,11,329,0.05,3438.05,841.89,24.49,Same Day,Credit Card,3
ORD-20240294,2026-02-02,2026-02-05,CUST-1027,Sarah Taylor,Consumer,West,Denver,Technology,Phones,Apple iPhone 15 Pro,3,999,0.25,2247.75,13.09,0.58,Standard Class,Net Banking,3
ORD-20240044,2026-02-03,2026-02-04,CUST-1026,Kavita Anderson,Corporate,North,Detroit,Technology,Accessories,Sony WH-1000XM5 Headphones,7,349,0.0,2443.0,697.22,28.54,Standard Class,Net Banking,5
ORD-20240368,2026-02-04,2026-02-07,CUST-1248,James Jones,Home Office,West,Denver,Technology,Laptops,MacBook Air M2,1,1199,0.0,1199.0,374.39,31.23,Standard Class,Debit Card,4
ORD-20240302,2026-02-05,2026-02-08,CUST-1216,Sarah Davis,Consumer,Central,St. Louis,Office Supplies,Stationery,Parker Fountain Pen Set,1,65,0.1,58.5,13.82,23.62,Second Class,Credit Card,3
ORD-20240369,2026-02-06,2026-02-07,CUST-1043,Pooja Verma,Consumer,West,Los Angeles,Technology,Phones,OnePlus 12,2,649,0.0,1298.0,377.0,29.04,Standard Class,UPI / Instant Transfer,4
ORD-20241777,2026-02-07,2026-02-09,CUST-1244,Aarav Iyer,Consumer,West,Los Angeles,Office Supplies,Packaging Supplies,Bubble Cushion Wrap Roll,3,28,0.3,58.8,-1.94,-3.3,First Class,Debit Card,5
ORD-20240305,2026-02-07,2026-02-11,CUST-1074,Olivia Chopra,Corporate,East,Washington D.C.,Technology,Accessories,Logitech MX Master 3S Mouse,3,99,0.15,252.45,54.83,21.72,Standard Class,UPI / Instant Transfer,3
ORD-20241265,2026-02-07,2026-02-08,CUST-1112,Priya Brown,Consumer,South,Houston,Office Supplies,Stationery,Sharpie Highlighters Box,3,16,0.0,48.0,20.23,42.15,Standard Class,Credit Card,3
ORD-20240003,2026-02-07,2026-02-11,CUST-1227,Alex Chopra,Home Office,North,Detroit,Technology,Laptops,HP Spectre x360,1,999,0.0,999.0,222.53,22.28,Standard Class,Credit Card,5
ORD-20241191,2026-02-07,2026-02-08,CUST-1103,Neha Smith,Consumer,Central,Kansas City,Office Supplies,Packaging Supplies,Heavy Duty Packing Tape 6-Pack,2,21,0.05,39.9,16.05,40.23,Standard Class,UPI / Instant Transfer,5
ORD-20241367,2026-02-07,2026-02-10,CUST-1130,Rahul Williams,Consumer,West,Seattle,Furniture,Chairs,Gaming Bucket Chair,5,199,0.15,845.75,9.75,1.15,Standard Class,Debit Card,4
ORD-20241120,2026-02-08,2026-02-09,CUST-1066,Sophia Mehta,Corporate,North,Minneapolis,Technology,Phones,Google Pixel 8,1,699,0.3,489.3,33.63,6.87,First Class,UPI / Instant Transfer,5
ORD-20241589,2026-02-08,2026-02-11,CUST-1047,Michael Chopra,Consumer,South,Houston,Office Supplies,Stationery,Parker Fountain Pen Set,2,65,0.1,117.0,28.33,24.21,Second Class,UPI / Instant Transfer,5
ORD-20241413,2026-02-08,2026-02-12,CUST-1178,Olivia Chopra,Consumer,West,Los Angeles,Furniture,Desks,Motorized Standing Desk 60x30,4,549,0.05,2086.2,394.64,18.92,Standard Class,UPI / Instant Transfer,5
ORD-20240659,2026-02-09,2026-02-12,CUST-1222,Priya Anderson,Corporate,Central,Nashville,Technology,Smart Watches,Samsung Galaxy Watch 6,2,299,0.1,538.2,140.42,26.09,Standard Class,UPI / Instant Transfer,4
ORD-20241656,2026-02-10,2026-02-12,CUST-1231,Rahul Johnson,Corporate,East,Washington D.C.,Furniture,Storage,3-Drawer Mobile Filing Cabinet,3,149,0.0,447.0,88.29,19.75,Standard Class,Credit Card,4
ORD-20241604,2026-02-10,2026-02-14,CUST-1011,Rahul Wilson,Consumer,West,San Francisco,Office Supplies,Packaging Supplies,Bubble Cushion Wrap Roll,1,28,0.05,26.6,9.0,33.83,Standard Class,UPI / Instant Transfer,5
ORD-20240861,2026-02-10,2026-02-13,CUST-1218,Michael Sharma,Corporate,West,Denver,Office Supplies,Paper & Notebooks,Spiral Dot Grid Notebook Pack,2,19,0.1,34.2,5.88,17.19,Standard Class,Credit Card,5
ORD-20241799,2026-02-10,2026-02-13,CUST-1039,Ananya Jones,Corporate,South,Dallas,Office Supplies,Packaging Supplies,Bubble Cushion Wrap Roll,12,28,0.1,302.4,54.09,17.89,Second Class,Cash on Delivery,5
ORD-20241769,2026-02-11,2026-02-16,CUST-1029,Neha Reddy,Corporate,South,Miami,Office Supplies,Packaging Supplies,Bubble Cushion Wrap Roll,3,28,0.0,84.0,34.5,41.07,Standard Class,UPI / Instant Transfer,4
ORD-20240520,2026-02-11,2026-02-16,CUST-1147,Olivia Patel,Corporate,South,Austin,Office Supplies,Packaging Supplies,Heavy Duty Packing Tape 6-Pack,3,21,0.0,63.0,21.41,33.98,Standard Class,Credit Card,5
ORD-20240888,2026-02-12,2026-02-16,CUST-1033,James Johnson,Consumer,West,Los Angeles,Furniture,Lighting,Architect LED Desk Lamp,1,79,0.0,79.0,9.68,12.25,Standard Class,Credit Card,5
ORD-20241234,2026-02-12,2026-02-15,CUST-1062,David Anderson,Consumer,Central,Nashville,Furniture,Lighting,Architect LED Desk Lamp,1,79,0.0,79.0,22.76,28.81,Standard Class,UPI / Instant Transfer,5
ORD-20241478,2026-02-12,2026-02-13,CUST-1030,Kavita Patel,Consumer,North,Detroit,Office Supplies,Packaging Supplies,Heavy Duty Packing Tape 6-Pack,1,21,0.0,21.0,9.37,44.62,First Class,UPI / Instant Transfer,4
ORD-20240954,2026-02-12,2026-02-16,CUST-1108,Alex Taylor,Corporate,West,Seattle,Technology,Smart Watches,Apple Watch Series 9,4,399,0.0,1596.0,463.3,29.03,Standard Class,Credit Card,5
ORD-20240374,2026-02-12,2026-02-15,CUST-1003,Pooja Gupta,Corporate,West,Seattle,Office Supplies,Stationery,Parker Fountain Pen Set,2,65,0.2,104.0,21.14,20.33,Standard Class,Net Banking,5
ORD-20240252,2026-02-13,2026-02-16,CUST-1142,Alex Miller,Consumer,North,Detroit,Office Supplies,Packaging Supplies,Heavy Duty Packing Tape 6-Pack,2,21,0.0,42.0,16.39,39.02,First Class,UPI / Instant Transfer,5
ORD-20240680,2026-02-14,2026-02-17,CUST-1209,Pooja Chopra,Consumer,West,Seattle,Technology,Accessories,Logitech MX Master 3S Mouse,1,99,0.2,79.2,8.65,10.92,First Class,Credit Card,5
ORD-20241382,2026-02-16,2026-02-19,CUST-1187,James Wilson,Corporate,West,Los Angeles,Office Supplies,Binders & Organizers,Heavy Duty Ring Binders 6-Pack,2,29,0.0,58.0,15.06,25.97,Standard Class,Credit Card,5
ORD-20240384,2026-02-16,2026-02-19,CUST-1016,Michael Mehta,Consumer,East,Washington D.C.,Office Supplies,Paper & Notebooks,Moleskine Executive Journal,2,24,0.0,48.0,16.24,33.83,First Class,Credit Card,4
ORD-20241189,2026-02-17,2026-02-18,CUST-1073,Kavita Davis,Consumer,East,Richmond,Office Supplies,Paper & Notebooks,Spiral Dot Grid Notebook Pack,1,19,0.1,17.1,6.15,35.96,Same Day,Credit Card,5
ORD-20240198,2026-02-18,2026-02-22,CUST-1101,Rohan Verma,Consumer,West,San Francisco,Office Supplies,Binders & Organizers,Cable Management Tray Kit,1,25,0.05,23.75,6.83,28.76,Standard Class,Credit Card,3
ORD-20240780,2026-02-18,2026-02-20,CUST-1185,Michael Gupta,Consumer,South,Atlanta,Technology,Laptops,HP Spectre x360,2,999,0.0,1998.0,436.44,21.84,Standard Class,Credit Card,3
ORD-20241272,2026-02-19,2026-02-23,CUST-1024,Priya Williams,Consumer,Central,Columbus,Furniture,Lighting,Architect LED Desk Lamp,1,79,0.0,79.0,10.14,12.84,Same Day,UPI / Instant Transfer,5
ORD-20241085,2026-02-20,2026-02-23,CUST-1017,Vikram Chopra,Consumer,East,Pittsburgh,Office Supplies,Paper & Notebooks,Spiral Dot Grid Notebook Pack,1,19,0.0,19.0,6.81,35.84,Standard Class,Credit Card,5
ORD-20241351,2026-02-20,2026-02-22,CUST-1160,Michael Patel,Corporate,North,Boston,Furniture,Lighting,Architect LED Desk Lamp,2,79,0.0,158.0,46.01,29.12,First Class,Debit Card,4
ORD-20240919,2026-02-21,2026-02-24,CUST-1030,Kavita Patel,Consumer,North,Detroit,Technology,Accessories,Keychron K2 Mechanical Keyboard,2,89,0.0,178.0,36.53,20.52,Standard Class,Credit Card,5
ORD-20240478,2026-02-21,2026-02-25,CUST-1145,Daniel Patel,Consumer,South,Atlanta,Office Supplies,Stationery,Pilot G2 Gel Pens Bulk Pack,1,22,0.1,19.8,7.37,37.22,Standard Class,UPI / Instant Transfer,5
ORD-20241684,2026-02-21,2026-02-23,CUST-1027,Sarah Taylor,Consumer,South,Dallas,Technology,Smart Watches,Samsung Galaxy Watch 6,3,299,0.0,897.0,238.93,26.64,Standard Class,UPI / Instant Transfer,5
ORD-20240073,2026-02-21,2026-02-23,CUST-1084,Rohan Miller,Consumer,North,New York,Furniture,Lighting,Architect LED Desk Lamp,1,79,0.05,75.05,16.48,21.96,Second Class,Credit Card,5
ORD-20241301,2026-02-22,2026-02-26,CUST-1080,Priya Johnson,Consumer,Central,Nashville,Office Supplies,Paper & Notebooks,Moleskine Executive Journal,8,24,0.2,153.6,15.24,9.92,Standard Class,UPI / Instant Transfer,5
ORD-20240959,2026-02-23,2026-02-26,CUST-1168,Sarah Iyer,Consumer,North,Minneapolis,Technology,Accessories,Logitech MX Master 3S Mouse,8,99,0.15,673.2,111.41,16.55,Same Day,UPI / Instant Transfer,4
ORD-20241642,2026-02-23,2026-02-27,CUST-1088,Ananya Mehta,Corporate,East,Pittsburgh,Furniture,Chairs,Ergonomic Mesh Office Chair,2,249,0.3,348.6,-52.97,-15.2,Second Class,Credit Card,5
ORD-20240389,2026-02-23,2026-02-26,CUST-1157,Pooja Mehta,Corporate,East,Baltimore,Furniture,Storage,3-Drawer Mobile Filing Cabinet,3,149,0.15,379.95,56.61,14.9,Standard Class,Net Banking,3
ORD-20241116,2026-02-23,2026-02-26,CUST-1175,Priya Singh,Corporate,Central,St. Louis,Technology,Phones,Google Pixel 8,4,699,0.1,2516.4,476.81,18.95,Second Class,Credit Card,4
ORD-20240086,2026-02-23,2026-02-26,CUST-1058,Neha Singh,Consumer,South,Dallas,Technology,Accessories,Sony WH-1000XM5 Headphones,2,349,0.05,663.1,132.06,19.92,Second Class,Debit Card,5
ORD-20240193,2026-02-23,2026-02-26,CUST-1131,Neha Deshmukh,Consumer,North,Minneapolis,Technology,Accessories,Keychron K2 Mechanical Keyboard,2,89,0.15,151.3,15.31,10.12,Standard Class,Credit Card,5
ORD-20240553,2026-02-23,2026-02-28,CUST-1083,Alex Patel,Consumer,North,New York,Office Supplies,Paper & Notebooks,Moleskine Executive Journal,3,24,0.0,72.0,21.71,30.15,Second Class,UPI / Instant Transfer,5
ORD-20240887,2026-02-24,2026-02-27,CUST-1194,Jessica Gupta,Corporate,South,Austin,Furniture,Desks,Minimalist Solid Wood Desk,2,419,0.05,796.1,124.19,15.6,Standard Class,Net Banking,5
ORD-20240522,2026-02-24,2026-02-26,CUST-1006,Jessica Verma,Consumer,North,Minneapolis,Furniture,Chairs,Gaming Bucket Chair,1,199,0.0,199.0,38.03,19.11,Standard Class,UPI / Instant Transfer,2
ORD-20240013,2026-02-24,2026-02-27,CUST-1156,Rahul Smith,Consumer,Central,Kansas City,Technology,Accessories,Sony WH-1000XM5 Headphones,2,349,0.2,558.4,44.41,7.95,First Class,UPI / Instant Transfer,3
ORD-20240265,2026-02-24,2026-02-27,CUST-1122,Arjun Jones,Home Office,South,Dallas,Office Supplies,Paper & Notebooks,Moleskine Executive Journal,1,24,0.15,20.4,5.73,28.09,Second Class,Debit Card,2
ORD-20241513,2026-02-25,2026-02-27,CUST-1057,Emily Patel,Consumer,South,Austin,Office Supplies,Paper & Notebooks,Premium Copy Paper 5-Pack,1,39,0.15,33.15,8.82,26.61,Standard Class,Debit Card,4
ORD-20241325,2026-02-26,2026-02-27,CUST-1202,Ananya Deshmukh,Consumer,Central,Kansas City,Office Supplies,Packaging Supplies,Heavy Duty Packing Tape 6-Pack,1,21,0.0,21.0,8.61,41.0,Standard Class,Credit Card,3
ORD-20241414,2026-02-26,2026-03-03,CUST-1048,Emily Williams,Corporate,North,Minneapolis,Furniture,Storage,Modular Wooden Bookshelf,4,189,0.1,680.4,60.88,8.95,First Class,Net Banking,5
ORD-20240483,2026-02-28,2026-03-03,CUST-1112,Priya Brown,Consumer,West,Los Angeles,Office Supplies,Stationery,Parker Fountain Pen Set,1,65,0.1,58.5,12.61,21.56,Second Class,UPI / Instant Transfer,5
ORD-20241503,2026-03-01,2026-03-04,CUST-1180,Arjun Davis,Consumer,East,Richmond,Office Supplies,Paper & Notebooks,Spiral Dot Grid Notebook Pack,2,19,0.2,30.4,9.48,31.18,Standard Class,Credit Card,5
ORD-20240994,2026-03-01,2026-03-04,CUST-1116,Neha Williams,Home Office,South,Atlanta,Office Supplies,Packaging Supplies,Bubble Cushion Wrap Roll,2,28,0.0,56.0,17.34,30.96,Standard Class,Net Banking,5
ORD-20240131,2026-03-02,2026-03-06,CUST-1075,Vikram Johnson,Corporate,North,Boston,Office Supplies,Paper & Notebooks,Premium Copy Paper 5-Pack,10,39,0.0,390.0,110.92,28.44,Second Class,UPI / Instant Transfer,5
ORD-20240315,2026-03-02,2026-03-05,CUST-1002,Arjun Reddy,Home Office,North,Chicago,Office Supplies,Stationery,Sharpie Highlighters Box,1,16,0.0,16.0,5.48,34.25,Second Class,Credit Card,4
ORD-20240831,2026-03-03,2026-03-05,CUST-1097,Michael Sharma,Corporate,South,Miami,Technology,Laptops,MacBook Air M2,1,1199,0.0,1199.0,364.44,30.4,Standard Class,Credit Card,4
ORD-20240825,2026-03-03,2026-03-06,CUST-1240,Jessica Williams,Consumer,East,Pittsburgh,Furniture,Desks,Motorized Standing Desk 60x30,1,549,0.0,549.0,89.73,16.34,Standard Class,Credit Card,5
ORD-20240899,2026-03-05,2026-03-08,CUST-1067,Michael Singh,Consumer,South,Miami,Office Supplies,Binders & Organizers,Cable Management Tray Kit,2,25,0.05,47.5,19.55,41.16,Second Class,Credit Card,3
ORD-20241699,2026-03-05,2026-03-08,CUST-1100,Pooja Sharma,Consumer,West,Seattle,Furniture,Storage,Steel Storage Credenza,1,279,0.05,265.05,63.26,23.87,Standard Class,UPI / Instant Transfer,5
ORD-20240195,2026-03-05,2026-03-09,CUST-1054,Alex Williams,Home Office,Central,St. Louis,Office Supplies,Packaging Supplies,Bubble Cushion Wrap Roll,2,28,0.15,47.6,7.69,16.16,Standard Class,Credit Card,4
ORD-20241220,2026-03-06,2026-03-09,CUST-1116,Neha Williams,Home Office,South,Austin,Furniture,Chairs,Ergonomic Mesh Office Chair,2,249,0.05,473.1,63.97,13.52,Standard Class,UPI / Instant Transfer,5
ORD-20241360,2026-03-07,2026-03-09,CUST-1119,Rahul Wilson,Home Office,North,Detroit,Furniture,Lighting,Architect LED Desk Lamp,1,79,0.15,67.15,1.08,1.61,Standard Class,Net Banking,3
ORD-20241798,2026-03-07,2026-03-10,CUST-1024,Priya Williams,Consumer,North,Boston,Technology,Smart Watches,Apple Watch Series 9,1,399,0.25,299.25,-11.0,-3.68,Standard Class,Credit Card,5
ORD-20240466,2026-03-08,2026-03-10,CUST-1133,David Mehta,Consumer,North,Minneapolis,Office Supplies,Paper & Notebooks,Moleskine Executive Journal,2,24,0.1,43.2,7.58,17.55,Standard Class,Cash on Delivery,5
ORD-20240111,2026-03-09,2026-03-12,CUST-1151,Olivia Verma,Home Office,South,Dallas,Furniture,Chairs,Ergonomic Mesh Office Chair,2,249,0.0,498.0,134.88,27.08,Same Day,Credit Card,2
ORD-20241781,2026-03-09,2026-03-13,CUST-1101,Rohan Verma,Consumer,West,San Francisco,Technology,Accessories,Logitech MX Master 3S Mouse,1,99,0.05,94.05,29.24,31.09,Standard Class,UPI / Instant Transfer,5
ORD-20241098,2026-03-10,2026-03-14,CUST-1125,Priya Verma,Consumer,Central,Nashville,Office Supplies,Packaging Supplies,Heavy Duty Packing Tape 6-Pack,1,21,0.0,21.0,5.93,28.24,First Class,Credit Card,4
ORD-20241384,2026-03-10,2026-03-12,CUST-1249,James Chopra,Home Office,West,Denver,Office Supplies,Paper & Notebooks,Premium Copy Paper 5-Pack,2,39,0.0,78.0,26.4,33.85,Standard Class,Debit Card,5
ORD-20240100,2026-03-10,2026-03-11,CUST-1168,Sarah Iyer,Consumer,East,Baltimore,Technology,Accessories,Anker 100W Fast Charger,4,59,0.1,212.4,27.33,12.87,Second Class,Credit Card,5
ORD-20241181,2026-03-11,2026-03-14,CUST-1249,James Chopra,Home Office,South,Austin,Office Supplies,Stationery,Parker Fountain Pen Set,2,65,0.05,123.5,51.5,41.7,Standard Class,Debit Card,5
ORD-20240856,2026-03-13,2026-03-17,CUST-1002,Arjun Reddy,Home Office,West,Seattle,Technology,Smart Watches,Apple Watch Series 9,4,399,0.2,1276.8,230.03,18.02,Second Class,Credit Card,4
ORD-20241673,2026-03-13,2026-03-16,CUST-1239,Vikram Chopra,Corporate,North,Detroit,Furniture,Desks,L-Shaped Corner Workstation,2,329,0.15,559.3,69.19,12.37,Standard Class,UPI / Instant Transfer,4
ORD-20241388,2026-03-13,2026-03-15,CUST-1152,Olivia Patel,Consumer,East,Richmond,Office Supplies,Stationery,Pilot G2 Gel Pens Bulk Pack,2,22,0.0,44.0,14.95,33.98,Standard Class,Credit Card,5
ORD-20241564,2026-03-13,2026-03-17,CUST-1093,Sarah Jones,Corporate,West,Seattle,Office Supplies,Stationery,Pilot G2 Gel Pens Bulk Pack,4,22,0.05,83.6,28.06,33.56,Second Class,Debit Card,5
ORD-20240089,2026-03-14,2026-03-17,CUST-1214,Michael Mehta,Consumer,South,Miami,Office Supplies,Packaging Supplies,Heavy Duty Packing Tape 6-Pack,3,21,0.15,53.55,12.56,23.45,Standard Class,Credit Card,5
ORD-20241640,2026-03-14,2026-03-16,CUST-1103,Neha Smith,Consumer,South,Austin,Office Supplies,Packaging Supplies,Heavy Duty Packing Tape 6-Pack,1,21,0.0,21.0,8.29,39.48,Second Class,Cash on Delivery,5
ORD-20240871,2026-03-15,2026-03-17,CUST-1164,Sophia Chopra,Corporate,East,Richmond,Furniture,Chairs,Ergonomic Mesh Office Chair,12,249,0.05,2838.6,582.78,20.53,Second Class,Debit Card,3
ORD-20240742,2026-03-15,2026-03-20,CUST-1038,Sophia Reddy,Consumer,West,Denver,Office Supplies,Stationery,Parker Fountain Pen Set,1,65,0.25,48.75,10.66,21.87,Second Class,UPI / Instant Transfer,5
ORD-20241519,2026-03-15,2026-03-19,CUST-1239,Vikram Chopra,Corporate,East,Pittsburgh,Technology,Smart Watches,Samsung Galaxy Watch 6,9,299,0.0,2691.0,647.01,24.04,Standard Class,Credit Card,3
ORD-20241355,2026-03-16,2026-03-21,CUST-1198,Pooja Singh,Home Office,Central,Nashville,Technology,Laptops,MacBook Air M2,1,1199,0.15,1019.15,72.87,7.15,First Class,Credit Card,3
ORD-20241128,2026-03-16,2026-03-20,CUST-1198,Pooja Singh,Home Office,North,Minneapolis,Technology,Laptops,MacBook Air M2,1,1199,0.05,1139.05,197.79,17.36,Same Day,Credit Card,5
ORD-20241539,2026-03-16,2026-03-19,CUST-1108,Alex Taylor,Corporate,Central,Indianapolis,Technology,Accessories,Keychron K2 Mechanical Keyboard,8,89,0.15,605.2,58.02,9.59,Second Class,Debit Card,5
ORD-20240558,2026-03-17,2026-03-18,CUST-1218,Michael Sharma,Corporate,Central,Indianapolis,Furniture,Storage,3-Drawer Mobile Filing Cabinet,1,149,0.15,126.65,5.6,4.42,Second Class,Debit Card,2
ORD-20240272,2026-03-18,2026-03-22,CUST-1096,Pooja Patel,Consumer,East,Richmond,Furniture,Lighting,Architect LED Desk Lamp,2,79,0.15,134.3,7.1,5.29,Standard Class,UPI / Instant Transfer,2
ORD-20240982,2026-03-18,2026-03-20,CUST-1031,Pooja Singh,Corporate,Central,Columbus,Office Supplies,Binders & Organizers,Heavy Duty Ring Binders 6-Pack,1,29,0.05,27.55,7.71,27.99,First Class,Credit Card,4
ORD-20241228,2026-03-19,2026-03-22,CUST-1150,Pooja Taylor,Consumer,West,Los Angeles,Office Supplies,Paper & Notebooks,Moleskine Executive Journal,1,24,0.0,24.0,7.22,30.08,Standard Class,Debit Card,5
ORD-20240109,2026-03-20,2026-03-23,CUST-1093,Sarah Jones,Corporate,Central,Nashville,Furniture,Lighting,Architect LED Desk Lamp,2,79,0.0,158.0,18.97,12.01,Standard Class,Credit Card,4
ORD-20241512,2026-03-20,2026-03-24,CUST-1081,Kavita Reddy,Home Office,West,Seattle,Furniture,Lighting,Ambient Floor Standing Lamp,2,119,0.0,238.0,52.1,21.89,Standard Class,Debit Card,2
ORD-20240261,2026-03-21,2026-03-23,CUST-1080,Priya Johnson,Consumer,Central,Columbus,Technology,Phones,Samsung Galaxy S24,1,849,0.15,721.65,63.21,8.76,First Class,Credit Card,5
ORD-20240723,2026-03-21,2026-03-22,CUST-1155,Michael Mehta,Home Office,Central,St. Louis,Furniture,Lighting,Ambient Floor Standing Lamp,2,119,0.0,238.0,42.19,17.73,Standard Class,Credit Card,5
ORD-20240280,2026-03-22,2026-03-23,CUST-1225,Olivia Davis,Consumer,East,Richmond,Office Supplies,Paper & Notebooks,Spiral Dot Grid Notebook Pack,10,19,0.1,171.0,41.66,24.36,First Class,UPI / Instant Transfer,5
ORD-20241720,2026-03-22,2026-03-25,CUST-1170,Sophia Iyer,Corporate,Central,Columbus,Technology,Accessories,Logitech MX Master 3S Mouse,3,99,0.0,297.0,97.73,32.91,Standard Class,Credit Card,5
ORD-20241214,2026-03-23,2026-03-28,CUST-1205,Jessica Reddy,Corporate,North,Detroit,Technology,Phones,Google Pixel 8,1,699,0.15,594.15,82.97,13.96,Standard Class,Credit Card,5
ORD-20241745,2026-03-23,2026-03-26,CUST-1249,James Chopra,Home Office,East,Philadelphia,Office Supplies,Paper & Notebooks,Spiral Dot Grid Notebook Pack,1,19,0.0,19.0,6.29,33.11,Second Class,Debit Card,5
ORD-20241287,2026-03-24,2026-03-29,CUST-1080,Priya Johnson,Consumer,East,Washington D.C.,Technology,Smart Watches,Apple Watch Series 9,3,399,0.0,1197.0,408.4,34.12,Standard Class,UPI / Instant Transfer,3
ORD-20240122,2026-03-24,2026-03-29,CUST-1143,Daniel Davis,Consumer,East,Washington D.C.,Technology,Smart Watches,Garmin Venu 3,1,449,0.0,449.0,109.09,24.3,Second Class,Credit Card,4
ORD-20241690,2026-03-24,2026-03-26,CUST-1234,Michael Singh,Consumer,East,Richmond,Technology,Phones,OnePlus 12,1,649,0.0,649.0,174.31,26.86,First Class,Debit Card,5
ORD-20241741,2026-03-24,2026-03-26,CUST-1140,Neha Smith,Home Office,West,San Francisco,Technology,Accessories,Anker 100W Fast Charger,1,59,0.1,53.1,11.98,22.56,Standard Class,Credit Card,5
ORD-20240459,2026-03-24,2026-03-28,CUST-1078,Olivia Smith,Consumer,West,Seattle,Technology,Phones,OnePlus 12,3,649,0.15,1654.95,371.17,22.43,First Class,Debit Card,3
ORD-20240015,2026-03-26,2026-03-31,CUST-1201,Vikram Reddy,Corporate,North,Boston,Office Supplies,Packaging Supplies,Heavy Duty Packing Tape 6-Pack,3,21,0.15,53.55,8.54,15.95,Second Class,Debit Card,5
ORD-20240125,2026-03-26,2026-03-30,CUST-1224,Michael Brown,Consumer,North,Minneapolis,Furniture,Storage,Steel Storage Credenza,3,279,0.15,711.45,38.52,5.41,Standard Class,Cash on Delivery,4
ORD-20241538,2026-03-26,2026-03-27,CUST-1016,Michael Mehta,Consumer,South,Austin,Furniture,Storage,Steel Storage Credenza,1,279,0.2,223.2,-1.71,-0.77,Standard Class,Debit Card,4
ORD-20240978,2026-03-27,2026-03-30,CUST-1166,Vikram Johnson,Corporate,West,Seattle,Office Supplies,Binders & Organizers,Cable Management Tray Kit,10,25,0.0,250.0,112.37,44.95,Standard Class,Debit Card,5
ORD-20240698,2026-03-27,2026-03-31,CUST-1171,Olivia Davis,Corporate,South,Dallas,Technology,Smart Watches,Garmin Venu 3,1,449,0.05,426.55,121.93,28.59,Second Class,Credit Card,5
ORD-20240818,2026-03-27,2026-03-31,CUST-1023,James Wilson,Consumer,West,Los Angeles,Furniture,Storage,3-Drawer Mobile Filing Cabinet,5,149,0.0,745.0,185.94,24.96,Second Class,Credit Card,5
ORD-20241353,2026-03-27,2026-03-29,CUST-1059,Vikram Deshmukh,Consumer,East,Baltimore,Office Supplies,Paper & Notebooks,Premium Copy Paper 5-Pack,1,39,0.0,39.0,13.05,33.46,Standard Class,Net Banking,4
ORD-20241240,2026-03-28,2026-03-31,CUST-1134,James Iyer,Consumer,South,Atlanta,Office Supplies,Binders & Organizers,Cable Management Tray Kit,1,25,0.05,23.75,6.83,28.76,Standard Class,Credit Card,5
ORD-20241683,2026-03-28,2026-03-31,CUST-1058,Neha Singh,Consumer,Central,Indianapolis,Furniture,Chairs,Steelcase Series 1 Task Chair,2,499,0.0,998.0,242.21,24.27,Second Class,Credit Card,3
ORD-20241646,2026-03-28,2026-03-31,CUST-1198,Pooja Singh,Home Office,South,Dallas,Furniture,Lighting,Architect LED Desk Lamp,2,79,0.0,158.0,31.0,19.62,Standard Class,Credit Card,5
ORD-20240009,2026-03-28,2026-03-31,CUST-1043,Pooja Verma,Consumer,West,San Francisco,Office Supplies,Paper & Notebooks,Premium Copy Paper 5-Pack,2,39,0.1,70.2,25.99,37.02,Second Class,UPI / Instant Transfer,5
ORD-20241211,2026-03-28,2026-03-31,CUST-1209,Pooja Chopra,Consumer,South,Houston,Technology,Smart Watches,Apple Watch Series 9,10,399,0.05,3790.5,886.04,23.38,Standard Class,UPI / Instant Transfer,5
ORD-20241328,2026-03-29,2026-03-31,CUST-1104,Rohan Davis,Consumer,North,New York,Office Supplies,Paper & Notebooks,Moleskine Executive Journal,4,24,0.0,96.0,38.51,40.11,Standard Class,UPI / Instant Transfer,2
ORD-20240437,2026-03-29,2026-04-01,CUST-1107,Sophia Gupta,Consumer,West,Los Angeles,Furniture,Storage,Steel Storage Credenza,3,279,0.0,837.0,154.58,18.47,Same Day,Net Banking,4
ORD-20240441,2026-03-29,2026-04-02,CUST-1204,Ananya Smith,Home Office,East,Philadelphia,Technology,Accessories,Sony WH-1000XM5 Headphones,1,349,0.0,349.0,94.18,26.99,Standard Class,Debit Card,5
ORD-20241001,2026-03-31,2026-04-02,CUST-1102,Pooja Patel,Corporate,South,Houston,Technology,Laptops,Dell XPS 13,4,1099,0.0,4396.0,1382.86,31.46,Standard Class,Credit Card,5
ORD-20240004,2026-03-31,2026-04-03,CUST-1136,Emily Gupta,Consumer,Central,Nashville,Furniture,Lighting,Ambient Floor Standing Lamp,3,119,0.05,339.15,31.6,9.32,Standard Class,Net Banking,4
ORD-20241526,2026-03-31,2026-04-04,CUST-1156,Rahul Smith,Consumer,West,San Francisco,Technology,Accessories,Keychron K2 Mechanical Keyboard,3,89,0.0,267.0,77.97,29.2,First Class,Credit Card,1
ORD-20240658,2026-04-01,2026-04-04,CUST-1078,Olivia Smith,Consumer,Central,Columbus,Technology,Phones,Apple iPhone 15 Pro,2,999,0.0,1998.0,584.98,29.28,Standard Class,Debit Card,5
ORD-20240475,2026-04-01,2026-04-02,CUST-1168,Sarah Iyer,Consumer,Central,Columbus,Furniture,Desks,Minimalist Solid Wood Desk,2,419,0.15,712.3,47.27,6.64,Same Day,Debit Card,4
ORD-20240565,2026-04-02,2026-04-04,CUST-1141,Neha Verma,Home Office,South,Atlanta,Office Supplies,Packaging Supplies,Bubble Cushion Wrap Roll,1,28,0.2,22.4,5.24,23.39,Standard Class,Credit Card,5
ORD-20241264,2026-04-04,2026-04-05,CUST-1019,Rohan Williams,Consumer,Central,St. Louis,Furniture,Chairs,Gaming Bucket Chair,1,199,0.0,199.0,58.84,29.57,Standard Class,Credit Card,5
ORD-20241247,2026-04-05,2026-04-10,CUST-1099,Pooja Taylor,Consumer,South,Austin,Office Supplies,Paper & Notebooks,Moleskine Executive Journal,1,24,0.1,21.6,3.7,17.13,Standard Class,Credit Card,5
ORD-20240153,2026-04-05,2026-04-08,CUST-1015,Ananya Brown,Consumer,Central,Columbus,Furniture,Desks,L-Shaped Corner Workstation,1,329,0.0,329.0,60.4,18.36,Standard Class,Net Banking,3
ORD-20240488,2026-04-06,2026-04-09,CUST-1134,James Iyer,Consumer,West,Phoenix,Technology,Laptops,MacBook Air M2,1,1199,0.0,1199.0,302.06,25.19,First Class,Credit Card,5
ORD-20241008,2026-04-06,2026-04-07,CUST-1082,Neha Reddy,Corporate,South,Austin,Office Supplies,Packaging Supplies,Heavy Duty Packing Tape 6-Pack,9,21,0.05,179.55,73.54,40.96,Standard Class,UPI / Instant Transfer,5
ORD-20240986,2026-04-06,2026-04-08,CUST-1095,Priya Reddy,Corporate,North,Minneapolis,Office Supplies,Stationery,Sharpie Highlighters Box,5,16,0.0,80.0,22.65,28.31,Standard Class,Debit Card,5
ORD-20241390,2026-04-06,2026-04-09,CUST-1147,Olivia Patel,Corporate,East,Philadelphia,Furniture,Desks,L-Shaped Corner Workstation,1,329,0.05,312.55,36.46,11.67,Second Class,UPI / Instant Transfer,4
ORD-20240792,2026-04-07,2026-04-08,CUST-1026,Kavita Anderson,Corporate,West,Denver,Technology,Phones,Apple iPhone 15 Pro,3,999,0.0,2997.0,702.74,23.45,Second Class,UPI / Instant Transfer,5
ORD-20241075,2026-04-08,2026-04-12,CUST-1047,Michael Chopra,Consumer,East,Philadelphia,Technology,Phones,OnePlus 12,1,649,0.05,616.55,158.37,25.69,Standard Class,UPI / Instant Transfer,4
ORD-20240143,2026-04-08,2026-04-09,CUST-1034,Ananya Johnson,Home Office,Central,Columbus,Furniture,Chairs,Gaming Bucket Chair,2,199,0.0,398.0,117.84,29.61,Standard Class,Debit Card,5
ORD-20240998,2026-04-08,2026-04-11,CUST-1152,Olivia Patel,Consumer,Central,Columbus,Office Supplies,Packaging Supplies,Heavy Duty Packing Tape 6-Pack,3,21,0.0,63.0,23.65,37.54,Same Day,Net Banking,5
ORD-20241559,2026-04-09,2026-04-12,CUST-1081,Kavita Reddy,Home Office,North,New York,Furniture,Storage,Steel Storage Credenza,3,279,0.1,753.3,35.23,4.68,Second Class,Credit Card,5
ORD-20240399,2026-04-10,2026-04-12,CUST-1147,Olivia Patel,Corporate,West,Phoenix,Technology,Phones,Google Pixel 8,3,699,0.15,1782.45,202.49,11.36,Second Class,Credit Card,5
ORD-20240995,2026-04-10,2026-04-13,CUST-1074,Olivia Chopra,Corporate,South,Miami,Office Supplies,Binders & Organizers,Heavy Duty Ring Binders 6-Pack,2,29,0.0,58.0,23.07,39.78,Standard Class,Credit Card,3
ORD-20241489,2026-04-11,2026-04-12,CUST-1139,Alex Wilson,Consumer,North,Detroit,Furniture,Storage,Modular Wooden Bookshelf,2,189,0.15,321.3,44.46,13.84,First Class,Credit Card,5
ORD-20240231,2026-04-12,2026-04-13,CUST-1017,Vikram Chopra,Consumer,South,Houston,Technology,Phones,Google Pixel 8,1,699,0.2,559.2,99.54,17.8,Second Class,Debit Card,3
ORD-20240327,2026-04-12,2026-04-15,CUST-1104,Rohan Davis,Consumer,Central,Indianapolis,Technology,Accessories,Anker 100W Fast Charger,2,59,0.0,118.0,34.35,29.11,Standard Class,Credit Card,3
ORD-20240480,2026-04-12,2026-04-14,CUST-1113,Sarah Brown,Home Office,North,Detroit,Technology,Smart Watches,Apple Watch Series 9,2,399,0.0,798.0,214.59,26.89,Standard Class,Credit Card,5
ORD-20240864,2026-04-13,2026-04-16,CUST-1136,Emily Gupta,Consumer,Central,St. Louis,Furniture,Lighting,Architect LED Desk Lamp,3,79,0.0,237.0,65.55,27.66,First Class,Credit Card,3
ORD-20241453,2026-04-14,2026-04-17,CUST-1204,Ananya Smith,Home Office,Central,St. Louis,Technology,Smart Watches,Apple Watch Series 9,1,399,0.2,319.2,2.75,0.86,Standard Class,Credit Card,3
ORD-20240666,2026-04-14,2026-04-16,CUST-1190,Rohan Gupta,Consumer,West,San Francisco,Furniture,Desks,Motorized Standing Desk 60x30,1,549,0.0,549.0,161.73,29.46,Standard Class,Credit Card,5
ORD-20241215,2026-04-14,2026-04-16,CUST-1005,Rohan Taylor,Consumer,North,Boston,Technology,Laptops,Dell XPS 13,3,1099,0.1,2967.3,791.1,26.66,Standard Class,Credit Card,5
ORD-20240163,2026-04-14,2026-04-17,CUST-1204,Ananya Smith,Home Office,West,Los Angeles,Furniture,Lighting,Ambient Floor Standing Lamp,2,119,0.3,166.6,-9.68,-5.81,Second Class,Net Banking,4
ORD-20240800,2026-04-14,2026-04-15,CUST-1148,Pooja Williams,Consumer,West,Seattle,Technology,Phones,Google Pixel 8,10,699,0.0,6990.0,2042.81,29.22,Standard Class,Net Banking,5
ORD-20241419,2026-04-14,2026-04-17,CUST-1048,Emily Williams,Corporate,South,Dallas,Office Supplies,Binders & Organizers,Desktop Acrylic Organizer,3,34,0.2,81.6,14.36,17.6,Second Class,Credit Card,3
ORD-20240649,2026-04-15,2026-04-18,CUST-1078,Olivia Smith,Consumer,South,Dallas,Furniture,Storage,3-Drawer Mobile Filing Cabinet,1,149,0.2,119.2,-4.06,-3.41,Standard Class,Debit Card,5
ORD-20240380,2026-04-16,2026-04-19,CUST-1004,Priya Wilson,Corporate,North,Chicago,Furniture,Lighting,Architect LED Desk Lamp,3,79,0.05,225.15,26.36,11.71,First Class,Credit Card,5
ORD-20240490,2026-04-17,2026-04-19,CUST-1128,Ananya Brown,Home Office,Central,Nashville,Technology,Phones,Samsung Galaxy S24,1,849,0.15,721.65,44.72,6.2,Standard Class,Cash on Delivery,4
ORD-20241125,2026-04-17,2026-04-20,CUST-1204,Ananya Smith,Home Office,West,Los Angeles,Furniture,Chairs,Gaming Bucket Chair,3,199,0.2,477.6,-16.34,-3.42,First Class,Cash on Delivery,4
ORD-20240229,2026-04-19,2026-04-24,CUST-1008,Rahul Reddy,Home Office,West,Denver,Office Supplies,Stationery,Parker Fountain Pen Set,2,65,0.15,110.5,35.37,32.01,Same Day,Credit Card,5
ORD-20240838,2026-04-19,2026-04-22,CUST-1082,Neha Reddy,Corporate,East,Washington D.C.,Office Supplies,Packaging Supplies,Bubble Cushion Wrap Roll,2,28,0.1,50.4,15.19,30.14,Standard Class,Debit Card,5
ORD-20240348,2026-04-19,2026-04-21,CUST-1127,Rohan Reddy,Corporate,West,Los Angeles,Technology,Accessories,Logitech MX Master 3S Mouse,1,99,0.05,94.05,26.26,27.92,First Class,Credit Card,5
ORD-20240710,2026-04-19,2026-04-24,CUST-1124,James Wilson,Consumer,North,Detroit,Furniture,Chairs,Steelcase Series 1 Task Chair,2,499,0.0,998.0,168.86,16.92,First Class,Credit Card,5
ORD-20241284,2026-04-21,2026-04-25,CUST-1203,Jessica Sharma,Consumer,South,Houston,Furniture,Chairs,Steelcase Series 1 Task Chair,2,499,0.1,898.2,105.09,11.7,Second Class,UPI / Instant Transfer,4
ORD-20240802,2026-04-21,2026-04-23,CUST-1022,Arjun Verma,Consumer,Central,Columbus,Office Supplies,Stationery,Sharpie Highlighters Box,1,16,0.0,16.0,6.55,40.94,First Class,Net Banking,3
ORD-20240930,2026-04-22,2026-04-25,CUST-1019,Rohan Williams,Consumer,West,Seattle,Technology,Phones,Google Pixel 8,2,699,0.0,1398.0,284.82,20.37,First Class,Credit Card,3
ORD-20241033,2026-04-22,2026-04-25,CUST-1011,Rahul Wilson,Consumer,East,Pittsburgh,Office Supplies,Packaging Supplies,Heavy Duty Packing Tape 6-Pack,3,21,0.0,63.0,17.68,28.06,Second Class,Cash on Delivery,4
ORD-20240829,2026-04-23,2026-04-27,CUST-1191,Sophia Verma,Consumer,East,Philadelphia,Technology,Smart Watches,Apple Watch Series 9,2,399,0.0,798.0,184.5,23.12,Standard Class,Cash on Delivery,4
ORD-20241393,2026-04-23,2026-04-27,CUST-1013,James Taylor,Corporate,North,Detroit,Office Supplies,Paper & Notebooks,Spiral Dot Grid Notebook Pack,2,19,0.1,34.2,12.74,37.25,Standard Class,Credit Card,4
ORD-20240431,2026-04-25,2026-04-27,CUST-1048,Emily Williams,Corporate,South,Atlanta,Office Supplies,Binders & Organizers,Heavy Duty Ring Binders 6-Pack,1,29,0.05,27.55,8.1,29.4,Standard Class,Debit Card,5
ORD-20241434,2026-04-26,2026-04-28,CUST-1084,Rohan Miller,Consumer,East,Philadelphia,Technology,Phones,Google Pixel 8,1,699,0.0,699.0,223.25,31.94,First Class,Debit Card,4
ORD-20240936,2026-04-27,2026-05-01,CUST-1033,James Johnson,Consumer,Central,Indianapolis,Furniture,Desks,Minimalist Solid Wood Desk,1,419,0.0,419.0,102.03,24.35,First Class,Debit Card,5
ORD-20240907,2026-04-28,2026-04-30,CUST-1181,Emily Mehta,Consumer,East,Philadelphia,Technology,Accessories,Sony WH-1000XM5 Headphones,2,349,0.0,698.0,190.09,27.23,Standard Class,Debit Card,4
ORD-20240567,2026-04-28,2026-05-01,CUST-1199,Sarah Wilson,Home Office,Central,St. Louis,Furniture,Chairs,Executive Leather Recliner,2,399,0.15,678.3,74.68,11.01,Standard Class,Cash on Delivery,4
ORD-20240585,2026-04-29,2026-05-03,CUST-1068,Kavita Brown,Corporate,Central,St. Louis,Furniture,Desks,L-Shaped Corner Workstation,3,329,0.25,740.25,-49.37,-6.67,Standard Class,UPI / Instant Transfer,3
ORD-20241499,2026-04-29,2026-05-01,CUST-1230,Daniel Wilson,Corporate,South,Miami,Office Supplies,Stationery,Parker Fountain Pen Set,3,65,0.0,195.0,59.68,30.61,Standard Class,UPI / Instant Transfer,3
ORD-20240230,2026-04-30,2026-05-04,CUST-1057,Emily Patel,Consumer,South,Dallas,Furniture,Storage,Steel Storage Credenza,2,279,0.1,502.2,53.11,10.58,First Class,Credit Card,5
ORD-20241205,2026-04-30,2026-05-03,CUST-1045,Arjun Patel,Consumer,North,Minneapolis,Technology,Phones,Google Pixel 8,3,699,0.1,1887.3,460.49,24.4,First Class,Credit Card,5
ORD-20241483,2026-04-30,2026-05-02,CUST-1083,Alex Patel,Consumer,West,San Francisco,Technology,Accessories,Sony WH-1000XM5 Headphones,10,349,0.05,3315.5,1039.33,31.35,Second Class,Credit Card,4
ORD-20241553,2026-04-30,2026-05-01,CUST-1148,Pooja Williams,Consumer,North,New York,Technology,Smart Watches,Apple Watch Series 9,5,399,0.2,1596.0,176.55,11.06,Standard Class,Credit Card,2
ORD-20240808,2026-05-02,2026-05-05,CUST-1243,David Wilson,Home Office,West,Phoenix,Office Supplies,Binders & Organizers,Cable Management Tray Kit,2,25,0.1,45.0,13.26,29.47,Standard Class,Cash on Delivery,5
ORD-20241504,2026-05-03,2026-05-06,CUST-1025,Rohan Wilson,Consumer,East,Philadelphia,Furniture,Storage,Modular Wooden Bookshelf,2,189,0.3,264.6,-53.57,-20.25,Standard Class,UPI / Instant Transfer,4
ORD-20240011,2026-05-04,2026-05-05,CUST-1005,Rohan Taylor,Consumer,Central,Kansas City,Furniture,Desks,Minimalist Solid Wood Desk,1,419,0.25,314.25,17.91,5.7,Standard Class,Debit Card,5
ORD-20240541,2026-05-04,2026-05-07,CUST-1098,Alex Wilson,Consumer,West,San Francisco,Office Supplies,Stationery,Pilot G2 Gel Pens Bulk Pack,1,22,0.3,15.4,2.76,17.92,Standard Class,UPI / Instant Transfer,5
ORD-20240882,2026-05-04,2026-05-05,CUST-1065,Aarav Singh,Consumer,South,Miami,Furniture,Desks,Motorized Standing Desk 60x30,3,549,0.0,1647.0,276.78,16.81,Standard Class,Net Banking,5
ORD-20240008,2026-05-05,2026-05-08,CUST-1192,Sarah Taylor,Home Office,Central,Nashville,Technology,Smart Watches,Apple Watch Series 9,1,399,0.05,379.05,96.43,25.44,Standard Class,Net Banking,4
ORD-20240031,2026-05-06,2026-05-10,CUST-1151,Olivia Verma,Home Office,North,Boston,Office Supplies,Paper & Notebooks,Moleskine Executive Journal,2,24,0.1,43.2,8.01,18.54,Standard Class,Credit Card,5
ORD-20241072,2026-05-06,2026-05-07,CUST-1243,David Wilson,Home Office,East,Washington D.C.,Office Supplies,Paper & Notebooks,Spiral Dot Grid Notebook Pack,2,19,0.0,38.0,13.52,35.58,Standard Class,Credit Card,2
ORD-20240135,2026-05-06,2026-05-09,CUST-1127,Rohan Reddy,Corporate,South,Miami,Technology,Phones,Google Pixel 8,2,699,0.3,978.6,10.23,1.05,First Class,Cash on Delivery,1
ORD-20241487,2026-05-06,2026-05-09,CUST-1161,Aarav Jones,Consumer,Central,St. Louis,Office Supplies,Paper & Notebooks,Moleskine Executive Journal,8,24,0.2,153.6,13.66,8.89,Standard Class,Credit Card,5
ORD-20241698,2026-05-07,2026-05-11,CUST-1001,Priya Sharma,Consumer,North,Detroit,Technology,Smart Watches,Samsung Galaxy Watch 6,2,299,0.05,568.1,104.78,18.44,Standard Class,Debit Card,5
ORD-20241425,2026-05-08,2026-05-11,CUST-1101,Rohan Verma,Consumer,East,Philadelphia,Furniture,Storage,Modular Wooden Bookshelf,1,189,0.15,160.65,21.47,13.36,Standard Class,Credit Card,5
ORD-20240093,2026-05-09,2026-05-12,CUST-1086,Vikram Gupta,Consumer,South,Dallas,Technology,Accessories,Anker 100W Fast Charger,2,59,0.0,118.0,28.81,24.42,Standard Class,Credit Card,5
ORD-20240211,2026-05-09,2026-05-12,CUST-1094,Daniel Jones,Corporate,Central,Indianapolis,Furniture,Chairs,Ergonomic Mesh Office Chair,2,249,0.0,498.0,66.7,13.39,Standard Class,Credit Card,2
ORD-20241326,2026-05-09,2026-05-12,CUST-1100,Pooja Sharma,Consumer,East,Washington D.C.,Furniture,Desks,L-Shaped Corner Workstation,4,329,0.0,1316.0,339.27,25.78,Standard Class,Credit Card,5
ORD-20241172,2026-05-09,2026-05-11,CUST-1092,Kavita Williams,Corporate,West,Seattle,Furniture,Storage,Modular Wooden Bookshelf,6,189,0.0,1134.0,305.39,26.93,First Class,UPI / Instant Transfer,4
ORD-20241408,2026-05-10,2026-05-12,CUST-1058,Neha Singh,Consumer,East,Baltimore,Office Supplies,Stationery,Parker Fountain Pen Set,10,65,0.1,585.0,141.76,24.23,Second Class,UPI / Instant Transfer,5
ORD-20240543,2026-05-11,2026-05-14,CUST-1142,Alex Miller,Consumer,West,Seattle,Furniture,Desks,Motorized Standing Desk 60x30,4,549,0.15,1866.6,-41.8,-2.24,Same Day,Cash on Delivery,5
ORD-20240563,2026-05-14,2026-05-17,CUST-1082,Neha Reddy,Corporate,North,Chicago,Furniture,Storage,Modular Wooden Bookshelf,2,189,0.1,340.2,47.98,14.1,Standard Class,Credit Card,5
ORD-20240250,2026-05-14,2026-05-16,CUST-1201,Vikram Reddy,Corporate,West,Denver,Furniture,Storage,3-Drawer Mobile Filing Cabinet,2,149,0.0,298.0,68.94,23.13,Standard Class,Net Banking,5
ORD-20240926,2026-05-14,2026-05-17,CUST-1105,Pooja Mehta,Home Office,North,Minneapolis,Technology,Accessories,Keychron K2 Mechanical Keyboard,5,89,0.05,422.75,116.28,27.51,Standard Class,Net Banking,4
ORD-20240532,2026-05-15,2026-05-18,CUST-1078,Olivia Smith,Consumer,East,Baltimore,Technology,Accessories,Logitech MX Master 3S Mouse,1,99,0.05,94.05,24.16,25.69,First Class,UPI / Instant Transfer,5
ORD-20240534,2026-05-16,2026-05-19,CUST-1142,Alex Miller,Consumer,North,Detroit,Furniture,Chairs,Ergonomic Mesh Office Chair,3,249,0.2,597.6,10.22,1.71,Second Class,UPI / Instant Transfer,5
ORD-20241137,2026-05-16,2026-05-19,CUST-1033,James Johnson,Consumer,Central,Kansas City,Furniture,Lighting,Architect LED Desk Lamp,1,79,0.0,79.0,18.18,23.01,Standard Class,Credit Card,5
ORD-20240067,2026-05-17,2026-05-19,CUST-1217,David Wilson,Consumer,Central,St. Louis,Technology,Accessories,Logitech MX Master 3S Mouse,3,99,0.15,252.45,15.98,6.33,Second Class,UPI / Instant Transfer,4
ORD-20240154,2026-05-17,2026-05-20,CUST-1138,Rahul Verma,Corporate,South,Atlanta,Furniture,Lighting,Architect LED Desk Lamp,4,79,0.15,268.6,6.2,2.31,Standard Class,Credit Card,5
ORD-20240209,2026-05-17,2026-05-20,CUST-1078,Olivia Smith,Consumer,South,Austin,Office Supplies,Stationery,Sharpie Highlighters Box,1,16,0.1,14.4,3.09,21.46,Standard Class,Credit Card,4
ORD-20240164,2026-05-18,2026-05-19,CUST-1220,Ananya Taylor,Home Office,North,New York,Furniture,Lighting,Ambient Floor Standing Lamp,2,119,0.0,238.0,71.0,29.83,First Class,Credit Card,5
ORD-20241155,2026-05-18,2026-05-22,CUST-1030,Kavita Patel,Consumer,South,Houston,Technology,Phones,Samsung Galaxy S24,4,849,0.05,3226.2,775.88,24.05,Standard Class,Credit Card,4
ORD-20240736,2026-05-19,2026-05-23,CUST-1180,Arjun Davis,Consumer,North,Minneapolis,Furniture,Storage,Steel Storage Credenza,10,279,0.0,2790.0,336.38,12.06,Standard Class,Credit Card,4
ORD-20240104,2026-05-19,2026-05-22,CUST-1201,Vikram Reddy,Corporate,West,Los Angeles,Technology,Phones,Samsung Galaxy S24,3,849,0.0,2547.0,674.73,26.49,Standard Class,Credit Card,4
ORD-20240363,2026-05-19,2026-05-22,CUST-1137,Rahul Iyer,Consumer,East,Pittsburgh,Furniture,Storage,Steel Storage Credenza,4,279,0.0,1116.0,314.92,28.22,Standard Class,Credit Card,5
ORD-20240320,2026-05-19,2026-05-22,CUST-1246,Jessica Taylor,Home Office,South,Miami,Office Supplies,Binders & Organizers,Heavy Duty Ring Binders 6-Pack,2,29,0.05,55.1,21.77,39.51,Standard Class,Credit Card,5
ORD-20241686,2026-05-20,2026-05-25,CUST-1233,Michael Anderson,Corporate,South,Atlanta,Office Supplies,Stationery,Parker Fountain Pen Set,8,65,0.05,494.0,113.9,23.06,Standard Class,UPI / Instant Transfer,5
ORD-20240091,2026-05-21,2026-05-23,CUST-1022,Arjun Verma,Consumer,South,Miami,Furniture,Desks,L-Shaped Corner Workstation,1,329,0.2,263.2,-15.47,-5.88,Standard Class,Credit Card,3
ORD-20240672,2026-05-21,2026-05-24,CUST-1150,Pooja Taylor,Consumer,West,San Francisco,Office Supplies,Paper & Notebooks,Premium Copy Paper 5-Pack,3,39,0.1,105.3,37.03,35.17,Same Day,Credit Card,5
ORD-20241038,2026-05-21,2026-05-23,CUST-1078,Olivia Smith,Consumer,South,Austin,Technology,Accessories,Keychron K2 Mechanical Keyboard,3,89,0.1,240.3,26.86,11.18,Standard Class,Debit Card,5
ORD-20240681,2026-05-23,2026-05-26,CUST-1096,Pooja Patel,Consumer,South,Austin,Technology,Accessories,Sony WH-1000XM5 Headphones,2,349,0.1,628.2,137.37,21.87,Standard Class,Net Banking,5
ORD-20240253,2026-05-24,2026-05-27,CUST-1129,Emily Miller,Consumer,Central,Nashville,Office Supplies,Stationery,Parker Fountain Pen Set,5,65,0.05,308.75,68.31,22.12,Standard Class,Credit Card,5
ORD-20241299,2026-05-25,2026-05-27,CUST-1100,Pooja Sharma,Consumer,Central,St. Louis,Technology,Laptops,MacBook Air M2,2,1199,0.0,2398.0,606.63,25.3,Standard Class,Debit Card,2
ORD-20240920,2026-05-25,2026-05-28,CUST-1127,Rohan Reddy,Corporate,North,Detroit,Furniture,Lighting,Architect LED Desk Lamp,1,79,0.1,71.1,8.23,11.58,Second Class,Debit Card,4
ORD-20240740,2026-05-26,2026-05-29,CUST-1025,Rohan Wilson,Consumer,South,Miami,Office Supplies,Paper & Notebooks,Spiral Dot Grid Notebook Pack,1,19,0.1,17.1,4.46,26.08,Same Day,Debit Card,5
ORD-20241201,2026-05-27,2026-05-28,CUST-1071,Daniel Deshmukh,Corporate,North,Boston,Furniture,Lighting,Architect LED Desk Lamp,1,79,0.1,71.1,1.99,2.8,Standard Class,Credit Card,4
ORD-20241332,2026-05-28,2026-05-30,CUST-1121,Jessica Deshmukh,Corporate,South,Austin,Furniture,Lighting,Architect LED Desk Lamp,1,79,0.1,71.1,14.33,20.15,Standard Class,Debit Card,3
ORD-20241294,2026-05-28,2026-05-31,CUST-1130,Rahul Williams,Consumer,East,Richmond,Furniture,Desks,L-Shaped Corner Workstation,3,329,0.1,888.3,190.4,21.43,First Class,Cash on Delivery,2
ORD-20241593,2026-05-28,2026-05-30,CUST-1141,Neha Verma,Home Office,West,Phoenix,Technology,Smart Watches,Apple Watch Series 9,3,399,0.0,1197.0,246.32,20.58,Standard Class,Debit Card,5
ORD-20241561,2026-05-28,2026-05-31,CUST-1034,Ananya Johnson,Home Office,Central,St. Louis,Furniture,Lighting,Architect LED Desk Lamp,1,79,0.1,71.1,2.16,3.04,Second Class,Credit Card,4
ORD-20241310,2026-05-29,2026-05-31,CUST-1241,Ananya Anderson,Home Office,East,Washington D.C.,Office Supplies,Binders & Organizers,Desktop Acrylic Organizer,10,34,0.0,340.0,95.22,28.01,Second Class,Credit Card,1
ORD-20240893,2026-05-29,2026-06-01,CUST-1032,David Mehta,Consumer,West,San Francisco,Office Supplies,Paper & Notebooks,Moleskine Executive Journal,1,24,0.1,21.6,7.24,33.52,Same Day,UPI / Instant Transfer,5
ORD-20240043,2026-05-29,2026-06-01,CUST-1245,Kavita Chopra,Consumer,East,Pittsburgh,Office Supplies,Paper & Notebooks,Spiral Dot Grid Notebook Pack,1,19,0.1,17.1,3.15,18.42,Standard Class,Credit Card,1
ORD-20241768,2026-05-30,2026-06-02,CUST-1248,James Jones,Home Office,North,Minneapolis,Technology,Laptops,Lenovo ThinkPad X1,5,1299,0.05,6170.25,1202.94,19.5,First Class,Debit Card,3
ORD-20241581,2026-06-01,2026-06-03,CUST-1001,Priya Sharma,Consumer,West,Denver,Furniture,Lighting,Architect LED Desk Lamp,1,79,0.0,79.0,21.42,27.11,Standard Class,Credit Card,5
ORD-20241050,2026-06-01,2026-06-04,CUST-1164,Sophia Chopra,Corporate,Central,Indianapolis,Technology,Phones,Samsung Galaxy S24,1,849,0.0,849.0,229.6,27.04,Standard Class,UPI / Instant Transfer,5
ORD-20241533,2026-06-01,2026-06-04,CUST-1154,Alex Davis,Consumer,Central,Columbus,Office Supplies,Binders & Organizers,Heavy Duty Ring Binders 6-Pack,1,29,0.2,23.2,2.43,10.47,Standard Class,Credit Card,4
ORD-20241261,2026-06-01,2026-06-04,CUST-1095,Priya Reddy,Corporate,Central,St. Louis,Furniture,Desks,L-Shaped Corner Workstation,1,329,0.0,329.0,60.79,18.48,Second Class,Credit Card,4
ORD-20241528,2026-06-02,2026-06-05,CUST-1163,Priya Patel,Corporate,North,Minneapolis,Technology,Smart Watches,Samsung Galaxy Watch 6,2,299,0.2,478.4,14.12,2.95,Standard Class,Credit Card,5
ORD-20241743,2026-06-03,2026-06-05,CUST-1109,Emily Reddy,Consumer,West,San Francisco,Furniture,Storage,Modular Wooden Bookshelf,2,189,0.1,340.2,45.48,13.37,Standard Class,Credit Card,5
ORD-20241100,2026-06-03,2026-06-06,CUST-1241,Ananya Anderson,Home Office,West,Denver,Office Supplies,Paper & Notebooks,Moleskine Executive Journal,2,24,0.0,48.0,12.52,26.08,Standard Class,Credit Card,5
ORD-20240948,2026-06-04,2026-06-06,CUST-1072,Daniel Singh,Consumer,North,Boston,Technology,Laptops,MacBook Air M2,1,1199,0.05,1139.05,310.04,27.22,Standard Class,UPI / Instant Transfer,4
ORD-20240876,2026-06-04,2026-06-08,CUST-1153,Jessica Taylor,Consumer,West,Los Angeles,Furniture,Chairs,Executive Leather Recliner,8,399,0.15,2713.2,99.95,3.68,Standard Class,Credit Card,5
ORD-20240922,2026-06-05,2026-06-08,CUST-1187,James Wilson,Corporate,North,New York,Office Supplies,Packaging Supplies,Heavy Duty Packing Tape 6-Pack,10,21,0.05,199.5,53.79,26.96,Same Day,Credit Card,4
ORD-20241258,2026-06-06,2026-06-10,CUST-1046,Rahul Taylor,Corporate,East,Richmond,Furniture,Lighting,Architect LED Desk Lamp,6,79,0.1,426.6,88.23,20.68,Standard Class,Credit Card,4
ORD-20240010,2026-06-06,2026-06-09,CUST-1013,James Taylor,Corporate,East,Pittsburgh,Furniture,Desks,L-Shaped Corner Workstation,9,329,0.0,2961.0,381.33,12.88,Second Class,Credit Card,5
ORD-20240061,2026-06-06,2026-06-09,CUST-1078,Olivia Smith,Consumer,West,Los Angeles,Technology,Smart Watches,Samsung Galaxy Watch 6,1,299,0.0,299.0,72.7,24.31,Standard Class,Credit Card,5
ORD-20241405,2026-06-06,2026-06-10,CUST-1224,Michael Brown,Consumer,Central,Indianapolis,Technology,Laptops,Lenovo ThinkPad X1,1,1299,0.0,1299.0,343.11,26.41,Standard Class,Credit Card,5
ORD-20241455,2026-06-07,2026-06-10,CUST-1050,Arjun Gupta,Consumer,North,Minneapolis,Technology,Phones,OnePlus 12,10,649,0.0,6490.0,1602.93,24.7,Standard Class,Debit Card,5
ORD-20240788,2026-06-07,2026-06-11,CUST-1200,Jessica Anderson,Corporate,Central,Kansas City,Office Supplies,Packaging Supplies,Heavy Duty Packing Tape 6-Pack,11,21,0.0,231.0,83.52,36.16,Second Class,UPI / Instant Transfer,5
ORD-20241066,2026-06-07,2026-06-10,CUST-1049,James Gupta,Corporate,South,Dallas,Furniture,Desks,Motorized Standing Desk 60x30,3,549,0.15,1399.95,86.94,6.21,Second Class,Debit Card,2
ORD-20241322,2026-06-08,2026-06-11,CUST-1106,Emily Chopra,Consumer,West,Phoenix,Office Supplies,Binders & Organizers,Desktop Acrylic Organizer,2,34,0.15,57.8,18.42,31.87,Second Class,Debit Card,5
ORD-20241603,2026-06-08,2026-06-10,CUST-1031,Pooja Singh,Corporate,West,Denver,Technology,Phones,Google Pixel 8,9,699,0.15,5347.35,401.92,7.52,Standard Class,Net Banking,5
ORD-20240917,2026-06-08,2026-06-11,CUST-1135,Jessica Wilson,Home Office,East,Baltimore,Office Supplies,Paper & Notebooks,Moleskine Executive Journal,1,24,0.05,22.8,5.04,22.11,Standard Class,UPI / Instant Transfer,5
ORD-20240971,2026-06-09,2026-06-14,CUST-1010,Aarav Wilson,Corporate,West,Denver,Technology,Smart Watches,Apple Watch Series 9,3,399,0.0,1197.0,365.67,30.55,Second Class,Credit Card,5
ORD-20241096,2026-06-09,2026-06-13,CUST-1127,Rohan Reddy,Corporate,West,Denver,Technology,Phones,Google Pixel 8,7,699,0.1,4403.7,981.91,22.3,Standard Class,UPI / Instant Transfer,4
ORD-20240687,2026-06-10,2026-06-12,CUST-1111,Rahul Singh,Consumer,West,San Francisco,Office Supplies,Binders & Organizers,Cable Management Tray Kit,1,25,0.1,22.5,6.46,28.71,Standard Class,UPI / Instant Transfer,5
ORD-20240042,2026-06-10,2026-06-13,CUST-1040,David Mehta,Consumer,North,Detroit,Furniture,Storage,Steel Storage Credenza,2,279,0.1,502.2,26.05,5.19,Second Class,Credit Card,3
ORD-20241165,2026-06-11,2026-06-16,CUST-1162,Olivia Taylor,Corporate,East,Philadelphia,Office Supplies,Paper & Notebooks,Moleskine Executive Journal,3,24,0.1,64.8,24.03,37.08,Second Class,Credit Card,5
ORD-20240445,2026-06-11,2026-06-12,CUST-1241,Ananya Anderson,Home Office,Central,Indianapolis,Technology,Phones,OnePlus 12,1,649,0.15,551.65,118.52,21.48,Standard Class,UPI / Instant Transfer,5
ORD-20241058,2026-06-13,2026-06-15,CUST-1077,Daniel Sharma,Corporate,Central,Indianapolis,Office Supplies,Paper & Notebooks,Premium Copy Paper 5-Pack,1,39,0.15,33.15,9.67,29.17,Standard Class,UPI / Instant Transfer,5
ORD-20240066,2026-06-13,2026-06-16,CUST-1193,Sophia Gupta,Home Office,West,Los Angeles,Furniture,Storage,Modular Wooden Bookshelf,1,189,0.05,179.55,41.99,23.39,Standard Class,Credit Card,5
ORD-20241174,2026-06-13,2026-06-15,CUST-1082,Neha Reddy,Corporate,West,San Francisco,Furniture,Storage,3-Drawer Mobile Filing Cabinet,5,149,0.0,745.0,96.64,12.97,Second Class,Credit Card,5
ORD-20240953,2026-06-15,2026-06-17,CUST-1125,Priya Verma,Consumer,West,Denver,Office Supplies,Binders & Organizers,Cable Management Tray Kit,2,25,0.0,50.0,21.38,42.76,First Class,Credit Card,3
ORD-20241292,2026-06-15,2026-06-20,CUST-1038,Sophia Reddy,Consumer,North,Chicago,Technology,Smart Watches,Samsung Galaxy Watch 6,4,299,0.1,1076.4,224.03,20.81,Second Class,Credit Card,4
ORD-20241514,2026-06-15,2026-06-18,CUST-1034,Ananya Johnson,Home Office,South,Houston,Furniture,Storage,3-Drawer Mobile Filing Cabinet,1,149,0.1,134.1,13.61,10.15,First Class,Debit Card,5
ORD-20240665,2026-06-16,2026-06-20,CUST-1011,Rahul Wilson,Consumer,West,San Francisco,Technology,Laptops,Dell XPS 13,2,1099,0.0,2198.0,610.8,27.79,Second Class,UPI / Instant Transfer,4
ORD-20240339,2026-06-17,2026-06-21,CUST-1129,Emily Miller,Consumer,North,New York,Furniture,Desks,Minimalist Solid Wood Desk,2,419,0.0,838.0,109.95,13.12,Standard Class,Credit Card,4
ORD-20241672,2026-06-17,2026-06-18,CUST-1006,Jessica Verma,Consumer,South,Dallas,Furniture,Lighting,Ambient Floor Standing Lamp,1,119,0.1,107.1,21.17,19.77,Standard Class,UPI / Instant Transfer,3
ORD-20240038,2026-06-19,2026-06-21,CUST-1018,Michael Singh,Corporate,East,Pittsburgh,Furniture,Storage,3-Drawer Mobile Filing Cabinet,1,149,0.05,141.55,10.46,7.39,Standard Class,Cash on Delivery,5
ORD-20240837,2026-06-19,2026-06-22,CUST-1079,Emily Sharma,Consumer,West,San Francisco,Technology,Smart Watches,Apple Watch Series 9,1,399,0.0,399.0,117.24,29.38,Standard Class,UPI / Instant Transfer,4
ORD-20241146,2026-06-19,2026-06-22,CUST-1059,Vikram Deshmukh,Consumer,West,San Francisco,Office Supplies,Binders & Organizers,Heavy Duty Ring Binders 6-Pack,5,29,0.05,137.75,45.89,33.31,Second Class,UPI / Instant Transfer,4
ORD-20241094,2026-06-20,2026-06-25,CUST-1234,Michael Singh,Consumer,East,Baltimore,Technology,Smart Watches,Samsung Galaxy Watch 6,1,299,0.05,284.05,63.46,22.34,Standard Class,Credit Card,3
ORD-20241154,2026-06-20,2026-06-22,CUST-1107,Sophia Gupta,Consumer,North,Minneapolis,Office Supplies,Packaging Supplies,Bubble Cushion Wrap Roll,2,28,0.1,50.4,11.76,23.33,Same Day,UPI / Instant Transfer,5
ORD-20240550,2026-06-20,2026-06-24,CUST-1099,Pooja Taylor,Consumer,West,Seattle,Furniture,Lighting,Ambient Floor Standing Lamp,1,119,0.0,119.0,21.58,18.13,Standard Class,Cash on Delivery,4
ORD-20241516,2026-06-21,2026-06-24,CUST-1169,Ananya Jones,Consumer,West,Seattle,Furniture,Desks,L-Shaped Corner Workstation,2,329,0.0,658.0,185.12,28.13,Second Class,UPI / Instant Transfer,5
ORD-20240561,2026-06-21,2026-06-22,CUST-1181,Emily Mehta,Consumer,Central,Indianapolis,Office Supplies,Packaging Supplies,Bubble Cushion Wrap Roll,2,28,0.15,47.6,6.29,13.21,Standard Class,Cash on Delivery,5
ORD-20240673,2026-06-22,2026-06-25,CUST-1131,Neha Deshmukh,Consumer,East,Pittsburgh,Office Supplies,Packaging Supplies,Bubble Cushion Wrap Roll,1,28,0.0,28.0,8.71,31.11,Standard Class,Debit Card,4
ORD-20241015,2026-06-22,2026-06-24,CUST-1132,David Sharma,Consumer,North,Boston,Office Supplies,Binders & Organizers,Desktop Acrylic Organizer,1,34,0.0,34.0,10.22,30.06,Standard Class,UPI / Instant Transfer,4
ORD-20240870,2026-06-22,2026-06-25,CUST-1184,Neha Sharma,Home Office,West,Denver,Furniture,Chairs,Executive Leather Recliner,3,399,0.2,957.6,61.9,6.46,Standard Class,Credit Card,5
ORD-20240426,2026-06-22,2026-06-25,CUST-1065,Aarav Singh,Consumer,East,Washington D.C.,Office Supplies,Paper & Notebooks,Moleskine Executive Journal,1,24,0.05,22.8,7.86,34.47,Standard Class,Credit Card,5
ORD-20240955,2026-06-22,2026-06-25,CUST-1207,Priya Williams,Consumer,West,Phoenix,Furniture,Desks,Motorized Standing Desk 60x30,1,549,0.05,521.55,49.32,9.46,Standard Class,UPI / Instant Transfer,4
ORD-20241607,2026-06-22,2026-06-26,CUST-1023,James Wilson,Consumer,East,Washington D.C.,Furniture,Desks,L-Shaped Corner Workstation,2,329,0.2,526.4,-21.71,-4.12,Standard Class,UPI / Instant Transfer,2
ORD-20240976,2026-06-23,2026-06-25,CUST-1161,Aarav Jones,Consumer,North,Chicago,Furniture,Storage,Modular Wooden Bookshelf,2,189,0.0,378.0,70.91,18.76,Standard Class,Cash on Delivery,5
ORD-20240551,2026-06-24,2026-06-27,CUST-1126,Sophia Sharma,Consumer,West,San Francisco,Furniture,Lighting,Ambient Floor Standing Lamp,3,119,0.05,339.15,57.73,17.02,Standard Class,Net Banking,5
ORD-20241087,2026-06-25,2026-06-30,CUST-1050,Arjun Gupta,Consumer,South,Dallas,Technology,Laptops,Lenovo ThinkPad X1,2,1299,0.15,2208.3,300.24,13.6,Standard Class,Debit Card,5
ORD-20241157,2026-06-25,2026-06-27,CUST-1022,Arjun Verma,Consumer,East,Philadelphia,Technology,Laptops,Lenovo ThinkPad X1,2,1299,0.2,2078.4,346.45,16.67,Second Class,Credit Card,2
ORD-20241392,2026-06-25,2026-06-28,CUST-1015,Ananya Brown,Consumer,North,Detroit,Office Supplies,Stationery,Parker Fountain Pen Set,1,65,0.0,65.0,21.3,32.77,Standard Class,Debit Card,4
ORD-20241599,2026-06-26,2026-06-27,CUST-1065,Aarav Singh,Consumer,West,San Francisco,Technology,Phones,Google Pixel 8,3,699,0.05,1992.15,335.03,16.82,Second Class,Debit Card,5
ORD-20241352,2026-06-26,2026-06-28,CUST-1089,Daniel Anderson,Home Office,East,Philadelphia,Furniture,Storage,Steel Storage Credenza,1,279,0.0,279.0,77.53,27.79,Second Class,Debit Card,5
ORD-20241241,2026-06-27,2026-06-30,CUST-1128,Ananya Brown,Home Office,East,Washington D.C.,Furniture,Lighting,Ambient Floor Standing Lamp,5,119,0.05,565.25,112.19,19.85,Standard Class,Debit Card,5
ORD-20241637,2026-06-28,2026-07-01,CUST-1087,Emily Wilson,Corporate,South,Miami,Office Supplies,Paper & Notebooks,Premium Copy Paper 5-Pack,10,39,0.15,331.5,97.92,29.54,Standard Class,Credit Card,3
ORD-20241110,2026-06-28,2026-07-02,CUST-1100,Pooja Sharma,Consumer,East,Baltimore,Furniture,Lighting,Ambient Floor Standing Lamp,1,119,0.2,95.2,6.87,7.22,Standard Class,UPI / Instant Transfer,5
ORD-20240909,2026-06-28,2026-07-02,CUST-1036,Arjun Patel,Corporate,South,Austin,Office Supplies,Binders & Organizers,Cable Management Tray Kit,4,25,0.05,95.0,23.89,25.15,Second Class,Credit Card,5
ORD-20240160,2026-06-29,2026-07-02,CUST-1165,Daniel Mehta,Consumer,North,Minneapolis,Technology,Phones,Apple iPhone 15 Pro,3,999,0.05,2847.15,520.33,18.28,Standard Class,Net Banking,5
ORD-20240366,2026-06-29,2026-06-30,CUST-1158,David Gupta,Corporate,East,Pittsburgh,Office Supplies,Stationery,Parker Fountain Pen Set,9,65,0.1,526.5,137.87,26.19,Standard Class,Credit Card,4
ORD-20241324,2026-06-29,2026-07-03,CUST-1192,Sarah Taylor,Home Office,West,Phoenix,Furniture,Desks,L-Shaped Corner Workstation,1,329,0.0,329.0,81.91,24.9,First Class,UPI / Instant Transfer,5
ORD-20240554,2026-07-01,2026-07-04,CUST-1098,Alex Wilson,Consumer,North,Detroit,Furniture,Storage,Modular Wooden Bookshelf,1,189,0.1,170.1,29.38,17.27,First Class,Net Banking,4
ORD-20241315,2026-07-01,2026-07-04,CUST-1121,Jessica Deshmukh,Corporate,East,Pittsburgh,Office Supplies,Paper & Notebooks,Premium Copy Paper 5-Pack,6,39,0.0,234.0,97.42,41.63,Standard Class,UPI / Instant Transfer,4
ORD-20240440,2026-07-02,2026-07-06,CUST-1230,Daniel Wilson,Corporate,East,Pittsburgh,Furniture,Chairs,Steelcase Series 1 Task Chair,11,499,0.05,5214.55,1166.48,22.37,Standard Class,Credit Card,4
ORD-20240583,2026-07-02,2026-07-05,CUST-1149,Priya Taylor,Consumer,South,Miami,Technology,Smart Watches,Samsung Galaxy Watch 6,4,299,0.0,1196.0,361.67,30.24,Standard Class,UPI / Instant Transfer,5
ORD-20241235,2026-07-02,2026-07-06,CUST-1198,Pooja Singh,Home Office,North,Boston,Furniture,Lighting,Ambient Floor Standing Lamp,2,119,0.15,202.3,-3.59,-1.77,Same Day,Debit Card,5
ORD-20241431,2026-07-03,2026-07-06,CUST-1139,Alex Wilson,Consumer,East,Richmond,Furniture,Storage,Modular Wooden Bookshelf,3,189,0.15,481.95,55.65,11.55,Second Class,UPI / Instant Transfer,5
ORD-20240798,2026-07-03,2026-07-06,CUST-1078,Olivia Smith,Consumer,Central,St. Louis,Furniture,Chairs,Steelcase Series 1 Task Chair,4,499,0.1,1796.4,64.03,3.56,Second Class,Net Banking,4
ORD-20240896,2026-07-03,2026-07-06,CUST-1114,Jessica Jones,Corporate,North,Boston,Technology,Smart Watches,Garmin Venu 3,2,449,0.0,898.0,246.86,27.49,Standard Class,Net Banking,3
ORD-20240247,2026-07-03,2026-07-06,CUST-1008,Rahul Reddy,Home Office,West,San Francisco,Office Supplies,Packaging Supplies,Bubble Cushion Wrap Roll,1,28,0.0,28.0,7.14,25.5,Standard Class,Debit Card,5
ORD-20241584,2026-07-05,2026-07-09,CUST-1215,Rohan Mehta,Corporate,North,Boston,Technology,Phones,OnePlus 12,2,649,0.0,1298.0,278.51,21.46,Standard Class,Credit Card,5
ORD-20240587,2026-07-05,2026-07-09,CUST-1011,Rahul Wilson,Consumer,West,Seattle,Office Supplies,Packaging Supplies,Heavy Duty Packing Tape 6-Pack,2,21,0.15,35.7,5.32,14.9,Standard Class,Credit Card,5
ORD-20241710,2026-07-08,2026-07-10,CUST-1189,Aarav Singh,Corporate,Central,Kansas City,Office Supplies,Packaging Supplies,Heavy Duty Packing Tape 6-Pack,3,21,0.05,59.85,13.91,23.24,Standard Class,Credit Card,5
ORD-20240429,2026-07-09,2026-07-11,CUST-1052,Sophia Mehta,Corporate,North,Minneapolis,Furniture,Chairs,Gaming Bucket Chair,2,199,0.15,338.3,16.14,4.77,Standard Class,Credit Card,5
ORD-20240062,2026-07-09,2026-07-10,CUST-1156,Rahul Smith,Consumer,South,Atlanta,Technology,Accessories,Keychron K2 Mechanical Keyboard,1,89,0.05,84.55,22.76,26.92,Standard Class,Credit Card,5
ORD-20240988,2026-07-10,2026-07-12,CUST-1182,Neha Patel,Consumer,South,Austin,Office Supplies,Binders & Organizers,Cable Management Tray Kit,1,25,0.1,22.5,6.67,29.64,Standard Class,Credit Card,4
ORD-20241418,2026-07-10,2026-07-13,CUST-1200,Jessica Anderson,Corporate,East,Baltimore,Furniture,Storage,3-Drawer Mobile Filing Cabinet,5,149,0.05,707.75,159.95,22.6,Standard Class,Debit Card,5
ORD-20241134,2026-07-11,2026-07-13,CUST-1200,Jessica Anderson,Corporate,West,Seattle,Office Supplies,Paper & Notebooks,Spiral Dot Grid Notebook Pack,2,19,0.15,32.3,10.42,32.26,First Class,Credit Card,4
ORD-20240997,2026-07-11,2026-07-12,CUST-1108,Alex Taylor,Corporate,West,Seattle,Furniture,Chairs,Executive Leather Recliner,4,399,0.05,1516.2,345.52,22.79,Standard Class,UPI / Instant Transfer,5
ORD-20241467,2026-07-11,2026-07-13,CUST-1082,Neha Reddy,Corporate,East,Washington D.C.,Office Supplies,Paper & Notebooks,Moleskine Executive Journal,3,24,0.0,72.0,30.6,42.5,Standard Class,Credit Card,4
ORD-20240540,2026-07-12,2026-07-16,CUST-1002,Arjun Reddy,Home Office,North,Chicago,Office Supplies,Packaging Supplies,Heavy Duty Packing Tape 6-Pack,2,21,0.0,42.0,13.24,31.52,Second Class,UPI / Instant Transfer,5
ORD-20240721,2026-07-12,2026-07-16,CUST-1113,Sarah Brown,Home Office,Central,Kansas City,Office Supplies,Stationery,Parker Fountain Pen Set,1,65,0.0,65.0,25.65,39.46,Second Class,Credit Card,5
ORD-20240556,2026-07-12,2026-07-15,CUST-1006,Jessica Verma,Consumer,West,Phoenix,Technology,Accessories,Anker 100W Fast Charger,2,59,0.0,118.0,39.57,33.53,Standard Class,Net Banking,5
ORD-20241180,2026-07-13,2026-07-15,CUST-1235,Kavita Davis,Consumer,West,Seattle,Office Supplies,Binders & Organizers,Cable Management Tray Kit,3,25,0.1,67.5,12.72,18.84,Standard Class,Debit Card,2
ORD-20240142,2026-07-13,2026-07-16,CUST-1147,Olivia Patel,Corporate,Central,Indianapolis,Technology,Accessories,Anker 100W Fast Charger,1,59,0.05,56.05,16.9,30.15,Same Day,Cash on Delivery,5
ORD-20241045,2026-07-13,2026-07-15,CUST-1078,Olivia Smith,Consumer,North,Chicago,Technology,Laptops,HP Spectre x360,2,999,0.05,1898.1,365.21,19.24,Standard Class,Credit Card,5
ORD-20241511,2026-07-13,2026-07-16,CUST-1143,Daniel Davis,Consumer,Central,Columbus,Furniture,Lighting,Ambient Floor Standing Lamp,1,119,0.15,101.15,12.24,12.1,Second Class,Credit Card,5
ORD-20241266,2026-07-14,2026-07-17,CUST-1125,Priya Verma,Consumer,West,Denver,Office Supplies,Packaging Supplies,Heavy Duty Packing Tape 6-Pack,4,21,0.05,79.8,26.61,33.35,Standard Class,Credit Card,5
ORD-20240594,2026-07-14,2026-07-17,CUST-1034,Ananya Johnson,Home Office,East,Philadelphia,Furniture,Desks,L-Shaped Corner Workstation,1,329,0.0,329.0,82.8,25.17,Standard Class,Credit Card,4
ORD-20240077,2026-07-16,2026-07-20,CUST-1090,Jessica Chopra,Consumer,South,Dallas,Technology,Laptops,Lenovo ThinkPad X1,1,1299,0.1,1169.1,176.62,15.11,First Class,UPI / Instant Transfer,4
ORD-20240781,2026-07-17,2026-07-20,CUST-1089,Daniel Anderson,Home Office,East,Pittsburgh,Office Supplies,Paper & Notebooks,Premium Copy Paper 5-Pack,1,39,0.05,37.05,8.34,22.51,Standard Class,UPI / Instant Transfer,5
ORD-20241501,2026-07-17,2026-07-22,CUST-1193,Sophia Gupta,Home Office,East,Pittsburgh,Technology,Accessories,Sony WH-1000XM5 Headphones,2,349,0.05,663.1,141.32,21.31,Second Class,UPI / Instant Transfer,3
ORD-20241590,2026-07-17,2026-07-21,CUST-1202,Ananya Deshmukh,Consumer,North,Minneapolis,Office Supplies,Packaging Supplies,Bubble Cushion Wrap Roll,2,28,0.05,53.2,17.54,32.97,Second Class,Net Banking,4
ORD-20240400,2026-07-18,2026-07-19,CUST-1165,Daniel Mehta,Consumer,East,Philadelphia,Office Supplies,Packaging Supplies,Bubble Cushion Wrap Roll,3,28,0.2,67.2,15.38,22.89,Standard Class,Net Banking,3
ORD-20241468,2026-07-18,2026-07-22,CUST-1245,Kavita Chopra,Consumer,West,Phoenix,Office Supplies,Packaging Supplies,Heavy Duty Packing Tape 6-Pack,1,21,0.15,17.85,3.68,20.62,Standard Class,UPI / Instant Transfer,5
ORD-20240965,2026-07-18,2026-07-21,CUST-1130,Rahul Williams,Consumer,South,Houston,Technology,Smart Watches,Garmin Venu 3,1,449,0.0,449.0,120.34,26.8,Second Class,UPI / Instant Transfer,5
ORD-20240845,2026-07-19,2026-07-22,CUST-1042,Michael Verma,Consumer,South,Miami,Technology,Laptops,MacBook Air M2,1,1199,0.0,1199.0,357.28,29.8,First Class,UPI / Instant Transfer,1
ORD-20240523,2026-07-19,2026-07-22,CUST-1102,Pooja Patel,Corporate,South,Houston,Furniture,Lighting,Ambient Floor Standing Lamp,1,119,0.0,119.0,26.16,21.98,Second Class,Debit Card,5
ORD-20240416,2026-07-19,2026-07-24,CUST-1038,Sophia Reddy,Consumer,Central,Indianapolis,Furniture,Chairs,Ergonomic Mesh Office Chair,1,249,0.15,211.65,30.83,14.57,First Class,Debit Card,5
ORD-20240686,2026-07-20,2026-07-23,CUST-1041,Sophia Reddy,Consumer,North,Chicago,Office Supplies,Packaging Supplies,Heavy Duty Packing Tape 6-Pack,3,21,0.0,63.0,16.96,26.92,Second Class,UPI / Instant Transfer,5
ORD-20240690,2026-07-21,2026-07-24,CUST-1179,Michael Chopra,Home Office,Central,Kansas City,Furniture,Chairs,Executive Leather Recliner,4,399,0.0,1596.0,225.26,14.11,Standard Class,Credit Card,5
ORD-20240284,2026-07-21,2026-07-23,CUST-1239,Vikram Chopra,Corporate,West,Seattle,Technology,Phones,Apple iPhone 15 Pro,12,999,0.1,10789.2,2728.81,25.29,Standard Class,UPI / Instant Transfer,5
ORD-20241484,2026-07-21,2026-07-23,CUST-1227,Alex Chopra,Home Office,West,San Francisco,Technology,Laptops,HP Spectre x360,1,999,0.05,949.05,164.22,17.3,Standard Class,Credit Card,4
ORD-20240255,2026-07-21,2026-07-24,CUST-1207,Priya Williams,Consumer,North,New York,Furniture,Lighting,Ambient Floor Standing Lamp,4,119,0.05,452.2,40.42,8.94,Standard Class,Net Banking,5
ORD-20240614,2026-07-21,2026-07-24,CUST-1187,James Wilson,Corporate,East,Pittsburgh,Office Supplies,Packaging Supplies,Bubble Cushion Wrap Roll,1,28,0.15,23.8,7.71,32.39,Second Class,Debit Card,5
ORD-20240497,2026-07-22,2026-07-25,CUST-1046,Rahul Taylor,Corporate,South,Atlanta,Technology,Accessories,Keychron K2 Mechanical Keyboard,1,89,0.1,80.1,10.37,12.95,Second Class,Debit Card,5
ORD-20241003,2026-07-23,2026-07-26,CUST-1097,Michael Sharma,Corporate,West,San Francisco,Technology,Smart Watches,Apple Watch Series 9,9,399,0.15,3052.35,234.48,7.68,First Class,Net Banking,4
ORD-20241379,2026-07-23,2026-07-26,CUST-1229,Jessica Sharma,Home Office,Central,Indianapolis,Furniture,Chairs,Executive Leather Recliner,1,399,0.0,399.0,67.71,16.97,First Class,Net Banking,5
ORD-20241708,2026-07-23,2026-07-27,CUST-1212,Pooja Sharma,Corporate,West,San Francisco,Furniture,Lighting,Architect LED Desk Lamp,1,79,0.25,59.25,2.4,4.05,Standard Class,UPI / Instant Transfer,2
ORD-20241061,2026-07-23,2026-07-28,CUST-1096,Pooja Patel,Consumer,North,Minneapolis,Furniture,Chairs,Steelcase Series 1 Task Chair,3,499,0.05,1422.15,219.36,15.42,Second Class,UPI / Instant Transfer,4
ORD-20241726,2026-07-23,2026-07-24,CUST-1031,Pooja Singh,Corporate,Central,Columbus,Technology,Smart Watches,Garmin Venu 3,3,449,0.1,1212.3,295.52,24.38,Standard Class,UPI / Instant Transfer,5
ORD-20240640,2026-07-24,2026-07-28,CUST-1069,Ananya Jones,Consumer,Central,Nashville,Office Supplies,Paper & Notebooks,Moleskine Executive Journal,3,24,0.1,64.8,23.39,36.1,Standard Class,Debit Card,5
ORD-20241203,2026-07-25,2026-07-27,CUST-1236,Kavita Brown,Corporate,North,Detroit,Technology,Phones,Apple iPhone 15 Pro,1,999,0.15,849.15,112.92,13.3,Standard Class,Debit Card,5
ORD-20241296,2026-07-25,2026-07-29,CUST-1147,Olivia Patel,Corporate,South,Miami,Office Supplies,Stationery,Pilot G2 Gel Pens Bulk Pack,3,22,0.15,56.1,10.98,19.57,Standard Class,Credit Card,5
ORD-20241106,2026-07-25,2026-07-29,CUST-1104,Rohan Davis,Consumer,East,Washington D.C.,Office Supplies,Binders & Organizers,Cable Management Tray Kit,1,25,0.0,25.0,9.32,37.28,Standard Class,Cash on Delivery,4
ORD-20240387,2026-07-25,2026-07-29,CUST-1042,Michael Verma,Consumer,North,Minneapolis,Technology,Smart Watches,Samsung Galaxy Watch 6,3,299,0.05,852.15,208.0,24.41,Standard Class,Net Banking,4
ORD-20241676,2026-07-28,2026-08-01,CUST-1024,Priya Williams,Consumer,West,San Francisco,Technology,Laptops,Lenovo ThinkPad X1,1,1299,0.0,1299.0,369.04,28.41,Second Class,Credit Card,3
ORD-20240489,2026-07-29,2026-08-01,CUST-1063,James Davis,Corporate,South,Atlanta,Technology,Phones,Google Pixel 8,3,699,0.1,1887.3,261.49,13.86,Second Class,Credit Card,5
ORD-20241283,2026-07-29,2026-08-02,CUST-1092,Kavita Williams,Corporate,Central,Kansas City,Technology,Laptops,Lenovo ThinkPad X1,1,1299,0.05,1234.05,197.15,15.98,Standard Class,UPI / Instant Transfer,4
ORD-20240883,2026-07-29,2026-07-30,CUST-1057,Emily Patel,Consumer,North,Detroit,Furniture,Desks,Minimalist Solid Wood Desk,2,419,0.05,796.1,63.65,8.0,Standard Class,UPI / Instant Transfer,5
ORD-20241101,2026-07-31,2026-08-03,CUST-1008,Rahul Reddy,Home Office,West,Seattle,Furniture,Storage,Modular Wooden Bookshelf,8,189,0.0,1512.0,332.21,21.97,Standard Class,Credit Card,5
ORD-20240473,2026-08-02,2026-08-05,CUST-1098,Alex Wilson,Consumer,West,Denver,Furniture,Desks,Minimalist Solid Wood Desk,4,419,0.0,1676.0,223.08,13.31,Second Class,Credit Card,5
ORD-20240765,2026-08-03,2026-08-05,CUST-1239,Vikram Chopra,Corporate,Central,Kansas City,Furniture,Lighting,Architect LED Desk Lamp,8,79,0.0,632.0,177.41,28.07,Standard Class,Credit Card,5
ORD-20240902,2026-08-03,2026-08-05,CUST-1028,Rahul Patel,Consumer,West,Denver,Technology,Laptops,Dell XPS 13,1,1099,0.05,1044.05,282.54,27.06,Standard Class,Credit Card,5
ORD-20240732,2026-08-04,2026-08-07,CUST-1165,Daniel Mehta,Consumer,East,Pittsburgh,Office Supplies,Packaging Supplies,Heavy Duty Packing Tape 6-Pack,3,21,0.0,63.0,26.89,42.68,Standard Class,Debit Card,5
ORD-20241305,2026-08-04,2026-08-08,CUST-1090,Jessica Chopra,Consumer,North,Boston,Furniture,Lighting,Architect LED Desk Lamp,3,79,0.15,201.45,18.38,9.12,Standard Class,Credit Card,5
ORD-20240545,2026-08-05,2026-08-09,CUST-1044,Michael Williams,Home Office,North,Boston,Technology,Accessories,Logitech MX Master 3S Mouse,2,99,0.3,138.6,6.25,4.51,Second Class,Credit Card,4
ORD-20240166,2026-08-05,2026-08-07,CUST-1140,Neha Smith,Home Office,Central,Kansas City,Technology,Accessories,Sony WH-1000XM5 Headphones,5,349,0.05,1657.75,326.6,19.7,Standard Class,UPI / Instant Transfer,4
ORD-20241245,2026-08-05,2026-08-08,CUST-1109,Emily Reddy,Consumer,South,Atlanta,Office Supplies,Paper & Notebooks,Moleskine Executive Journal,1,24,0.25,18.0,1.35,7.5,Standard Class,Cash on Delivery,5
ORD-20241515,2026-08-05,2026-08-06,CUST-1178,Olivia Chopra,Consumer,West,San Francisco,Technology,Phones,Samsung Galaxy S24,1,849,0.0,849.0,200.1,23.57,Standard Class,Credit Card,5
ORD-20240833,2026-08-06,2026-08-08,CUST-1110,Emily Brown,Consumer,East,Washington D.C.,Office Supplies,Stationery,Sharpie Highlighters Box,1,16,0.0,16.0,5.09,31.81,Standard Class,Credit Card,4
ORD-20241443,2026-08-06,2026-08-09,CUST-1150,Pooja Taylor,Consumer,South,Atlanta,Furniture,Desks,Motorized Standing Desk 60x30,1,549,0.25,411.75,-62.44,-15.16,Standard Class,Credit Card,5
ORD-20241336,2026-08-06,2026-08-10,CUST-1210,James Johnson,Consumer,South,Houston,Furniture,Chairs,Ergonomic Mesh Office Chair,2,249,0.0,498.0,97.8,19.64,Standard Class,Credit Card,5
ORD-20240835,2026-08-07,2026-08-10,CUST-1163,Priya Patel,Corporate,West,Phoenix,Office Supplies,Paper & Notebooks,Spiral Dot Grid Notebook Pack,1,19,0.0,19.0,6.82,35.89,Standard Class,Credit Card,5
ORD-20240943,2026-08-08,2026-08-11,CUST-1083,Alex Patel,Consumer,West,Seattle,Technology,Laptops,MacBook Air M2,3,1199,0.1,3237.3,365.52,11.29,Standard Class,Debit Card,5
ORD-20240974,2026-08-08,2026-08-10,CUST-1135,Jessica Wilson,Home Office,West,Los Angeles,Furniture,Lighting,Architect LED Desk Lamp,1,79,0.0,79.0,9.81,12.42,Standard Class,UPI / Instant Transfer,5
ORD-20241692,2026-08-09,2026-08-13,CUST-1056,Vikram Davis,Home Office,North,Chicago,Office Supplies,Binders & Organizers,Desktop Acrylic Organizer,3,34,0.1,91.8,27.49,29.95,Standard Class,UPI / Instant Transfer,5
ORD-20241020,2026-08-10,2026-08-13,CUST-1088,Ananya Mehta,Corporate,East,Baltimore,Furniture,Lighting,Architect LED Desk Lamp,6,79,0.05,450.3,103.99,23.09,Standard Class,UPI / Instant Transfer,5
ORD-20240092,2026-08-10,2026-08-11,CUST-1014,Arjun Sharma,Consumer,West,Phoenix,Furniture,Desks,L-Shaped Corner Workstation,10,329,0.0,3290.0,970.31,29.49,Second Class,UPI / Instant Transfer,2
ORD-20241598,2026-08-10,2026-08-12,CUST-1225,Olivia Davis,Consumer,North,Chicago,Furniture,Desks,Motorized Standing Desk 60x30,4,549,0.15,1866.6,130.44,6.99,Same Day,Cash on Delivery,5
ORD-20241733,2026-08-10,2026-08-14,CUST-1238,Kavita Wilson,Consumer,West,San Francisco,Office Supplies,Stationery,Sharpie Highlighters Box,5,16,0.05,76.0,25.19,33.14,Second Class,Cash on Delivery,5
ORD-20241289,2026-08-10,2026-08-13,CUST-1242,Alex Iyer,Home Office,Central,Nashville,Furniture,Desks,L-Shaped Corner Workstation,2,329,0.0,658.0,151.11,22.97,First Class,Debit Card,5
ORD-20241465,2026-08-10,2026-08-11,CUST-1032,David Mehta,Consumer,East,Richmond,Technology,Smart Watches,Apple Watch Series 9,2,399,0.0,798.0,259.39,32.51,First Class,Debit Card,4
ORD-20241614,2026-08-11,2026-08-14,CUST-1199,Sarah Wilson,Home Office,Central,Columbus,Technology,Smart Watches,Apple Watch Series 9,4,399,0.0,1596.0,516.21,32.34,First Class,Cash on Delivery,5
ORD-20241329,2026-08-11,2026-08-14,CUST-1158,David Gupta,Corporate,Central,Nashville,Technology,Smart Watches,Garmin Venu 3,8,449,0.15,3053.2,303.69,9.95,Standard Class,Cash on Delivery,5
ORD-20241312,2026-08-11,2026-08-14,CUST-1154,Alex Davis,Consumer,North,Boston,Technology,Phones,Google Pixel 8,3,699,0.0,2097.0,695.03,33.14,First Class,Net Banking,5
ORD-20241314,2026-08-11,2026-08-12,CUST-1236,Kavita Brown,Corporate,West,Los Angeles,Office Supplies,Binders & Organizers,Desktop Acrylic Organizer,3,34,0.0,102.0,26.63,26.11,Standard Class,UPI / Instant Transfer,5
ORD-20240839,2026-08-12,2026-08-15,CUST-1033,James Johnson,Consumer,West,San Francisco,Furniture,Storage,Steel Storage Credenza,1,279,0.0,279.0,48.04,17.22,Standard Class,UPI / Instant Transfer,5
ORD-20240395,2026-08-13,2026-08-16,CUST-1081,Kavita Reddy,Home Office,Central,St. Louis,Furniture,Lighting,Ambient Floor Standing Lamp,3,119,0.0,357.0,91.63,25.67,Second Class,Credit Card,5
ORD-20240145,2026-08-14,2026-08-17,CUST-1074,Olivia Chopra,Corporate,West,San Francisco,Technology,Smart Watches,Samsung Galaxy Watch 6,10,299,0.15,2541.5,191.31,7.53,Standard Class,UPI / Instant Transfer,5
ORD-20240425,2026-08-18,2026-08-22,CUST-1140,Neha Smith,Home Office,South,Houston,Furniture,Storage,Modular Wooden Bookshelf,1,189,0.05,179.55,16.75,9.33,Standard Class,Debit Card,3
ORD-20241280,2026-08-18,2026-08-21,CUST-1079,Emily Sharma,Consumer,South,Houston,Furniture,Lighting,Architect LED Desk Lamp,1,79,0.15,67.15,7.78,11.59,Standard Class,UPI / Instant Transfer,4
ORD-20241090,2026-08-18,2026-08-20,CUST-1020,Priya Johnson,Consumer,East,Richmond,Office Supplies,Binders & Organizers,Heavy Duty Ring Binders 6-Pack,5,29,0.1,130.5,22.93,17.57,Same Day,Credit Card,5
ORD-20240793,2026-08-19,2026-08-22,CUST-1004,Priya Wilson,Corporate,North,New York,Office Supplies,Binders & Organizers,Cable Management Tray Kit,1,25,0.15,21.25,3.04,14.31,Second Class,Debit Card,4
ORD-20240961,2026-08-20,2026-08-23,CUST-1129,Emily Miller,Consumer,West,Denver,Technology,Laptops,Lenovo ThinkPad X1,1,1299,0.0,1299.0,304.15,23.41,Standard Class,UPI / Instant Transfer,5
ORD-20241616,2026-08-20,2026-08-23,CUST-1098,Alex Wilson,Consumer,West,Seattle,Furniture,Desks,Motorized Standing Desk 60x30,4,549,0.0,2196.0,479.66,21.84,Standard Class,Credit Card,1
ORD-20241422,2026-08-20,2026-08-23,CUST-1144,Ananya Verma,Consumer,West,Seattle,Furniture,Chairs,Gaming Bucket Chair,2,199,0.25,298.5,-48.13,-16.12,Same Day,Credit Card,5
ORD-20240573,2026-08-21,2026-08-24,CUST-1189,Aarav Singh,Corporate,West,Seattle,Office Supplies,Packaging Supplies,Bubble Cushion Wrap Roll,11,28,0.0,308.0,112.67,36.58,Standard Class,Credit Card,4
ORD-20240728,2026-08-22,2026-08-26,CUST-1169,Ananya Jones,Consumer,North,Detroit,Furniture,Desks,Minimalist Solid Wood Desk,1,419,0.05,398.05,61.62,15.48,Standard Class,Credit Card,3
ORD-20241375,2026-08-24,2026-08-26,CUST-1015,Ananya Brown,Consumer,Central,Indianapolis,Furniture,Lighting,Ambient Floor Standing Lamp,4,119,0.0,476.0,68.15,14.32,Standard Class,Credit Card,5
ORD-20241548,2026-08-24,2026-08-29,CUST-1147,Olivia Patel,Corporate,East,Washington D.C.,Technology,Smart Watches,Samsung Galaxy Watch 6,1,299,0.25,224.25,9.24,4.12,Standard Class,UPI / Instant Transfer,5
ORD-20241795,2026-08-25,2026-08-30,CUST-1130,Rahul Williams,Consumer,South,Atlanta,Technology,Smart Watches,Samsung Galaxy Watch 6,1,299,0.0,299.0,72.61,24.28,Standard Class,Net Banking,5
ORD-20240504,2026-08-26,2026-08-28,CUST-1147,Olivia Patel,Corporate,North,Detroit,Technology,Phones,OnePlus 12,3,649,0.05,1849.65,468.94,25.35,Standard Class,Credit Card,4
ORD-20240508,2026-08-26,2026-08-29,CUST-1148,Pooja Williams,Consumer,South,Atlanta,Office Supplies,Binders & Organizers,Cable Management Tray Kit,5,25,0.05,118.75,27.25,22.95,Standard Class,Credit Card,5
ORD-20241028,2026-08-26,2026-08-27,CUST-1157,Pooja Mehta,Corporate,South,Dallas,Office Supplies,Packaging Supplies,Bubble Cushion Wrap Roll,5,28,0.1,126.0,26.88,21.33,Standard Class,Net Banking,5
ORD-20240579,2026-08-26,2026-08-30,CUST-1201,Vikram Reddy,Corporate,East,Baltimore,Office Supplies,Packaging Supplies,Heavy Duty Packing Tape 6-Pack,12,21,0.0,252.0,71.87,28.52,Standard Class,Debit Card,4
ORD-20240860,2026-08-27,2026-08-29,CUST-1068,Kavita Brown,Corporate,East,Richmond,Furniture,Storage,Steel Storage Credenza,1,279,0.05,265.05,63.41,23.92,Standard Class,Credit Card,3
ORD-20241267,2026-08-28,2026-08-30,CUST-1164,Sophia Chopra,Corporate,North,Boston,Furniture,Chairs,Steelcase Series 1 Task Chair,2,499,0.1,898.2,121.75,13.55,First Class,Cash on Delivery,5
ORD-20240958,2026-08-28,2026-09-02,CUST-1157,Pooja Mehta,Corporate,East,Washington D.C.,Office Supplies,Paper & Notebooks,Spiral Dot Grid Notebook Pack,1,19,0.15,16.15,4.43,27.43,First Class,UPI / Instant Transfer,5
ORD-20241357,2026-08-29,2026-09-01,CUST-1226,Priya Williams,Consumer,South,Austin,Technology,Smart Watches,Garmin Venu 3,3,449,0.05,1279.65,391.14,30.57,Standard Class,Credit Card,5
ORD-20240950,2026-08-29,2026-09-01,CUST-1003,Pooja Gupta,Corporate,South,Dallas,Office Supplies,Packaging Supplies,Bubble Cushion Wrap Roll,2,28,0.0,56.0,16.08,28.71,Standard Class,UPI / Instant Transfer,4
ORD-20241118,2026-08-29,2026-09-01,CUST-1207,Priya Williams,Consumer,West,Denver,Office Supplies,Packaging Supplies,Bubble Cushion Wrap Roll,3,28,0.0,84.0,32.57,38.77,Standard Class,UPI / Instant Transfer,5
ORD-20240278,2026-08-29,2026-08-31,CUST-1187,James Wilson,Corporate,Central,Nashville,Office Supplies,Binders & Organizers,Desktop Acrylic Organizer,8,34,0.3,190.4,14.13,7.42,Second Class,Credit Card,4
ORD-20240372,2026-08-29,2026-09-01,CUST-1046,Rahul Taylor,Corporate,Central,Nashville,Furniture,Lighting,Ambient Floor Standing Lamp,4,119,0.0,476.0,135.13,28.39,Second Class,Credit Card,5
ORD-20240242,2026-08-29,2026-09-01,CUST-1147,Olivia Patel,Corporate,West,Phoenix,Technology,Laptops,Lenovo ThinkPad X1,6,1299,0.1,7014.6,1826.78,26.04,First Class,UPI / Instant Transfer,5
ORD-20240223,2026-08-31,2026-09-02,CUST-1195,Neha Iyer,Consumer,West,Seattle,Technology,Laptops,Dell XPS 13,1,1099,0.25,824.25,-50.43,-6.12,Standard Class,Credit Card,5
